seed,turn,greedy_step,phase,pool_active,best_die,fatigue_before,energy_budget,energy_used_before,energy_remaining_before,candidate,category,energy_cost,rpe,rpe_max,ctl_gain,quality_gain,legal,illegal_reason,excluded_only_by_rpe,delta_energy_term,delta_quality_term,delta_rpe_term,delta_fatigue_term,marginal_utility,decomposition_residual,utility_before,utility_after,projected_spend,projected_offset,projected_q,projected_q_delta,projected_s,projected_s_delta,projected_recovery,projected_recovery_delta,projected_fatigue_raw,projected_fatigue_final,projected_overtraining,distance_to_ot,bust_probability,rank,selected,decision,stop_reason,available_count,pool_permanent,cumulative_ctl_before,quality_total_before,completions_before,dominant_negative_term,fatigue_weight_break_even,last_selected_margin,margin_drop_from_last_selection
0,1,3,weighted_greedy,6-6-6-6,6,0,11,4,7,EF1,EF,1,1,4,1,0,True,,False,0.2727272727272727,0.0,-0.02083333333333333,-0.75,-0.49810606060606055,5.551115123125783e-17,3.215909090909091,2.7178030303030303,5,-9,0,0,0,0,-4,0,-4,-4,False,10,0.0,1,False,best_rejected_stop,marginal_utility_negative,2,6-6-6-6,0,0,{},delta_fatigue_term,0.08396464646464646,0.5454545454545454,1.043560606060606
0,2,6,weighted_greedy,6-6-6-6,6,-4,13,12,1,EF1,EF,1,1,5,1,0,True,,False,0.23076923076923084,0.0,-0.011666666666666672,-0.25,-0.030897435897435876,-4.163336342344337e-17,5.889230769230769,5.858333333333333,13,-1,0,0,0,0,0,0,-4,-4,False,10,0.0,1,False,best_rejected_stop,marginal_utility_negative,6,6-6-6-6,4,0,"{""EF2"": 2}",delta_fatigue_term,0.21910256410256418,0.21326923076923077,0.24416666666666664
0,7,3,weighted_greedy,8-6-6-6-6,8,-6,15,10,5,EF5,EF,5,5,6,5,0,True,,False,1.0,0.0,0.0,-1.0,-8.881784197001252e-16,-8.881784197001252e-16,4.958333333333333,4.958333333333333,15,-4,0,0,0,0,-1,3,-7,-7,False,15,0.0,1,False,best_rejected_stop,marginal_utility_negative,12,8-6-6-6-6,61,6,"{""EF1"": 1, ""EF2"": 7, ""EF3"": 3, ""EF4"": 2, ""EF5"": 1, ""SL5"": 1, ""Seuil3"": 2, ""Seuil4"": 2, ""Seuil5"": 1}",delta_fatigue_term,0.25,,
0,9,3,weighted_greedy,8-8-6-6-6,8,-8,17,11,6,EF5,EF,5,5,8,5,0,True,,False,0.8823529411764701,0.0,-0.005208333333333343,-1.0,-0.12285539215686292,3.0531133177191805e-16,4.8630514705882355,4.740196078431373,16,-4,0,0,0,0,-1,3,-9,-8,False,16,0.0,1,False,best_rejected_stop,marginal_utility_negative,13,8-8-6-6-6,88,8,"{""EF1"": 1, ""EF2"": 8, ""EF3"": 3, ""EF4"": 3, ""EF5"": 3, ""SL5"": 2, ""SL6"": 1, ""Seuil3"": 2, ""Seuil4"": 2, ""Seuil5"": 1}",delta_fatigue_term,0.2192861519607842,,
0,10,3,weighted_greedy,8-8-6-6-6,8,-8,13,11,2,EF1,EF,1,1,6,1,0,True,,False,0.23076923076923084,0.0,-0.0625,-0.5,-0.33173076923076916,0.0,5.517628205128205,5.185897435897436,12,-8,0,0,0,0,-4,0,-12,-8,False,16,0.0,1,False,best_rejected_stop,marginal_utility_negative,14,8-8-6-6-6,99,9,"{""EF1"": 1, ""EF2"": 8, ""EF3"": 3, ""EF4"": 3, ""EF5"": 4, ""SL5"": 2, ""SL6"": 2, ""Seuil3"": 2, ""Seuil4"": 2, ""Seuil5"": 1}",delta_fatigue_term,0.08413461538461542,,
0,11,5,weighted_greedy,8-8-6-6-6-6,8,-8,25,17,8,EF4,EF,4,4,8,4,0,True,,False,0.48,0.0,-0.0015624999999999944,-0.5,-0.021562500000000817,-8.049116928532385e-16,5.6728125,5.65125,21,-2,0,0,0,0,0,3,-8,-8,False,16,0.0,1,False,best_rejected_stop,marginal_utility_negative,14,8-8-6-6-6-6,110,10,"{""EF1"": 1, ""EF2"": 8, ""EF3"": 3, ""EF4"": 3, ""EF5"": 5, ""SL5"": 2, ""SL6"": 3, ""Seuil3"": 2, ""Seuil4"": 2, ""Seuil5"": 1}",delta_fatigue_term,0.23921874999999998,0.47739583333333346,0.4989583333333343
0,14,6,weighted_greedy,8-8-8-6-6-6,8,-8,23,22,1,EF1,EF,1,1,6,1,0,True,,False,0.13043478260869534,0.0,-0.02361111111111111,-0.25,-0.1431763285024159,-1.3877787807814457e-16,6.052898550724638,5.909722222222222,23,-1,0,0,0,0,0,0,-8,-8,False,16,0.0,1,False,best_rejected_stop,marginal_utility_negative,15,8-8-8-6-6-6,163,15,"{""EF1"": 2, ""EF2"": 10, ""EF3"": 3, ""EF4"": 6, ""EF5"": 7, ""SL5"": 2, ""SL6"": 3, ""SL7"": 2, ""Seuil3"": 2, ""Seuil4"": 5, ""Seuil5"": 1}",delta_fatigue_term,0.10682367149758423,0.01757246376811672,0.16074879227053263
0,15,5,weighted_greedy,8-8-8-8-6-6,8,-8,24,19,5,EF4,EF,4,4,8,4,0,True,,False,0.5,0.0,-0.004687500000000011,-0.5,-0.004687500000000178,-1.6653345369377348e-16,6.0234375,6.01875,23,-2,0,0,0,0,0,3,-8,-8,False,16,0.0,1,False,best_rejected_stop,marginal_utility_negative,15,8-8-8-8-6-6,185,17,"{""EF1"": 2, ""EF2"": 10, ""EF3"": 4, ""EF4"": 7, ""EF5"": 8, ""SL5"": 2, ""SL6"": 4, ""SL7"": 2, ""Seuil3"": 2, ""Seuil4"": 6, ""Seuil5"": 1}",delta_fatigue_term,0.24765625,0.4921875,0.4968750000000002
0,16,5,weighted_greedy,8-8-8-8-6-6,8,-8,24,19,5,EF4,EF,4,4,7,4,0,True,,False,0.5,0.0,-0.005357142857142866,-0.5,-0.005357142857142172,6.938893903907228e-16,6.044642857142857,6.039285714285715,23,-2,0,0,0,0,0,3,-8,-8,False,16,0.0,1,False,best_rejected_stop,marginal_utility_negative,15,8-8-8-8-6-6,204,19,"{""EF1"": 2, ""EF2"": 11, ""EF3"": 4, ""EF4"": 7, ""EF5"": 9, ""SL5"": 2, ""SL6"": 4, ""SL7"": 2, ""SL8"": 1, ""Seuil3"": 2, ""Seuil4"": 7, ""Seuil5"": 1}",delta_fatigue_term,0.24732142857142858,0.49107142857142794,0.4964285714285701
1,1,3,weighted_greedy,6-6-6-6,6,0,10,4,6,EF1,EF,1,1,5,1,0,True,,False,0.2999999999999998,0.0,-0.016666666666666663,-0.75,-0.46666666666666723,-3.885780586188048e-16,3.3000000000000003,2.8333333333333335,5,-9,0,0,0,0,-4,0,-4,-4,False,10,0.0,1,False,best_rejected_stop,marginal_utility_negative,2,6-6-6-6,0,0,{},delta_fatigue_term,0.09444444444444439,0.6000000000000001,1.0666666666666673
1,4,4,weighted_greedy,6-6-6-6,6,-4,13,12,1,EF1,EF,1,1,4,1,0,True,,False,0.23076923076923084,0.0,-0.046875,-0.25,-0.06610576923076916,0.0,4.519230769230769,4.453125,13,-1,0,0,0,0,0,0,-4,-4,False,10,0.0,1,False,best_rejected_stop,marginal_utility_negative,11,6-6-6-6,28,3,"{""EF2"": 2, ""EF3"": 2, ""EF4"": 2, ""Seuil3"": 2, ""Seuil4"": 1}",delta_fatigue_term,0.18389423076923084,0.42307692307692246,0.4891826923076916
1,6,3,weighted_greedy,8-6-6-6-6,8,-4,11,10,1,EF1,EF,1,1,5,1,0,True,,False,0.27272727272727293,0.0,-0.06666666666666668,-0.5,-0.29393939393939306,6.661338147750939e-16,5.727272727272727,5.433333333333334,11,-8,0,0,0,0,-4,0,-8,-8,False,16,0.0,1,False,best_rejected_stop,marginal_utility_negative,12,8-6-6-6-6,53,5,"{""EF2"": 2, ""EF3"": 3, ""EF4"": 4, ""EF5"": 1, ""SL5"": 1, ""Seuil3"": 2, ""Seuil4"": 2}",delta_fatigue_term,0.10303030303030312,,
1,7,4,weighted_greedy,8-6-6-6-6,8,-8,16,15,1,EF1,EF,1,1,6,1,0,True,,False,0.1875,0.0,-0.041666666666666685,-0.25,-0.10416666666666607,6.106226635438361e-16,4.770833333333333,4.666666666666667,16,-3,0,0,0,0,0,1,-8,-8,False,16,0.0,1,False,best_rejected_stop,marginal_utility_negative,13,8-6-6-6-6,63,6,"{""EF2"": 2, ""EF3"": 3, ""EF4"": 4, ""EF5"": 2, ""SL5"": 2, ""Seuil3"": 2, ""Seuil4"": 2}",delta_fatigue_term,0.14583333333333331,0.22916666666666696,0.33333333333333304
1,8,5,weighted_greedy,8-6-6-6-6,8,-8,19,18,1,EF1,EF,1,1,6,1,0,True,,False,0.1578947368421053,0.0,-0.029166666666666674,-0.5,-0.3712719298245615,-1.1102230246251565e-16,5.779605263157895,5.408333333333333,19,1,1,1,0,0,0,0,-7,-7,False,15,0.0,1,False,best_rejected_stop,marginal_utility_negative,13,8-6-6-6-6,78,7,"{""EF2"": 2, ""EF3"": 3, ""EF4"": 5, ""EF5"": 3, ""SL5"": 2, ""SL6"": 1, ""Seuil3"": 2, ""Seuil4"": 2}",delta_fatigue_term,0.06436403508771932,1.452850877192983,1.8241228070175444
1,10,6,weighted_greedy,8-8-6-6-6-6,8,-8,22,21,1,EF1,EF,1,1,6,1,0,True,,False,0.13636363636363624,0.0,-0.022222222222222254,-0.25,-0.13585858585858546,5.551115123125783e-16,6.038636363636364,5.902777777777778,22,-1,0,0,0,0,0,0,-8,-8,False,16,0.0,1,False,best_rejected_stop,marginal_utility_negative,14,8-8-6-6-6-6,114,10,"{""EF2"": 3, ""EF3"": 3, ""EF4"": 7, ""EF5"": 5, ""SL5"": 2, ""SL6"": 2, ""SL7"": 1, ""Seuil3"": 3, ""Seuil4"": 2}",delta_fatigue_term,0.11414141414141399,0.043371212121211755,0.1792297979797972
1,11,5,weighted_greedy,8-8-8-6-6-6,8,-8,24,18,6,EF4,EF,4,4,7,4,0,True,,False,0.5,0.0,-0.0035714285714285587,-0.5,-0.0035714285714281147,4.440892098500626e-16,5.910714285714286,5.9071428571428575,22,-2,0,0,0,0,0,3,-8,-8,False,16,0.0,1,False,best_rejected_stop,marginal_utility_negative,14,8-8-8-6-6-6,135,12,"{""EF2"": 4, ""EF3"": 3, ""EF4"": 8, ""EF5"": 6, ""SL5"": 2, ""SL6"": 3, ""SL7"": 1, ""Seuil3"": 3, ""Seuil4"": 3}",delta_fatigue_term,0.24821428571428572,0.4940476190476195,0.4976190476190476
1,12,6,weighted_greedy,8-8-8-6-6-6,8,-8,23,22,1,EF1,EF,1,1,7,1,0,True,,False,0.13043478260869534,0.0,-0.02023809523809525,-0.25,-0.13980331262940027,-3.608224830031759e-16,6.026708074534162,5.886904761904762,23,-1,0,0,0,0,0,0,-8,-8,False,16,0.0,1,False,best_rejected_stop,marginal_utility_negative,15,8-8-8-6-6-6,153,14,"{""EF2"": 5, ""EF3"": 3, ""EF4"": 8, ""EF5"": 7, ""SL5"": 2, ""SL6"": 3, ""SL7"": 2, ""Seuil3"": 3, ""Seuil4"": 4}",delta_fatigue_term,0.1101966873706001,0.018167701863355035,0.1579710144927553
1,13,5,weighted_greedy,8-8-8-8-6-6,8,-8,26,19,7,EF2,EF,2,2,8,2,0,True,,False,0.23076923076923128,0.0,-0.017187499999999994,-0.25,-0.03641826923076863,8.326672684688674e-17,5.840745192307692,5.804326923076923,21,-4,0,0,0,0,-1,2,-9,-8,False,16,0.0,1,False,best_rejected_stop,marginal_utility_negative,15,8-8-8-8-6-6,175,16,"{""EF2"": 6, ""EF3"": 3, ""EF4"": 9, ""EF5"": 8, ""SL5"": 2, ""SL6"": 3, ""SL7"": 3, ""Seuil3"": 3, ""Seuil4"": 5}",delta_fatigue_term,0.2135817307692313,0.4537259615384608,0.4901442307692294
1,14,5,weighted_greedy,8-8-8-8-6-6,8,-8,24,19,5,EF4,EF,4,4,8,4,0,True,,False,0.5,0.0,-0.004687500000000011,-0.5,-0.004687500000000178,-1.6653345369377348e-16,6.0234375,6.01875,23,-2,0,0,0,0,0,3,-8,-8,False,16,0.0,1,False,best_rejected_stop,marginal_utility_negative,15,8-8-8-8-6-6,194,18,"{""EF2"": 7, ""EF3"": 3, ""EF4"": 9, ""EF5"": 9, ""SL5"": 2, ""SL6"": 3, ""SL7"": 3, ""SL8"": 1, ""Seuil3"": 3, ""Seuil4"": 6}",delta_fatigue_term,0.24765625,0.4921875,0.4968750000000002
2,1,3,weighted_greedy,6-6-6-6,6,0,6,4,2,EF2,EF,2,2,3,2,0,True,,False,1.0,0.0,0.0,-1.25,-0.24999999999999956,4.440892098500626e-16,4.166666666666667,3.9166666666666665,6,-8,0,0,0,0,-4,0,-4,-4,False,10,0.0,1,False,best_rejected_stop,marginal_utility_negative,2,6-6-6-6,0,0,{},delta_fatigue_term,0.2,0.9999999999999991,1.2499999999999987
2,7,3,weighted_greedy,8-8-6-6-6,8,-6,17,11,6,EF5,EF,5,5,6,5,0,True,,False,0.8823529411764701,0.0,-0.0069444444444444475,-1.0,-0.12459150326797364,6.938893903907228e-16,4.9203431372549025,4.795751633986928,16,-4,0,0,0,0,-1,3,-7,-7,False,15,0.0,1,False,best_rejected_stop,marginal_utility_negative,12,8-8-6-6-6,72,10,"{""EF1"": 1, ""EF2"": 3, ""EF3"": 4, ""EF4"": 2, ""EF5"": 2, ""SL5"": 2, ""Seuil3"": 7, ""Seuil4"": 1}",delta_fatigue_term,0.21885212418300642,,
2,8,3,weighted_greedy,8-8-6-6-6,8,-8,14,11,3,EF3,EF,3,3,6,3,0,True,,False,0.6428571428571428,0.0,-0.03472222222222221,-0.75,-0.14186507936507908,3.3306690738754696e-16,5.336309523809524,5.194444444444445,14,-6,0,0,0,0,-3,1,-11,-8,False,16,0.0,1,False,best_rejected_stop,marginal_utility_negative,12,8-8-6-6-6,83,11,"{""EF1"": 1, ""EF2"": 3, ""EF3"": 4, ""EF4"": 2, ""EF5"": 3, ""SL5"": 2, ""SL6"": 1, ""Seuil3"": 7, ""Seuil4"": 1}",delta_fatigue_term,0.2027116402116402,,
2,9,3,weighted_greedy,8-8-8-6-6,8,-8,17,11,6,EF1,EF,1,1,6,1,0,True,,False,0.17647058823529393,0.0,-0.0625,-0.75,-0.6360294117647056,4.440892098500626e-16,5.6703431372549025,5.034313725490196,12,-9,0,0,0,0,-4,0,-12,-8,False,16,0.0,1,False,best_rejected_stop,marginal_utility_negative,13,8-8-8-6-6,94,12,"{""EF1"": 1, ""EF2"": 3, ""EF3"": 4, ""EF4"": 2, ""EF5"": 4, ""SL5"": 2, ""SL6"": 2, ""Seuil3"": 7, ""Seuil4"": 1}",delta_fatigue_term,0.037990196078431314,,
2,10,5,weighted_greedy,8-8-8-6-6-6,8,-8,27,18,9,EF2,EF,2,2,7,2,0,True,,False,0.22222222222222232,0.0,-0.017857142857142877,-0.25,-0.04563492063492003,5.273559366969494e-16,5.660714285714286,5.615079365079366,20,-4,0,0,0,0,-1,2,-9,-8,False,16,0.0,1,False,best_rejected_stop,marginal_utility_negative,13,8-8-8-6-6-6,105,13,"{""EF1"": 1, ""EF2"": 3, ""EF3"": 4, ""EF4"": 2, ""EF5"": 5, ""SL5"": 2, ""SL6"": 3, ""Seuil3"": 7, ""Seuil4"": 1}",delta_fatigue_term,0.20436507936507944,0.43849206349206415,0.4841269841269842
2,11,5,weighted_greedy,8-8-8-6-6-6,8,-8,26,18,8,EF2,EF,2,2,8,2,0,True,,False,0.23076923076923128,0.0,-0.015625,-0.25,-0.034855769230768274,4.440892098500626e-16,5.717548076923077,5.682692307692308,20,-4,0,0,0,0,-1,2,-9,-8,False,16,0.0,1,False,best_rejected_stop,marginal_utility_negative,14,8-8-8-6-6-6,123,15,"{""EF1"": 1, ""EF2"": 4, ""EF3"": 4, ""EF4"": 2, ""EF5"": 6, ""SL5"": 2, ""SL6"": 3, ""SL7"": 1, ""Seuil3"": 7, ""Seuil4"": 2}",delta_fatigue_term,0.21514423076923128,0.45633012820512775,0.491185897435896
2,12,5,weighted_greedy,8-8-8-8-6-6,8,-8,27,19,8,EF2,EF,2,2,8,2,0,True,,False,0.22222222222222232,0.0,-0.017187499999999994,-0.25,-0.044965277777777146,5.273559366969494e-16,5.759548611111111,5.714583333333334,21,-4,0,0,0,0,-1,2,-9,-8,False,16,0.0,1,False,best_rejected_stop,marginal_utility_negative,15,8-8-8-8-6-6,141,17,"{""EF1"": 1, ""EF2"": 5, ""EF3"": 4, ""EF4"": 2, ""EF5"": 7, ""SL5"": 2, ""SL6"": 3, ""SL7"": 2, ""Seuil3"": 7, ""Seuil4"": 3}",delta_fatigue_term,0.20503472222222233,0.43663194444444375,0.4815972222222209
2,13,5,weighted_greedy,8-8-8-8-6-6,8,-8,30,19,11,EF2,EF,2,2,8,2,0,True,,False,0.19999999999999973,0.0,-0.017187499999999994,-0.25,-0.06718750000000107,-8.049116928532385e-16,5.5484375,5.481249999999999,21,-4,0,0,0,0,-1,2,-9,-8,False,16,0.0,1,False,best_rejected_stop,marginal_utility_negative,15,8-8-8-8-6-6,160,19,"{""EF1"": 1, ""EF2"": 6, ""EF3"": 4, ""EF4"": 2, ""EF5"": 8, ""SL5"": 2, ""SL6"": 3, ""SL7"": 2, ""SL8"": 1, ""Seuil3"": 7, ""Seuil4"": 4}",delta_fatigue_term,0.18281249999999974,0.39218750000000036,0.4593750000000014
2,14,5,weighted_greedy,8-8-8-8-6-6,8,-8,25,19,6,EF4,EF,4,4,8,4,0,True,,False,0.48,0.0,-0.004687500000000011,-0.5,-0.02468750000000064,-6.106226635438361e-16,5.9284375,5.9037500000000005,23,-2,0,0,0,0,0,3,-8,-8,False,16,0.0,1,False,best_rejected_stop,marginal_utility_negative,16,8-8-8-8-6-6,179,21,"{""EF1"": 1, ""EF2"": 7, ""EF3"": 4, ""EF4"": 2, ""EF5"": 9, ""SL5"": 2, ""SL6"": 3, ""SL7"": 2, ""SL8"": 2, ""Seuil3"": 7, ""Seuil4"": 5}",delta_fatigue_term,0.23765624999999999,0.4721875000000004,0.49687500000000107
2,15,5,weighted_greedy,8-8-8-8-6-6,8,-8,25,19,6,EF4,EF,4,4,7,4,0,True,,False,0.48,0.0,-0.005357142857142866,-0.5,-0.025357142857142634,2.498001805406602e-16,5.949642857142857,5.924285714285714,23,-2,0,0,0,0,0,3,-8,-8,False,16,0.0,1,False,best_rejected_stop,marginal_utility_negative,16,8-8-8-8-6-6,198,23,"{""EF1"": 1, ""EF2"": 8, ""EF3"": 4, ""EF4"": 2, ""EF5"": 10, ""SL5"": 2, ""SL6"": 3, ""SL7"": 2, ""SL8"": 3, ""Seuil3"": 7, ""Seuil4"": 6}",delta_fatigue_term,0.23732142857142857,0.47107142857142925,0.4964285714285719
2,16,5,weighted_greedy,8-8-8-8-6-6,8,-8,24,19,5,EF4,EF,4,4,6,4,0,True,,False,0.5,0.0,-0.0062500000000000056,-0.5,-0.006250000000000533,-5.273559366969494e-16,6.072916666666667,6.066666666666666,23,-2,0,0,0,0,0,3,-8,-8,False,16,0.0,1,False,best_rejected_stop,marginal_utility_negative,16,8-8-8-8-6-6,217,25,"{""EF1"": 1, ""EF2"": 8, ""EF3"": 5, ""EF4"": 2, ""EF5"": 11, ""SL5"": 2, ""SL6"": 3, ""SL7"": 3, ""SL8"": 3, ""Seuil3"": 7, ""Seuil4"": 7}",delta_fatigue_term,0.246875,0.48958333333333304,0.49583333333333357
3,1,3,weighted_greedy,6-6-6-6,6,0,12,4,8,EF1,EF,1,1,5,1,0,True,,False,0.25,0.0,-0.016666666666666663,-0.75,-0.516666666666667,-4.440892098500626e-16,3.1,2.5833333333333335,5,-9,0,0,0,0,-4,0,-4,-4,False,10,0.0,1,False,best_rejected_stop,marginal_utility_negative,2,6-6-6-6,0,0,{},delta_fatigue_term,0.07777777777777778,0.5,1.016666666666667
3,3,4,weighted_greedy,6-6-6-6,6,-3,11,10,1,EF1,EF,1,1,5,1,0,True,,False,0.27272727272727293,0.0,-0.029166666666666674,-0.25,-0.006439393939393412,3.3306690738754696e-16,4.643939393939394,4.6375,11,-3,0,0,0,0,0,1,-3,-3,False,9,0.0,1,False,best_rejected_stop,marginal_utility_negative,8,6-6-6-6,19,3,"{""EF1"": 1, ""EF2"": 3, ""EF3"": 1, ""Seuil3"": 3}",delta_fatigue_term,0.24356060606060626,0.5598484848484846,0.566287878787878
3,4,5,weighted_greedy,8-6-6-6,8,-4,16,14,2,EF1,EF,1,1,8,1,0,True,,False,0.1875,0.0,-0.015625,-0.25,-0.078125,0.0,5.484375,5.40625,15,0,0,0,0,0,0,0,-4,-4,False,12,0.0,1,False,best_rejected_stop,marginal_utility_negative,9,8-6-6-6,29,4,"{""EF1"": 1, ""EF2"": 3, ""EF3"": 3, ""Seuil3"": 3, ""Seuil4"": 1}",delta_fatigue_term,0.171875,1.5572916666666665,1.6354166666666665
3,5,4,weighted_greedy,8-6-6-6,8,-4,14,13,1,EF1,EF,1,1,6,1,0,True,,False,0.2142857142857144,0.0,-0.03472222222222221,-0.25,-0.07043650793650791,-1.1102230246251565e-16,4.466269841269841,4.395833333333333,14,-1,0,0,0,0,0,0,-4,-4,False,12,0.0,1,False,best_rejected_stop,marginal_utility_negative,11,8-6-6-6,43,6,"{""EF1"": 1, ""EF2"": 3, ""EF3"": 3, ""EF4"": 2, ""Seuil3"": 5, ""Seuil4"": 1}",delta_fatigue_term,0.1795634920634922,0.36507936507936467,0.4355158730158726
3,6,3,weighted_greedy,8-6-6-6-6,8,-4,16,10,6,EF5,EF,5,5,8,5,0,True,,False,0.9375,0.0,0.0,-1.0,-0.0625,0.0,4.78125,4.71875,15,-4,0,0,0,0,-1,3,-5,-5,False,13,0.0,1,False,best_rejected_stop,marginal_utility_negative,11,8-6-6-6-6,56,7,"{""EF1"": 1, ""EF2"": 3, ""EF3"": 4, ""EF4"": 2, ""EF5"": 1, ""SL5"": 1, ""Seuil3"": 5, ""Seuil4"": 1}",delta_fatigue_term,0.234375,,
3,7,3,weighted_greedy,8-8-6-6-6,8,-8,17,11,6,EF5,EF,5,5,7,5,0,True,,False,0.8823529411764701,0.0,-0.005952380952380959,-1.0,-0.12359943977591037,4.718447854656915e-16,4.887605042016807,4.764005602240896,16,-4,0,0,0,0,-1,3,-9,-8,False,16,0.0,1,False,best_rejected_stop,marginal_utility_negative,12,8-8-6-6-6,66,8,"{""EF1"": 1, ""EF2"": 3, ""EF3"": 4, ""EF4"": 2, ""EF5"": 2, ""SL5"": 2, ""Seuil3"": 5, ""Seuil4"": 1}",delta_fatigue_term,0.2191001400560223,,
3,8,3,weighted_greedy,8-8-6-6-6,8,-8,18,11,7,EF5,EF,5,5,8,5,0,True,,False,0.833333333333333,0.0,-0.005208333333333343,-1.0,-0.1718750000000009,-5.828670879282072e-16,4.755208333333334,4.583333333333333,16,-4,0,0,0,0,-1,3,-9,-8,False,16,0.0,1,False,best_rejected_stop,marginal_utility_negative,12,8-8-6-6-6,77,9,"{""EF1"": 1, ""EF2"": 3, ""EF3"": 4, ""EF4"": 2, ""EF5"": 3, ""SL5"": 2, ""SL6"": 1, ""Seuil3"": 5, ""Seuil4"": 1}",delta_fatigue_term,0.20703124999999992,,
3,9,3,weighted_greedy,8-8-6-6-6,8,-8,23,12,11,EF4,EF,4,4,7,4,0,True,,False,0.5217391304347827,0.0,-0.023809523809523808,-0.5,-0.002070393374741464,-3.608224830031759e-16,4.029503105590062,4.027432712215321,16,-4,0,0,0,0,-1,3,-9,-8,False,16,0.0,1,False,best_rejected_stop,marginal_utility_negative,13,8-8-6-6-6,88,10,"{""EF1"": 1, ""EF2"": 3, ""EF3"": 4, ""EF4"": 2, ""EF5"": 4, ""SL5"": 2, ""SL6"": 2, ""Seuil3"": 5, ""Seuil4"": 1}",delta_fatigue_term,0.24896480331262943,,
3,10,6,weighted_greedy,8-8-6-6-6-6,8,-8,20,19,1,EF1,EF,1,1,8,1,0,True,,False,0.15000000000000036,0.0,-0.014583333333333323,-0.25,-0.11458333333333304,-6.938893903907228e-17,6.21875,6.104166666666667,20,-3,0,0,0,0,0,1,-8,-8,False,16,0.0,1,False,best_rejected_stop,marginal_utility_negative,13,8-8-6-6-6-6,100,11,"{""EF1"": 1, ""EF2"": 3, ""EF3"": 4, ""EF4"": 2, ""EF5"": 5, ""SL5"": 2, ""SL6"": 2, ""SL7"": 1, ""Seuil3"": 5, ""Seuil4"": 1}",delta_fatigue_term,0.13541666666666702,0.03593750000000018,0.15052083333333321
3,11,6,weighted_greedy,8-8-8-6-6-6,8,-8,23,22,1,EF1,EF,1,1,7,1,0,True,,False,0.13043478260869534,0.0,-0.02023809523809525,-0.25,-0.13980331262940027,-3.608224830031759e-16,6.026708074534162,5.886904761904762,23,-1,0,0,0,0,0,0,-8,-8,False,16,0.0,1,False,best_rejected_stop,marginal_utility_negative,15,8-8-8-6-6-6,119,13,"{""EF1"": 2, ""EF2"": 4, ""EF3"": 4, ""EF4"": 2, ""EF5"": 6, ""SL5"": 2, ""SL6"": 2, ""SL7"": 2, ""Seuil3"": 5, ""Seuil4"": 2}",delta_fatigue_term,0.1101966873706001,0.018167701863355035,0.1579710144927553
3,12,5,weighted_greedy,8-8-8-6-6-6,8,-8,25,18,7,EF4,EF,4,4,7,4,0,True,,False,0.48,0.0,-0.0035714285714285587,-0.5,-0.02357142857142769,8.881784197001252e-16,5.820714285714286,5.797142857142857,22,-2,0,0,0,0,0,3,-8,-8,False,16,0.0,1,False,best_rejected_stop,marginal_utility_negative,15,8-8-8-6-6-6,141,15,"{""EF1"": 2, ""EF2"": 5, ""EF3"": 4, ""EF4"": 3, ""EF5"": 7, ""SL5"": 2, ""SL6"": 2, ""SL7"": 3, ""Seuil3"": 5, ""Seuil4"": 3}",delta_fatigue_term,0.2382142857142857,0.47404761904761905,0.49761904761904674
3,14,5,weighted_greedy,8-8-8-8-6-6,8,-8,27,19,8,EF2,EF,2,2,8,2,0,True,,False,0.22222222222222232,0.0,-0.017187499999999994,-0.25,-0.044965277777777146,5.273559366969494e-16,5.759548611111111,5.714583333333334,21,-4,0,0,0,0,-1,2,-9,-8,False,16,0.0,1,False,best_rejected_stop,marginal_utility_negative,15,8-8-8-8-6-6,180,19,"{""EF1"": 2, ""EF2"": 7, ""EF3"": 4, ""EF4"": 4, ""EF5"": 9, ""SL5"": 2, ""SL6"": 3, ""SL7"": 4, ""Seuil3"": 5, ""Seuil4"": 5}",delta_fatigue_term,0.20503472222222233,0.43663194444444375,0.4815972222222209
3,15,5,weighted_greedy,8-8-8-8-6-6,8,-8,20,19,1,EF1,EF,1,1,7,1,0,True,,False,0.15000000000000036,0.0,-0.0267857142857143,-0.25,-0.12678571428571317,7.771561172376096e-16,6.519642857142856,6.392857142857143,20,-5,0,0,0,0,-2,1,-10,-8,False,16,0.0,1,False,best_rejected_stop,marginal_utility_negative,15,8-8-8-8-6-6,199,21,"{""EF1"": 2, ""EF2"": 8, ""EF3"": 4, ""EF4"": 4, ""EF5"": 10, ""SL5"": 2, ""SL6"": 3, ""SL7"": 4, ""SL8"": 1, ""Seuil3"": 5, ""Seuil4"": 6}",delta_fatigue_term,0.12321428571428605,0.5910714285714276,0.7178571428571408
3,16,5,weighted_greedy,8-8-8-8-6-6,8,-8,26,19,7,EF2,EF,2,2,7,2,0,True,,False,0.23076923076923128,0.0,-0.019642857142857156,-0.25,-0.03887362637362468,1.1934897514720433e-15,5.861950549450549,5.823076923076924,21,-4,0,0,0,0,-1,2,-9,-8,False,16,0.0,1,False,best_rejected_stop,marginal_utility_negative,15,8-8-8-8-6-6,218,23,"{""EF1"": 2, ""EF2"": 8, ""EF3"": 5, ""EF4"": 4, ""EF5"": 11, ""SL5"": 2, ""SL6"": 3, ""SL7"": 5, ""SL8"": 1, ""Seuil3"": 5, ""Seuil4"": 7}",delta_fatigue_term,0.21112637362637413,0.4526098901098896,0.4914835164835143
4,1,3,weighted_greedy,6-6-6-6,6,0,13,4,9,EF1,EF,1,1,6,1,0,True,,False,0.23076923076923084,0.0,-0.013888888888888881,-0.75,-0.533119658119658,0.0,3.0064102564102564,2.4732905982905984,5,-9,0,0,0,0,-4,0,-4,-4,False,10,0.0,1,False,best_rejected_stop,marginal_utility_negative,2,6-6-6-6,0,0,{},delta_fatigue_term,0.07229344729344732,0.4615384615384617,0.9946581196581197
4,6,4,weighted_greedy,8-6-6-6,8,-7,14,13,1,EF1,EF,1,1,6,1,0,True,,False,0.2142857142857144,0.0,-0.03472222222222221,-0.25,-0.07043650793650791,-1.1102230246251565e-16,4.466269841269841,4.395833333333333,14,-1,0,0,0,0,0,0,-7,-7,False,15,0.0,1,False,best_rejected_stop,marginal_utility_negative,11,8-6-6-6,46,5,"{""EF1"": 2, ""EF2"": 2, ""EF3"": 3, ""EF4"": 2, ""EF5"": 1, ""SL5"": 1, ""Seuil3"": 3, ""Seuil4"": 1}",delta_fatigue_term,0.1795634920634922,0.36507936507936467,0.4355158730158726
4,7,4,weighted_greedy,8-6-6-6-6,8,-7,16,15,1,EF1,EF,1,1,6,1,0,True,,False,0.1875,0.0,-0.041666666666666685,-0.25,-0.10416666666666607,6.106226635438361e-16,4.770833333333333,4.666666666666667,16,-3,0,0,0,0,0,1,-7,-7,False,15,0.0,1,False,best_rejected_stop,marginal_utility_negative,12,8-6-6-6-6,59,6,"{""EF1"": 2, ""EF2"": 2, ""EF3"": 4, ""EF4"": 2, ""EF5"": 2, ""SL5"": 2, ""Seuil3"": 3, ""Seuil4"": 1}",delta_fatigue_term,0.14583333333333331,0.22916666666666696,0.33333333333333304
4,8,5,weighted_greedy,8-6-6-6-6,8,-8,20,18,2,EF1,EF,1,1,6,1,0,True,,False,0.14999999999999947,0.0,-0.029166666666666674,-0.5,-0.3791666666666673,-1.1102230246251565e-16,5.6375,5.258333333333333,19,1,1,1,0,0,0,0,-7,-7,False,15,0.0,1,False,best_rejected_stop,marginal_utility_negative,12,8-6-6-6-6,74,7,"{""EF1"": 2, ""EF2"": 2, ""EF3"": 4, ""EF4"": 3, ""EF5"": 3, ""SL5"": 2, ""SL6"": 1, ""Seuil3"": 3, ""Seuil4"": 1}",delta_fatigue_term,0.060416666666666397,1.4291666666666663,1.8083333333333336
4,10,6,weighted_greedy,8-8-6-6-6-6,8,-8,22,21,1,EF1,EF,1,1,5,1,0,True,,False,0.13636363636363624,0.0,-0.0266666666666667,-0.25,-0.1403030303030297,7.494005416219807e-16,6.073636363636364,5.933333333333334,22,-1,0,0,0,0,0,0,-8,-8,False,16,0.0,1,False,best_rejected_stop,marginal_utility_negative,13,8-8-6-6-6-6,111,11,"{""EF1"": 2, ""EF2"": 2, ""EF3"": 4, ""EF4"": 5, ""EF5"": 5, ""SL5"": 2, ""SL6"": 2, ""SL7"": 1, ""Seuil3"": 5, ""Seuil4"": 1}",delta_fatigue_term,0.10969696969696954,0.04295454545454458,0.1832575757575743
4,11,5,weighted_greedy,8-8-8-6-6-6,8,-8,25,18,7,EF4,EF,4,4,7,4,0,True,,False,0.48,0.0,-0.0035714285714285587,-0.5,-0.02357142857142769,8.881784197001252e-16,5.820714285714286,5.797142857142857,22,-2,0,0,0,0,0,3,-8,-8,False,16,0.0,1,False,best_rejected_stop,marginal_utility_negative,14,8-8-8-6-6-6,132,13,"{""EF1"": 2, ""EF2"": 2, ""EF3"": 5, ""EF4"": 6, ""EF5"": 6, ""SL5"": 3, ""SL6"": 2, ""SL7"": 1, ""Seuil3"": 5, ""Seuil4"": 2}",delta_fatigue_term,0.2382142857142857,0.47404761904761905,0.49761904761904674
4,13,5,weighted_greedy,8-8-8-8-6-6,8,-8,26,19,7,EF2,EF,2,2,8,2,0,True,,False,0.23076923076923128,0.0,-0.017187499999999994,-0.25,-0.03641826923076863,8.326672684688674e-17,5.840745192307692,5.804326923076923,21,-4,0,0,0,0,-1,2,-9,-8,False,16,0.0,1,False,best_rejected_stop,marginal_utility_negative,15,8-8-8-8-6-6,172,17,"{""EF1"": 3, ""EF2"": 3, ""EF3"": 5, ""EF4"": 7, ""EF5"": 8, ""SL5"": 3, ""SL6"": 2, ""SL7"": 2, ""SL8"": 1, ""Seuil3"": 5, ""Seuil4"": 4}",delta_fatigue_term,0.2135817307692313,0.4537259615384608,0.4901442307692294
4,14,5,weighted_greedy,8-8-8-8-6-6,8,-8,25,19,6,EF4,EF,4,4,8,4,0,True,,False,0.48,0.0,-0.004687500000000011,-0.5,-0.02468750000000064,-6.106226635438361e-16,5.9284375,5.9037500000000005,23,-2,0,0,0,0,0,3,-8,-8,False,16,0.0,1,False,best_rejected_stop,marginal_utility_negative,16,8-8-8-8-6-6,191,19,"{""EF1"": 3, ""EF2"": 4, ""EF3"": 5, ""EF4"": 7, ""EF5"": 9, ""SL5"": 3, ""SL6"": 2, ""SL7"": 2, ""SL8"": 2, ""Seuil3"": 5, ""Seuil4"": 5}",delta_fatigue_term,0.23765624999999999,0.4721875000000004,0.49687500000000107
4,16,5,weighted_greedy,8-8-8-8-6-6,8,-8,24,19,5,EF4,EF,4,4,7,4,0,True,,False,0.5,0.0,-0.005357142857142866,-0.5,-0.005357142857142172,6.938893903907228e-16,6.044642857142857,6.039285714285715,23,-2,0,0,0,0,0,3,-8,-8,False,16,0.0,1,False,best_rejected_stop,marginal_utility_negative,16,8-8-8-8-6-6,233,23,"{""EF1"": 3, ""EF2"": 6, ""EF3"": 5, ""EF4"": 8, ""EF5"": 11, ""SL5"": 3, ""SL6"": 2, ""SL7"": 2, ""SL8"": 4, ""Seuil3"": 5, ""Seuil4"": 7}",delta_fatigue_term,0.24732142857142858,0.49107142857142794,0.4964285714285701
5,1,3,weighted_greedy,6-6-6-6,6,0,12,4,8,EF1,EF,1,1,6,1,0,True,,False,0.25,0.0,-0.013888888888888881,-0.75,-0.5138888888888884,4.440892098500626e-16,3.0833333333333335,2.5694444444444446,5,-9,0,0,0,0,-4,0,-4,-4,False,10,0.0,1,False,best_rejected_stop,marginal_utility_negative,2,6-6-6-6,0,0,{},delta_fatigue_term,0.0787037037037037,0.49999999999999956,1.013888888888888
5,2,7,weighted_greedy,6-6-6-6,6,-4,17,15,2,EF1,EF,1,1,6,1,0,True,,False,0.17647058823529393,0.0,-0.008928571428571438,-0.5,-0.3324579831932777,-1.6653345369377348e-16,6.501225490196078,6.1687675070028005,16,2,2,1,0,0,0,0,-2,-2,False,8,0.0,1,False,best_rejected_stop,marginal_utility_negative,6,6-6-6-6,4,0,"{""EF2"": 2}",delta_fatigue_term,0.08377100840336124,1.2835784313725496,1.6160364145658273
5,6,3,weighted_greedy,8-6-6-6-6,8,-4,16,10,6,EF5,EF,5,5,6,5,0,True,,False,0.9375,0.0,0.0,-1.0,-0.06250000000000089,-8.881784197001252e-16,4.833333333333333,4.770833333333333,15,-4,0,0,0,0,-1,3,-5,-5,False,13,0.0,1,False,best_rejected_stop,marginal_utility_negative,12,8-6-6-6-6,55,6,"{""EF1"": 1, ""EF2"": 4, ""EF3"": 4, ""EF4"": 3, ""Seuil3"": 3, ""Seuil4"": 2, ""Seuil5"": 1}",delta_fatigue_term,0.234375,,
5,7,3,weighted_greedy,8-6-6-6-6,8,-8,13,10,3,EF3,EF,3,3,5,3,0,True,,False,0.6923076923076921,0.0,-0.033333333333333354,-0.75,-0.09102564102564159,-3.0531133177191805e-16,5.307692307692308,5.216666666666667,13,-6,0,0,0,0,-3,1,-11,-8,False,16,0.0,1,False,best_rejected_stop,marginal_utility_negative,12,8-6-6-6-6,65,7,"{""EF1"": 1, ""EF2"": 4, ""EF3"": 4, ""EF4"": 3, ""EF5"": 1, ""SL5"": 1, ""Seuil3"": 3, ""Seuil4"": 2, ""Seuil5"": 1}",delta_fatigue_term,0.21965811965811957,,
5,8,3,weighted_greedy,8-8-6-6-6,8,-8,15,11,4,EF3,EF,3,3,8,3,0,True,,False,0.6000000000000001,0.0,-0.026041666666666657,-0.75,-0.17604166666666643,1.3877787807814457e-16,5.121874999999999,4.945833333333333,14,-6,0,0,0,0,-3,1,-11,-8,False,16,0.0,1,False,best_rejected_stop,marginal_utility_negative,13,8-8-6-6-6,75,8,"{""EF1"": 1, ""EF2"": 4, ""EF3"": 4, ""EF4"": 3, ""EF5"": 2, ""SL5"": 2, ""Seuil3"": 3, ""Seuil4"": 2, ""Seuil5"": 1}",delta_fatigue_term,0.1913194444444445,,
5,9,3,weighted_greedy,8-8-6-6-6,8,-8,15,10,5,EF1,EF,1,1,5,1,0,True,,False,0.19999999999999973,0.0,-0.06666666666666668,-0.75,-0.6166666666666671,-2.220446049250313e-16,5.75,5.133333333333333,11,-9,0,0,0,0,-4,0,-12,-8,False,16,0.0,1,False,best_rejected_stop,marginal_utility_negative,13,8-8-6-6-6,86,9,"{""EF1"": 1, ""EF2"": 4, ""EF3"": 4, ""EF4"": 3, ""EF5"": 3, ""SL5"": 2, ""SL6"": 1, ""Seuil3"": 3, ""Seuil4"": 2, ""Seuil5"": 1}",delta_fatigue_term,0.04444444444444435,,
5,10,3,weighted_greedy,8-8-6-6-6,8,-8,22,11,11,EF5,EF,5,5,6,5,0,True,,False,0.6818181818181817,0.0,-0.0069444444444444475,-1.0,-0.3251262626262621,6.661338147750939e-16,4.479166666666667,4.154040404040404,16,-4,0,0,0,0,-1,3,-9,-8,False,16,0.0,1,False,best_rejected_stop,marginal_utility_negative,13,8-8-6-6-6,96,10,"{""EF1"": 1, ""EF2"": 4, ""EF3"": 4, ""EF4"": 3, ""EF5"": 4, ""SL5"": 3, ""SL6"": 1, ""Seuil3"": 3, ""Seuil4"": 2, ""Seuil5"": 1}",delta_fatigue_term,0.1687184343434343,,
5,11,6,weighted_greedy,8-8-6-6-6-6,8,-8,22,21,1,EF1,EF,1,1,6,1,0,True,,False,0.13636363636363624,0.0,-0.022222222222222254,-0.25,-0.13585858585858546,5.551115123125783e-16,6.038636363636364,5.902777777777778,22,-1,0,0,0,0,0,0,-8,-8,False,16,0.0,1,False,best_rejected_stop,marginal_utility_negative,14,8-8-6-6-6-6,107,11,"{""EF1"": 1, ""EF2"": 4, ""EF3"": 4, ""EF4"": 3, ""EF5"": 5, ""SL5"": 3, ""SL6"": 2, ""Seuil3"": 3, ""Seuil4"": 2, ""Seuil5"": 1}",delta_fatigue_term,0.11414141414141399,0.043371212121211755,0.1792297979797972
5,13,6,weighted_greedy,8-8-8-6-6-6,8,-8,23,22,1,EF1,EF,1,1,6,1,0,True,,False,0.13043478260869534,0.0,-0.02361111111111111,-0.25,-0.1431763285024159,-1.3877787807814457e-16,6.052898550724638,5.909722222222222,23,-1,0,0,0,0,0,0,-8,-8,False,16,0.0,1,False,best_rejected_stop,marginal_utility_negative,14,8-8-8-6-6-6,150,15,"{""EF1"": 1, ""EF2"": 6, ""EF3"": 4, ""EF4"": 5, ""EF5"": 7, ""SL5"": 3, ""SL6"": 3, ""SL7"": 1, ""Seuil3"": 3, ""Seuil4"": 4, ""Seuil5"": 1}",delta_fatigue_term,0.10682367149758423,0.01757246376811672,0.16074879227053263
5,14,5,weighted_greedy,8-8-8-8-6-6,8,-8,25,19,6,EF4,EF,4,4,8,4,0,True,,False,0.48,0.0,-0.004687500000000011,-0.5,-0.02468750000000064,-6.106226635438361e-16,5.9284375,5.9037500000000005,23,-2,0,0,0,0,0,3,-8,-8,False,16,0.0,1,False,best_rejected_stop,marginal_utility_negative,14,8-8-8-8-6-6,172,17,"{""EF1"": 1, ""EF2"": 6, ""EF3"": 5, ""EF4"": 6, ""EF5"": 8, ""SL5"": 3, ""SL6"": 4, ""SL7"": 1, ""Seuil3"": 3, ""Seuil4"": 5, ""Seuil5"": 1}",delta_fatigue_term,0.23765624999999999,0.4721875000000004,0.49687500000000107
5,15,5,weighted_greedy,8-8-8-8-6-6,8,-8,26,19,7,EF2,EF,2,2,8,2,0,True,,False,0.23076923076923128,0.0,-0.017187499999999994,-0.25,-0.03641826923076863,8.326672684688674e-17,5.840745192307692,5.804326923076923,21,-4,0,0,0,0,-1,2,-9,-8,False,16,0.0,1,False,best_rejected_stop,marginal_utility_negative,15,8-8-8-8-6-6,191,19,"{""EF1"": 1, ""EF2"": 6, ""EF3"": 6, ""EF4"": 6, ""EF5"": 9, ""SL5"": 3, ""SL6"": 4, ""SL7"": 2, ""Seuil3"": 3, ""Seuil4"": 6, ""Seuil5"": 1}",delta_fatigue_term,0.2135817307692313,0.4537259615384608,0.4901442307692294
6,1,3,weighted_greedy,6-6-6-6,6,0,12,4,8,EF1,EF,1,1,5,1,0,True,,False,0.25,0.0,-0.016666666666666663,-0.75,-0.516666666666667,-4.440892098500626e-16,3.1,2.5833333333333335,5,-9,0,0,0,0,-4,0,-4,-4,False,10,0.0,1,False,best_rejected_stop,marginal_utility_negative,2,6-6-6-6,0,0,{},delta_fatigue_term,0.07777777777777778,0.5,1.016666666666667
6,3,4,weighted_greedy,6-6-6-6,6,-4,13,12,1,EF1,EF,1,1,6,1,0,True,,False,0.23076923076923084,0.0,-0.03125,-0.25,-0.05048076923076916,0.0,4.435897435897436,4.385416666666667,13,-1,0,0,0,0,0,0,-4,-4,False,10,0.0,1,False,best_rejected_stop,marginal_utility_negative,9,6-6-6-6,16,2,"{""EF2"": 2, ""EF3"": 2, ""Seuil3"": 2}",delta_fatigue_term,0.19951923076923084,0.42307692307692335,0.4735576923076925
6,4,4,weighted_greedy,6-6-6-6,6,-4,13,12,1,EF1,EF,1,1,6,1,0,True,,False,0.23076923076923084,0.0,-0.03125,-0.25,-0.05048076923076916,0.0,4.435897435897436,4.385416666666667,13,-1,0,0,0,0,0,0,-4,-4,False,10,0.0,1,False,best_rejected_stop,marginal_utility_negative,11,6-6-6-6,28,3,"{""EF2"": 2, ""EF3"": 2, ""EF4"": 2, ""Seuil3"": 2, ""Seuil4"": 1}",delta_fatigue_term,0.19951923076923084,0.1698717948717947,0.22035256410256387
6,5,5,weighted_greedy,8-6-6-6,8,-4,17,16,1,EF1,EF,1,1,7,1,0,True,,False,0.17647058823529438,0.0,-0.021428571428571422,-0.5,-0.34495798319327786,-8.326672684688674e-16,5.216386554621849,4.871428571428571,17,2,2,1,0,0,0,0,-2,-2,False,10,0.0,1,False,best_rejected_stop,marginal_utility_negative,11,8-6-6-6,40,4,"{""EF2"": 3, ""EF3"": 2, ""EF4"": 2, ""EF5"": 1, ""SL5"": 1, ""Seuil3"": 2, ""Seuil4"": 1}",delta_fatigue_term,0.07752100840336149,1.2675070028011208,1.6124649859943987
6,6,5,weighted_greedy,8-6-6-6-6,8,-3,20,18,2,EF1,EF,1,1,6,1,0,True,,False,0.14999999999999947,0.0,-0.029166666666666674,-0.5,-0.3791666666666673,-1.1102230246251565e-16,5.6375,5.258333333333333,19,1,1,1,0,0,0,0,-2,-2,False,10,0.0,1,False,best_rejected_stop,marginal_utility_negative,12,8-6-6-6-6,56,6,"{""EF2"": 3, ""EF3"": 3, ""EF4"": 2, ""EF5"": 2, ""SL5"": 2, ""Seuil3"": 3, ""Seuil4"": 1}",delta_fatigue_term,0.060416666666666397,1.4291666666666663,1.8083333333333336
6,7,3,weighted_greedy,8-8-6-6-6,8,-3,18,11,7,EF5,EF,5,5,6,5,0,True,,False,0.833333333333333,0.0,-0.0069444444444444475,-1.0,-0.1736111111111116,-1.942890293094024e-16,4.8125,4.638888888888888,16,-4,0,0,0,0,-1,3,-4,-4,False,12,0.0,1,False,best_rejected_stop,marginal_utility_negative,12,8-8-6-6-6,74,8,"{""EF2"": 3, ""EF3"": 3, ""EF4"": 3, ""EF5"": 3, ""SL5"": 2, ""SL6"": 1, ""Seuil3"": 4, ""Seuil4"": 1}",delta_fatigue_term,0.20659722222222215,,
6,8,4,weighted_greedy,8-8-6-6-6,8,-7,17,16,1,EF1,EF,1,1,7,1,0,True,,False,0.17647058823529438,0.0,-0.03869047619047619,-0.25,-0.1122198879551819,-8.326672684688674e-17,4.764005602240896,4.651785714285714,17,-3,0,0,0,0,0,1,-7,-7,False,15,0.0,1,False,best_rejected_stop,marginal_utility_negative,13,8-8-6-6-6,85,9,"{""EF2"": 3, ""EF3"": 3, ""EF4"": 3, ""EF5"": 4, ""SL5"": 2, ""SL6"": 2, ""Seuil3"": 4, ""Seuil4"": 1}",delta_fatigue_term,0.1377801120448182,0.18207282913165201,0.2942927170868339
6,9,6,weighted_greedy,8-8-6-6-6-6,8,-8,20,19,1,EF1,EF,1,1,6,1,0,True,,False,0.15000000000000036,0.0,-0.01944444444444443,-0.25,-0.11944444444444358,4.996003610813204e-16,6.258333333333333,6.138888888888889,20,-3,0,0,0,0,0,1,-8,-8,False,16,0.0,1,False,best_rejected_stop,marginal_utility_negative,13,8-8-6-6-6-6,101,10,"{""EF2"": 3, ""EF3"": 3, ""EF4"": 4, ""EF5"": 5, ""SL5"": 2, ""SL6"": 2, ""SL7"": 1, ""Seuil3"": 4, ""Seuil4"": 1}",delta_fatigue_term,0.13055555555555592,0.03125,0.15069444444444358
6,11,5,weighted_greedy,8-8-8-6-6-6,8,-8,24,18,6,EF4,EF,4,4,7,4,0,True,,False,0.5,0.0,-0.0035714285714285587,-0.5,-0.0035714285714281147,4.440892098500626e-16,5.910714285714286,5.9071428571428575,22,-2,0,0,0,0,0,3,-8,-8,False,16,0.0,1,False,best_rejected_stop,marginal_utility_negative,15,8-8-8-6-6-6,142,14,"{""EF2"": 6, ""EF3"": 3, ""EF4"": 5, ""EF5"": 7, ""SL5"": 2, ""SL6"": 3, ""SL7"": 2, ""Seuil3"": 4, ""Seuil4"": 3}",delta_fatigue_term,0.24821428571428572,0.4940476190476195,0.4976190476190476
6,12,5,weighted_greedy,8-8-8-8-6-6,8,-8,22,19,3,EF2,EF,2,2,6,2,0,True,,False,0.27272727272727293,0.0,-0.02291666666666664,-0.25,-0.00018939393939465532,-9.43689570931383e-16,6.288825757575758,6.288636363636364,21,-4,0,0,0,0,-1,2,-9,-8,False,16,0.0,1,False,best_rejected_stop,marginal_utility_negative,15,8-8-8-8-6-6,160,16,"{""EF2"": 7, ""EF3"": 3, ""EF4"": 5, ""EF5"": 8, ""SL5"": 2, ""SL6"": 3, ""SL7"": 3, ""Seuil3"": 4, ""Seuil4"": 4}",delta_fatigue_term,0.2498106060606063,0.5350378787878789,0.5352272727272736
6,13,5,weighted_greedy,8-8-8-8-6-6,8,-8,24,19,5,EF4,EF,4,4,8,4,0,True,,False,0.5,0.0,-0.004687500000000011,-0.5,-0.004687500000000178,-1.6653345369377348e-16,6.0234375,6.01875,23,-2,0,0,0,0,0,3,-8,-8,False,16,0.0,1,False,best_rejected_stop,marginal_utility_negative,15,8-8-8-8-6-6,179,18,"{""EF2"": 7, ""EF3"": 3, ""EF4"": 6, ""EF5"": 9, ""SL5"": 2, ""SL6"": 4, ""SL7"": 3, ""Seuil3"": 4, ""Seuil4"": 5}",delta_fatigue_term,0.24765625,0.4921875,0.4968750000000002
6,15,5,weighted_greedy,8-8-8-8-6-6,8,-8,29,19,10,EF2,EF,2,2,7,2,0,True,,False,0.20689655172413812,0.0,-0.019642857142857156,-0.25,-0.0627463054187185,5.273559366969494e-16,5.635160098522167,5.572413793103449,21,-4,0,0,0,0,-1,2,-9,-8,False,16,0.0,1,False,best_rejected_stop,marginal_utility_negative,15,8-8-8-8-6-6,213,21,"{""EF2"": 8, ""EF3"": 3, ""EF4"": 7, ""EF5"": 11, ""SL5"": 2, ""SL6"": 5, ""SL7"": 3, ""SL8"": 1, ""Seuil3"": 4, ""Seuil4"": 6}",delta_fatigue_term,0.18725369458128097,0.4048645320197046,0.46761083743842313
6,16,5,weighted_greedy,8-8-8-8-6-6,8,-8,25,19,6,EF4,EF,4,4,8,4,0,True,,False,0.48,0.0,-0.004687500000000011,-0.5,-0.02468750000000064,-6.106226635438361e-16,5.9284375,5.9037500000000005,23,-2,0,0,0,0,0,3,-8,-8,False,16,0.0,1,False,best_rejected_stop,marginal_utility_negative,15,8-8-8-8-6-6,232,23,"{""EF2"": 8, ""EF3"": 4, ""EF4"": 7, ""EF5"": 12, ""SL5"": 2, ""SL6"": 5, ""SL7"": 4, ""SL8"": 1, ""Seuil3"": 4, ""Seuil4"": 7}",delta_fatigue_term,0.23765624999999999,0.4721875000000004,0.49687500000000107
7,1,3,weighted_greedy,6-6-6-6,6,0,13,4,9,EF1,EF,1,1,6,1,0,True,,False,0.23076923076923084,0.0,-0.013888888888888881,-0.75,-0.533119658119658,0.0,3.0064102564102564,2.4732905982905984,5,-9,0,0,0,0,-4,0,-4,-4,False,10,0.0,1,False,best_rejected_stop,marginal_utility_negative,2,6-6-6-6,0,0,{},delta_fatigue_term,0.07229344729344732,0.4615384615384617,0.9946581196581197
7,2,6,weighted_greedy,6-6-6-6,6,-4,13,12,1,EF1,EF,1,1,5,1,0,True,,False,0.23076923076923084,0.0,-0.011666666666666672,-0.25,-0.030897435897435876,-4.163336342344337e-17,5.889230769230769,5.858333333333333,13,-1,0,0,0,0,0,0,-4,-4,False,10,0.0,1,False,best_rejected_stop,marginal_utility_negative,6,6-6-6-6,4,0,"{""EF2"": 2}",delta_fatigue_term,0.21910256410256418,0.21326923076923077,0.24416666666666664
7,8,3,weighted_greedy,8-8-6-6-6,8,-7,14,10,4,EF1,EF,1,1,5,1,0,True,,False,0.2142857142857144,0.0,-0.06666666666666668,-0.75,-0.602380952380952,2.220446049250313e-16,5.892857142857142,5.29047619047619,11,-9,0,0,0,0,-4,0,-11,-8,False,16,0.0,1,False,best_rejected_stop,marginal_utility_negative,13,8-8-6-6-6,76,8,"{""EF1"": 2, ""EF2"": 5, ""EF3"": 3, ""EF4"": 2, ""EF5"": 3, ""SL5"": 2, ""Seuil3"": 3, ""Seuil4"": 2, ""Seuil5"": 1}",delta_fatigue_term,0.04920634920634925,,
7,9,3,weighted_greedy,8-8-6-6-6,8,-8,20,11,9,EF5,EF,5,5,7,5,0,True,,False,0.7500000000000002,0.0,-0.005952380952380959,-1.0,-0.2559523809523805,2.220446049250313e-16,4.5964285714285715,4.340476190476191,16,-4,0,0,0,0,-1,3,-9,-8,False,16,0.0,1,False,best_rejected_stop,marginal_utility_negative,13,8-8-6-6-6,86,9,"{""EF1"": 2, ""EF2"": 5, ""EF3"": 3, ""EF4"": 2, ""EF5"": 4, ""SL5"": 3, ""Seuil3"": 3, ""Seuil4"": 2, ""Seuil5"": 1}",delta_fatigue_term,0.18601190476190482,,
7,10,3,weighted_greedy,8-8-6-6-6,8,-8,15,10,5,EF1,EF,1,1,5,1,0,True,,False,0.19999999999999973,0.0,-0.06666666666666668,-0.75,-0.6166666666666671,-2.220446049250313e-16,5.75,5.133333333333333,11,-9,0,0,0,0,-4,0,-12,-8,False,16,0.0,1,False,best_rejected_stop,marginal_utility_negative,13,8-8-6-6-6,97,10,"{""EF1"": 2, ""EF2"": 5, ""EF3"": 3, ""EF4"": 2, ""EF5"": 5, ""SL5"": 3, ""SL6"": 1, ""Seuil3"": 3, ""Seuil4"": 2, ""Seuil5"": 1}",delta_fatigue_term,0.04444444444444435,,
7,11,5,weighted_greedy,8-8-6-6-6-6,8,-8,24,17,7,EF4,EF,4,4,6,4,0,True,,False,0.5,0.0,-0.002083333333333326,-0.5,-0.002083333333333215,1.1102230246251565e-16,5.802083333333333,5.8,21,-2,0,0,0,0,0,3,-8,-8,False,16,0.0,1,False,best_rejected_stop,marginal_utility_negative,13,8-8-6-6-6-6,107,11,"{""EF1"": 2, ""EF2"": 5, ""EF3"": 3, ""EF4"": 2, ""EF5"": 6, ""SL5"": 4, ""SL6"": 1, ""Seuil3"": 3, ""Seuil4"": 2, ""Seuil5"": 1}",delta_fatigue_term,0.24895833333333334,0.4965277777777777,0.4986111111111109
7,12,6,weighted_greedy,8-8-8-6-6-6,8,-8,23,22,1,EF1,EF,1,1,8,1,0,True,,False,0.13043478260869534,0.0,-0.01770833333333334,-0.25,-0.13727355072463787,1.1102230246251565e-16,6.007065217391305,5.869791666666667,23,-1,0,0,0,0,0,0,-8,-8,False,16,0.0,1,False,best_rejected_stop,marginal_utility_negative,14,8-8-8-6-6-6,124,13,"{""EF1"": 2, ""EF2"": 6, ""EF3"": 3, ""EF4"": 2, ""EF5"": 7, ""SL5"": 4, ""SL6"": 2, ""Seuil3"": 3, ""Seuil4"": 3, ""Seuil5"": 1}",delta_fatigue_term,0.112726449275362,0.018614130434783327,0.1558876811594212
7,13,5,weighted_greedy,8-8-8-6-6-6,8,-8,24,18,6,EF4,EF,4,4,8,4,0,True,,False,0.5,0.0,-0.003124999999999989,-0.5,-0.0031249999999998224,1.6653345369377348e-16,5.890625,5.8875,22,-2,0,0,0,0,0,3,-8,-8,False,16,0.0,1,False,best_rejected_stop,marginal_utility_negative,14,8-8-8-6-6-6,146,15,"{""EF1"": 2, ""EF2"": 7, ""EF3"": 3, ""EF4"": 3, ""EF5"": 8, ""SL5"": 4, ""SL6"": 2, ""SL7"": 1, ""Seuil3"": 3, ""Seuil4"": 4, ""Seuil5"": 1}",delta_fatigue_term,0.2484375,0.4947916666666661,0.4979166666666659
7,15,5,weighted_greedy,8-8-8-8-6-6,8,-8,26,19,7,EF2,EF,2,2,8,2,0,True,,False,0.23076923076923128,0.0,-0.017187499999999994,-0.25,-0.03641826923076863,8.326672684688674e-17,5.840745192307692,5.804326923076923,21,-4,0,0,0,0,-1,2,-9,-8,False,16,0.0,1,False,best_rejected_stop,marginal_utility_negative,15,8-8-8-8-6-6,187,19,"{""EF1"": 2, ""EF2"": 8, ""EF3"": 3, ""EF4"": 5, ""EF5"": 10, ""SL5"": 4, ""SL6"": 3, ""SL7"": 2, ""Seuil3"": 3, ""Seuil4"": 6, ""Seuil5"": 1}",delta_fatigue_term,0.2135817307692313,0.4537259615384608,0.4901442307692294
7,16,5,weighted_greedy,8-8-8-8-6-6,8,-8,24,19,5,EF4,EF,4,4,8,4,0,True,,False,0.5,0.0,-0.004687500000000011,-0.5,-0.004687500000000178,-1.6653345369377348e-16,6.0234375,6.01875,23,-2,0,0,0,0,0,3,-8,-8,False,16,0.0,1,False,best_rejected_stop,marginal_utility_negative,15,8-8-8-8-6-6,206,21,"{""EF1"": 2, ""EF2"": 9, ""EF3"": 3, ""EF4"": 5, ""EF5"": 11, ""SL5"": 4, ""SL6"": 3, ""SL7"": 2, ""SL8"": 1, ""Seuil3"": 3, ""Seuil4"": 7, ""Seuil5"": 1}",delta_fatigue_term,0.24765625,0.4921875,0.4968750000000002
8,1,3,weighted_greedy,6-6-6-6,6,0,9,4,5,EF1,EF,1,1,4,1,0,True,,False,0.3333333333333335,0.0,-0.02083333333333333,-0.75,-0.43749999999999956,2.7755575615628914e-16,3.458333333333333,3.0208333333333335,5,-9,0,0,0,0,-4,0,-4,-4,False,10,0.0,1,False,best_rejected_stop,marginal_utility_negative,2,6-6-6-6,0,0,{},delta_fatigue_term,0.10416666666666673,0.6666666666666665,1.104166666666666
8,4,4,weighted_greedy,6-6-6-6,6,-6,14,12,2,EF1,EF,1,1,6,1,0,True,,False,0.2142857142857144,0.0,-0.03125,-0.25,-0.06696428571428559,0.0,4.238095238095238,4.1711309523809526,13,-1,0,0,0,0,0,0,-6,-6,False,12,0.0,1,False,best_rejected_stop,marginal_utility_negative,11,6-6-6-6,24,2,"{""EF2"": 2, ""EF3"": 2, ""EF4"": 2, ""Seuil3"": 2}",delta_fatigue_term,0.1830357142857144,0.13690476190476186,0.20386904761904745
8,7,3,weighted_greedy,8-6-6-6-6,8,-6,18,10,8,EF5,EF,5,5,6,5,0,True,,False,0.8333333333333333,0.0,0.0,-1.0,-0.16666666666666696,-2.220446049250313e-16,4.625,4.458333333333333,15,-4,0,0,0,0,-1,3,-7,-7,False,15,0.0,1,False,best_rejected_stop,marginal_utility_negative,12,8-6-6-6-6,61,5,"{""EF1"": 1, ""EF2"": 3, ""EF3"": 2, ""EF4"": 6, ""EF5"": 1, ""SL5"": 1, ""Seuil3"": 2, ""Seuil4"": 2}",delta_fatigue_term,0.20833333333333331,,
8,8,5,weighted_greedy,8-6-6-6-6,8,-8,19,18,1,EF1,EF,1,1,8,1,0,True,,False,0.1578947368421053,0.0,-0.021875000000000006,-0.5,-0.36398026315789433,3.3306690738754696e-16,5.732730263157895,5.36875,19,1,1,1,0,0,0,0,-7,-7,False,15,0.0,1,False,best_rejected_stop,marginal_utility_negative,13,8-6-6-6-6,71,6,"{""EF1"": 1, ""EF2"": 3, ""EF3"": 2, ""EF4"": 6, ""EF5"": 2, ""SL5"": 2, ""Seuil3"": 2, ""Seuil4"": 2}",delta_fatigue_term,0.06800986842105265,1.458059210526316,1.8220394736842103
8,9,3,weighted_greedy,8-8-6-6-6,8,-8,21,11,10,EF5,EF,5,5,7,5,0,True,,False,0.714285714285714,0.0,-0.005952380952380959,-1.0,-0.29166666666666696,0.0,4.517857142857143,4.226190476190476,16,-4,0,0,0,0,-1,3,-9,-8,False,16,0.0,1,False,best_rejected_stop,marginal_utility_negative,13,8-8-6-6-6,89,8,"{""EF1"": 1, ""EF2"": 3, ""EF3"": 2, ""EF4"": 7, ""EF5"": 3, ""SL5"": 2, ""SL6"": 1, ""Seuil3"": 3, ""Seuil4"": 2}",delta_fatigue_term,0.17708333333333326,,
8,11,6,weighted_greedy,8-8-6-6-6-6,8,-8,23,21,2,EF1,EF,1,1,8,1,0,True,,False,0.13043478260869623,0.0,-0.016666666666666677,-0.25,-0.13623188405797038,5.551115123125783e-17,5.870380434782608,5.734148550724638,22,-1,0,0,0,0,0,0,-8,-8,False,16,0.0,1,False,best_rejected_stop,marginal_utility_negative,14,8-8-6-6-6-6,121,11,"{""EF1"": 2, ""EF2"": 3, ""EF3"": 2, ""EF4"": 8, ""EF5"": 5, ""SL5"": 2, ""SL6"": 2, ""SL7"": 1, ""Seuil3"": 3, ""Seuil4"": 3}",delta_fatigue_term,0.11376811594202955,0.020176630434781906,0.15640851449275228
8,12,5,weighted_greedy,8-8-8-6-6-6,8,-8,24,18,6,EF4,EF,4,4,8,4,0,True,,False,0.5,0.0,-0.003124999999999989,-0.5,-0.0031249999999998224,1.6653345369377348e-16,5.890625,5.8875,22,-2,0,0,0,0,0,3,-8,-8,False,16,0.0,1,False,best_rejected_stop,marginal_utility_negative,15,8-8-8-6-6-6,142,13,"{""EF1"": 3, ""EF2"": 3, ""EF3"": 2, ""EF4"": 9, ""EF5"": 6, ""SL5"": 2, ""SL6"": 2, ""SL7"": 2, ""Seuil3"": 3, ""Seuil4"": 4}",delta_fatigue_term,0.2484375,0.4947916666666661,0.4979166666666659
8,14,5,weighted_greedy,8-8-8-8-6-6,8,-8,27,19,8,EF2,EF,2,2,8,2,0,True,,False,0.22222222222222232,0.0,-0.017187499999999994,-0.25,-0.044965277777777146,5.273559366969494e-16,5.759548611111111,5.714583333333334,21,-4,0,0,0,0,-1,2,-9,-8,False,16,0.0,1,False,best_rejected_stop,marginal_utility_negative,15,8-8-8-8-6-6,182,17,"{""EF1"": 4, ""EF2"": 4, ""EF3"": 2, ""EF4"": 10, ""EF5"": 8, ""SL5"": 2, ""SL6"": 2, ""SL7"": 3, ""SL8"": 1, ""Seuil3"": 3, ""Seuil4"": 6}",delta_fatigue_term,0.20503472222222233,0.43663194444444375,0.4815972222222209
9,1,3,weighted_greedy,6-6-6-6,6,0,12,4,8,EF1,EF,1,1,5,1,0,True,,False,0.25,0.0,-0.016666666666666663,-0.75,-0.516666666666667,-4.440892098500626e-16,3.1,2.5833333333333335,5,-9,0,0,0,0,-4,0,-4,-4,False,10,0.0,1,False,best_rejected_stop,marginal_utility_negative,2,6-6-6-6,0,0,{},delta_fatigue_term,0.07777777777777778,0.5,1.016666666666667
9,3,5,weighted_greedy,6-6-6-6,6,-5,14,13,1,EF1,EF,1,1,5,1,0,True,,False,0.2142857142857144,0.0,-0.02250000000000002,-0.25,-0.05821428571428555,5.551115123125783e-17,5.698214285714285,5.64,14,0,0,0,0,0,0,0,-5,-5,False,11,0.0,1,False,best_rejected_stop,marginal_utility_negative,7,6-6-6-6,14,1,"{""EF1"": 1, ""EF2"": 2, ""EF3"": 2, ""Seuil3"": 1}",delta_fatigue_term,0.1917857142857144,1.638690476190476,1.6969047619047615
9,4,5,weighted_greedy,6-6-6-6,6,-5,16,15,1,EF1,EF,1,1,6,1,0,True,,False,0.1875,0.0,-0.02291666666666667,-0.5,-0.33541666666666625,4.440892098500626e-16,5.21875,4.883333333333334,16,2,2,1,0,0,0,0,-3,-3,False,9,0.0,1,False,best_rejected_stop,marginal_utility_negative,9,6-6-6-6,27,3,"{""EF1"": 1, ""EF2"": 2, ""EF3"": 3, ""EF4"": 1, ""Seuil3"": 3}",delta_fatigue_term,0.08229166666666667,1.3020833333333335,1.6374999999999997
9,6,3,weighted_greedy,8-6-6-6-6,8,-4,16,10,6,EF5,EF,5,5,8,5,0,True,,False,0.9375,0.0,0.0,-1.0,-0.0625,0.0,4.78125,4.71875,15,-4,0,0,0,0,-1,3,-5,-5,False,13,0.0,1,False,best_rejected_stop,marginal_utility_negative,11,8-6-6-6-6,54,6,"{""EF1"": 1, ""EF2"": 3, ""EF3"": 3, ""EF4"": 3, ""EF5"": 1, ""SL5"": 1, ""Seuil3"": 4, ""Seuil4"": 1}",delta_fatigue_term,0.234375,,
9,7,3,weighted_greedy,8-6-6-6-6,8,-8,11,10,1,EF1,EF,1,1,5,1,0,True,,False,0.27272727272727293,0.0,-0.06666666666666668,-0.5,-0.29393939393939306,6.661338147750939e-16,5.727272727272727,5.433333333333334,11,-8,0,0,0,0,-4,0,-12,-8,False,16,0.0,1,False,best_rejected_stop,marginal_utility_negative,12,8-6-6-6-6,64,7,"{""EF1"": 1, ""EF2"": 3, ""EF3"": 3, ""EF4"": 3, ""EF5"": 2, ""SL5"": 2, ""Seuil3"": 4, ""Seuil4"": 1}",delta_fatigue_term,0.10303030303030312,,
9,8,3,weighted_greedy,8-8-6-6-6,8,-8,18,11,7,EF5,EF,5,5,7,5,0,True,,False,0.833333333333333,0.0,-0.005952380952380959,-1.0,-0.17261904761904834,-4.163336342344337e-16,4.779761904761905,4.607142857142857,16,-4,0,0,0,0,-1,3,-9,-8,False,16,0.0,1,False,best_rejected_stop,marginal_utility_negative,12,8-8-6-6-6,74,8,"{""EF1"": 1, ""EF2"": 3, ""EF3"": 3, ""EF4"": 3, ""EF5"": 3, ""SL5"": 3, ""Seuil3"": 4, ""Seuil4"": 1}",delta_fatigue_term,0.20684523809523803,,
9,9,3,weighted_greedy,8-8-6-6-6,8,-8,16,11,5,EF5,EF,5,5,7,5,0,True,,False,0.9375,0.0,-0.005952380952380959,-1.0,-0.06845238095238049,4.718447854656915e-16,5.008928571428571,4.940476190476191,16,-4,0,0,0,0,-1,3,-9,-8,False,16,0.0,1,False,best_rejected_stop,marginal_utility_negative,12,8-8-6-6-6,85,9,"{""EF1"": 1, ""EF2"": 3, ""EF3"": 3, ""EF4"": 3, ""EF5"": 4, ""SL5"": 3, ""SL6"": 1, ""Seuil3"": 4, ""Seuil4"": 1}",delta_fatigue_term,0.23288690476190477,,
9,10,4,weighted_greedy,8-8-6-6-6,8,-8,17,16,1,EF1,EF,1,1,7,1,0,True,,False,0.17647058823529438,0.0,-0.03869047619047619,-0.25,-0.1122198879551819,-8.326672684688674e-17,4.764005602240896,4.651785714285714,17,-3,0,0,0,0,0,1,-8,-8,False,16,0.0,1,False,best_rejected_stop,marginal_utility_negative,13,8-8-6-6-6,96,10,"{""EF1"": 1, ""EF2"": 3, ""EF3"": 3, ""EF4"": 3, ""EF5"": 5, ""SL5"": 3, ""SL6"": 2, ""Seuil3"": 4, ""Seuil4"": 1}",delta_fatigue_term,0.1377801120448182,0.18207282913165201,0.2942927170868339
9,12,6,weighted_greedy,8-8-8-6-6-6,8,-8,23,22,1,EF1,EF,1,1,7,1,0,True,,False,0.13043478260869534,0.0,-0.02023809523809525,-0.25,-0.13980331262940027,-3.608224830031759e-16,6.026708074534162,5.886904761904762,23,-1,0,0,0,0,0,0,-8,-8,False,16,0.0,1,False,best_rejected_stop,marginal_utility_negative,15,8-8-8-6-6-6,131,13,"{""EF1"": 2, ""EF2"": 4, ""EF3"": 3, ""EF4"": 4, ""EF5"": 7, ""SL5"": 3, ""SL6"": 2, ""SL7"": 2, ""Seuil3"": 4, ""Seuil4"": 2}",delta_fatigue_term,0.1101966873706001,0.018167701863355035,0.1579710144927553
9,14,5,weighted_greedy,8-8-8-8-6-6,8,-8,24,19,5,EF4,EF,4,4,8,4,0,True,,False,0.5,0.0,-0.004687500000000011,-0.5,-0.004687500000000178,-1.6653345369377348e-16,6.0234375,6.01875,23,-2,0,0,0,0,0,3,-8,-8,False,16,0.0,1,False,best_rejected_stop,marginal_utility_negative,15,8-8-8-8-6-6,167,16,"{""EF1"": 2, ""EF2"": 6, ""EF3"": 3, ""EF4"": 7, ""EF5"": 8, ""SL5"": 3, ""SL6"": 2, ""SL7"": 3, ""Seuil3"": 4, ""Seuil4"": 4}",delta_fatigue_term,0.24765625,0.4921875,0.4968750000000002
9,15,5,weighted_greedy,8-8-8-8-6-6,8,-8,24,19,5,EF4,EF,4,4,7,4,0,True,,False,0.5,0.0,-0.005357142857142866,-0.5,-0.005357142857142172,6.938893903907228e-16,6.044642857142857,6.039285714285715,23,-2,0,0,0,0,0,3,-8,-8,False,16,0.0,1,False,best_rejected_stop,marginal_utility_negative,15,8-8-8-8-6-6,186,18,"{""EF1"": 2, ""EF2"": 7, ""EF3"": 3, ""EF4"": 7, ""EF5"": 9, ""SL5"": 3, ""SL6"": 2, ""SL7"": 3, ""SL8"": 1, ""Seuil3"": 4, ""Seuil4"": 5}",delta_fatigue_term,0.24732142857142858,0.49107142857142794,0.4964285714285701
10,1,3,weighted_greedy,6-6-6-6,6,0,13,4,9,EF1,EF,1,1,5,1,0,True,,False,0.23076923076923084,0.0,-0.016666666666666663,-0.75,-0.5358974358974358,0.0,3.023076923076923,2.4871794871794872,5,-9,0,0,0,0,-4,0,-4,-4,False,10,0.0,1,False,best_rejected_stop,marginal_utility_negative,2,6-6-6-6,0,0,{},delta_fatigue_term,0.07136752136752139,0.4615384615384617,0.9974358974358974
10,2,6,weighted_greedy,6-6-6-6,6,-4,13,12,1,EF1,EF,1,1,5,1,0,True,,False,0.23076923076923084,0.0,-0.011666666666666672,-0.25,-0.030897435897435876,-4.163336342344337e-17,5.889230769230769,5.858333333333333,13,-1,0,0,0,0,0,0,-4,-4,False,10,0.0,1,False,best_rejected_stop,marginal_utility_negative,6,6-6-6-6,4,0,"{""EF2"": 2}",delta_fatigue_term,0.21910256410256418,0.21326923076923077,0.24416666666666664
10,3,4,weighted_greedy,6-6-6-6,6,-4,11,10,1,EF1,EF,1,1,6,1,0,True,,False,0.27272727272727293,0.0,-0.024305555555555566,-0.25,-0.0015782828282828731,-2.3592239273284576e-16,4.616161616161616,4.614583333333333,11,-3,0,0,0,0,0,1,-4,-4,False,10,0.0,1,False,best_rejected_stop,marginal_utility_negative,8,6-6-6-6,16,2,"{""EF1"": 1, ""EF2"": 3, ""EF3"": 1, ""Seuil3"": 2}",delta_fatigue_term,0.24842171717171735,0.5612373737373737,0.5628156565656566
10,6,3,weighted_greedy,8-6-6-6-6,8,-5,17,10,7,EF5,EF,5,5,7,5,0,True,,False,0.8823529411764706,0.0,0.0,-1.0,-0.117647058823529,4.440892098500626e-16,4.69327731092437,4.57563025210084,15,-4,0,0,0,0,-1,3,-6,-6,False,14,0.0,1,False,best_rejected_stop,marginal_utility_negative,12,8-6-6-6-6,51,5,"{""EF1"": 1, ""EF2"": 3, ""EF3"": 4, ""EF4"": 2, ""EF5"": 1, ""SL5"": 1, ""Seuil3"": 2, ""Seuil4"": 2}",delta_fatigue_term,0.22058823529411764,,
10,8,5,weighted_greedy,8-6-6-6-6,8,-8,19,18,1,EF1,EF,1,1,8,1,0,True,,False,0.1578947368421053,0.0,-0.021875000000000006,-0.5,-0.36398026315789433,3.3306690738754696e-16,5.732730263157895,5.36875,19,1,1,1,0,0,0,0,-7,-7,False,15,0.0,1,False,best_rejected_stop,marginal_utility_negative,13,8-6-6-6-6,78,7,"{""EF1"": 1, ""EF2"": 4, ""EF3"": 4, ""EF4"": 3, ""EF5"": 3, ""SL5"": 2, ""SL6"": 1, ""Seuil3"": 2, ""Seuil4"": 2}",delta_fatigue_term,0.06800986842105265,1.458059210526316,1.8220394736842103
10,9,3,weighted_greedy,8-8-6-6-6,8,-8,17,11,6,EF5,EF,5,5,6,5,0,True,,False,0.8823529411764701,0.0,-0.0069444444444444475,-1.0,-0.12459150326797364,6.938893903907228e-16,4.9203431372549025,4.795751633986928,16,-4,0,0,0,0,-1,3,-9,-8,False,16,0.0,1,False,best_rejected_stop,marginal_utility_negative,14,8-8-6-6-6,96,9,"{""EF1"": 1, ""EF2"": 4, ""EF3"": 4, ""EF4"": 4, ""EF5"": 4, ""SL5"": 2, ""SL6"": 2, ""Seuil3"": 3, ""Seuil4"": 2}",delta_fatigue_term,0.21885212418300642,,
10,10,5,weighted_greedy,8-8-6-6-6-6,8,-8,18,17,1,EF1,EF,1,1,7,1,0,True,,False,0.16666666666666696,0.0,-0.023214285714285687,-0.25,-0.10654761904761845,2.7755575615628914e-16,6.4851190476190474,6.378571428571429,18,-5,0,0,0,0,-2,1,-10,-8,False,16,0.0,1,False,best_rejected_stop,marginal_utility_negative,14,8-8-6-6-6-6,107,10,"{""EF1"": 1, ""EF2"": 4, ""EF3"": 4, ""EF4"": 4, ""EF5"": 5, ""SL5"": 2, ""SL6"": 3, ""Seuil3"": 3, ""Seuil4"": 2}",delta_fatigue_term,0.14345238095238128,0.6636904761904763,0.7702380952380947
10,11,5,weighted_greedy,8-8-8-6-6-6,8,-8,24,18,6,EF4,EF,4,4,6,4,0,True,,False,0.5,0.0,-0.004166666666666652,-0.5,-0.00416666666666643,2.220446049250313e-16,5.9375,5.933333333333334,22,-2,0,0,0,0,0,3,-8,-8,False,16,0.0,1,False,best_rejected_stop,marginal_utility_negative,14,8-8-8-6-6-6,124,12,"{""EF1"": 2, ""EF2"": 4, ""EF3"": 4, ""EF4"": 4, ""EF5"": 6, ""SL5"": 2, ""SL6"": 3, ""SL7"": 1, ""Seuil3"": 3, ""Seuil4"": 3}",delta_fatigue_term,0.24791666666666667,0.49305555555555536,0.4972222222222218
10,12,5,weighted_greedy,8-8-8-6-6-6,8,-8,28,18,10,EF2,EF,2,2,8,2,0,True,,False,0.21428571428571397,0.0,-0.015625,-0.25,-0.051339285714286476,-4.440892098500626e-16,5.569196428571429,5.517857142857142,20,-4,0,0,0,0,-1,2,-9,-8,False,16,0.0,1,False,best_rejected_stop,marginal_utility_negative,14,8-8-8-6-6-6,142,14,"{""EF1"": 2, ""EF2"": 4, ""EF3"": 5, ""EF4"": 4, ""EF5"": 7, ""SL5"": 2, ""SL6"": 4, ""SL7"": 1, ""Seuil3"": 3, ""Seuil4"": 4}",delta_fatigue_term,0.19866071428571397,0.4233630952380949,0.4747023809523814
10,13,5,weighted_greedy,8-8-8-8-6-6,8,-8,20,19,1,EF1,EF,1,1,7,1,0,True,,False,0.15000000000000036,0.0,-0.0267857142857143,-0.25,-0.12678571428571317,7.771561172376096e-16,6.519642857142856,6.392857142857143,20,-5,0,0,0,0,-2,1,-10,-8,False,16,0.0,1,False,best_rejected_stop,marginal_utility_negative,15,8-8-8-8-6-6,160,16,"{""EF1"": 2, ""EF2"": 5, ""EF3"": 5, ""EF4"": 4, ""EF5"": 8, ""SL5"": 2, ""SL6"": 4, ""SL7"": 2, ""Seuil3"": 3, ""Seuil4"": 5}",delta_fatigue_term,0.12321428571428605,0.5910714285714276,0.7178571428571408
10,15,5,weighted_greedy,8-8-8-8-6-6,8,-8,20,19,1,EF1,EF,1,1,6,1,0,True,,False,0.15000000000000036,0.0,-0.03125,-0.25,-0.13124999999999964,0.0,6.547916666666667,6.416666666666667,20,-5,0,0,0,0,-2,1,-10,-8,False,16,0.0,1,False,best_rejected_stop,marginal_utility_negative,15,8-8-8-8-6-6,202,20,"{""EF1"": 2, ""EF2"": 6, ""EF3"": 6, ""EF4"": 5, ""EF5"": 10, ""SL5"": 2, ""SL6"": 4, ""SL7"": 3, ""SL8"": 1, ""Seuil3"": 3, ""Seuil4"": 7}",delta_fatigue_term,0.11875000000000036,0.5895833333333327,0.7208333333333323
10,16,5,weighted_greedy,8-8-8-8-6-6,8,-8,27,19,8,EF2,EF,2,2,7,2,0,True,,False,0.22222222222222232,0.0,-0.019642857142857156,-0.25,-0.0474206349206332,1.6375789613221059e-15,5.780753968253968,5.733333333333333,21,-4,0,0,0,0,-1,2,-9,-8,False,16,0.0,1,False,best_rejected_stop,marginal_utility_negative,15,8-8-8-8-6-6,221,22,"{""EF1"": 2, ""EF2"": 6, ""EF3"": 6, ""EF4"": 6, ""EF5"": 11, ""SL5"": 2, ""SL6"": 5, ""SL7"": 3, ""SL8"": 1, ""Seuil3"": 3, ""Seuil4"": 8}",delta_fatigue_term,0.20257936507936516,0.4355158730158726,0.4829365079365058
11,1,3,weighted_greedy,6-6-6-6,6,0,13,4,9,EF1,EF,1,1,5,1,0,True,,False,0.23076923076923084,0.0,-0.016666666666666663,-0.75,-0.5358974358974358,0.0,3.023076923076923,2.4871794871794872,5,-9,0,0,0,0,-4,0,-4,-4,False,10,0.0,1,False,best_rejected_stop,marginal_utility_negative,2,6-6-6-6,0,0,{},delta_fatigue_term,0.07136752136752139,0.4615384615384617,0.9974358974358974
11,2,6,weighted_greedy,6-6-6-6,6,-4,14,12,2,EF1,EF,1,1,5,1,0,True,,False,0.2142857142857144,0.0,-0.011666666666666672,-0.25,-0.0473809523809523,-4.163336342344337e-17,5.691428571428571,5.644047619047619,13,-1,0,0,0,0,0,0,-4,-4,False,10,0.0,1,False,best_rejected_stop,marginal_utility_negative,6,6-6-6-6,4,0,"{""EF2"": 2}",delta_fatigue_term,0.20261904761904775,0.19678571428571345,0.24416666666666575
11,3,4,weighted_greedy,6-6-6-6,6,-4,11,10,1,EF1,EF,1,1,5,1,0,True,,False,0.27272727272727293,0.0,-0.029166666666666674,-0.25,-0.006439393939393412,3.3306690738754696e-16,4.643939393939394,4.6375,11,-3,0,0,0,0,0,1,-4,-4,False,10,0.0,1,False,best_rejected_stop,marginal_utility_negative,8,6-6-6-6,16,2,"{""EF1"": 1, ""EF2"": 3, ""EF3"": 1, ""Seuil3"": 2}",delta_fatigue_term,0.24356060606060626,0.5598484848484846,0.566287878787878
11,4,4,weighted_greedy,6-6-6-6,6,-5,13,12,1,EF1,EF,1,1,6,1,0,True,,False,0.23076923076923084,0.0,-0.03125,-0.25,-0.05048076923076916,0.0,4.435897435897436,4.385416666666667,13,-1,0,0,0,0,0,0,-5,-5,False,11,0.0,1,False,best_rejected_stop,marginal_utility_negative,9,6-6-6-6,26,3,"{""EF1"": 1, ""EF2"": 3, ""EF3"": 3, ""Seuil3"": 2, ""Seuil4"": 1}",delta_fatigue_term,0.19951923076923084,0.42307692307692335,0.4735576923076925
11,7,3,weighted_greedy,8-6-6-6-6,8,-8,12,10,2,EF2,EF,2,2,5,2,0,True,,False,0.5,0.0,-0.04999999999999999,-0.75,-0.2999999999999998,1.6653345369377348e-16,5.5,5.2,12,-7,0,0,0,0,-4,0,-12,-8,False,16,0.0,1,False,best_rejected_stop,marginal_utility_negative,12,8-6-6-6-6,60,6,"{""EF1"": 2, ""EF2"": 3, ""EF3"": 4, ""EF4"": 3, ""EF5"": 1, ""SL5"": 1, ""Seuil3"": 2, ""Seuil4"": 3}",delta_fatigue_term,0.15,,
11,8,3,weighted_greedy,8-6-6-6-6,8,-8,16,10,6,EF5,EF,5,5,5,5,0,True,,False,0.9375,0.0,0.0,-1.0,-0.0625,0.0,4.875,4.8125,15,-4,0,0,0,0,-1,3,-9,-8,False,16,0.0,1,False,best_rejected_stop,marginal_utility_negative,13,8-6-6-6-6,70,7,"{""EF1"": 2, ""EF2"": 3, ""EF3"": 4, ""EF4"": 3, ""EF5"": 2, ""SL5"": 2, ""Seuil3"": 2, ""Seuil4"": 3}",delta_fatigue_term,0.234375,,
11,9,3,weighted_greedy,8-8-6-6-6,8,-8,19,11,8,EF5,EF,5,5,8,5,0,True,,False,0.7894736842105261,0.0,-0.005208333333333343,-1.0,-0.2157346491228065,7.494005416219807e-16,4.6587171052631575,4.442982456140351,16,-4,0,0,0,0,-1,3,-9,-8,False,16,0.0,1,False,best_rejected_stop,marginal_utility_negative,13,8-8-6-6-6,80,8,"{""EF1"": 2, ""EF2"": 3, ""EF3"": 4, ""EF4"": 3, ""EF5"": 3, ""SL5"": 3, ""Seuil3"": 2, ""Seuil4"": 3}",delta_fatigue_term,0.19606633771929818,,
11,10,3,weighted_greedy,8-8-6-6-6,8,-8,15,11,4,EF3,EF,3,3,8,3,0,True,,False,0.6000000000000001,0.0,-0.026041666666666657,-0.75,-0.17604166666666643,1.3877787807814457e-16,5.121874999999999,4.945833333333333,14,-6,0,0,0,0,-3,1,-11,-8,False,16,0.0,1,False,best_rejected_stop,marginal_utility_negative,13,8-8-6-6-6,91,9,"{""EF1"": 2, ""EF2"": 3, ""EF3"": 4, ""EF4"": 3, ""EF5"": 4, ""SL5"": 3, ""SL6"": 1, ""Seuil3"": 2, ""Seuil4"": 3}",delta_fatigue_term,0.1913194444444445,,
11,11,6,weighted_greedy,8-8-6-6-6-6,8,-8,23,21,2,EF1,EF,1,1,8,1,0,True,,False,0.13043478260869623,0.0,-0.016666666666666677,-0.25,-0.13623188405797038,5.551115123125783e-17,5.870380434782608,5.734148550724638,22,-1,0,0,0,0,0,0,-8,-8,False,16,0.0,1,False,best_rejected_stop,marginal_utility_negative,14,8-8-6-6-6-6,102,10,"{""EF1"": 2, ""EF2"": 3, ""EF3"": 4, ""EF4"": 3, ""EF5"": 5, ""SL5"": 3, ""SL6"": 2, ""Seuil3"": 2, ""Seuil4"": 3}",delta_fatigue_term,0.11376811594202955,0.020176630434781906,0.15640851449275228
11,12,6,weighted_greedy,8-8-8-6-6-6,8,-8,23,22,1,EF1,EF,1,1,6,1,0,True,,False,0.13043478260869534,0.0,-0.02361111111111111,-0.25,-0.1431763285024159,-1.3877787807814457e-16,6.052898550724638,5.909722222222222,23,-1,0,0,0,0,0,0,-8,-8,False,16,0.0,1,False,best_rejected_stop,marginal_utility_negative,14,8-8-8-6-6-6,123,12,"{""EF1"": 3, ""EF2"": 3, ""EF3"": 4, ""EF4"": 4, ""EF5"": 6, ""SL5"": 3, ""SL6"": 2, ""SL7"": 1, ""Seuil3"": 2, ""Seuil4"": 4}",delta_fatigue_term,0.10682367149758423,0.01757246376811672,0.16074879227053263
11,15,5,weighted_greedy,8-8-8-8-6-6,8,-8,25,19,6,EF4,EF,4,4,7,4,0,True,,False,0.48,0.0,-0.005357142857142866,-0.5,-0.025357142857142634,2.498001805406602e-16,5.949642857142857,5.924285714285714,23,-2,0,0,0,0,0,3,-8,-8,False,16,0.0,1,False,best_rejected_stop,marginal_utility_negative,15,8-8-8-8-6-6,181,18,"{""EF1"": 3, ""EF2"": 5, ""EF3"": 5, ""EF4"": 5, ""EF5"": 9, ""SL5"": 3, ""SL6"": 3, ""SL7"": 2, ""SL8"": 1, ""Seuil3"": 3, ""Seuil4"": 6}",delta_fatigue_term,0.23732142857142857,0.47107142857142925,0.4964285714285719
11,16,5,weighted_greedy,8-8-8-8-6-6,8,-8,20,19,1,EF1,EF,1,1,6,1,0,True,,False,0.15000000000000036,0.0,-0.03125,-0.25,-0.13124999999999964,0.0,6.547916666666667,6.416666666666667,20,-5,0,0,0,0,-2,1,-10,-8,False,16,0.0,1,False,best_rejected_stop,marginal_utility_negative,15,8-8-8-8-6-6,200,20,"{""EF1"": 3, ""EF2"": 5, ""EF3"": 6, ""EF4"": 5, ""EF5"": 10, ""SL5"": 3, ""SL6"": 3, ""SL7"": 3, ""SL8"": 1, ""Seuil3"": 3, ""Seuil4"": 7}",delta_fatigue_term,0.11875000000000036,0.5895833333333327,0.7208333333333323
12,1,3,weighted_greedy,6-6-6-6,6,0,15,4,11,EF1,EF,1,1,6,1,0,True,,False,0.19999999999999996,0.0,-0.013888888888888881,-0.75,-0.5638888888888887,2.220446049250313e-16,2.8833333333333333,2.3194444444444446,5,-9,0,0,0,0,-4,0,-4,-4,False,10,0.0,1,False,best_rejected_stop,marginal_utility_negative,2,6-6-6-6,0,0,{},delta_fatigue_term,0.06203703703703702,0.3999999999999999,0.9638888888888886
12,2,6,weighted_greedy,6-6-6-6,6,-4,13,12,1,EF1,EF,1,1,6,1,0,True,,False,0.23076923076923084,0.0,-0.009722222222222215,-0.25,-0.028952991452991128,2.498001805406602e-16,5.869230769230769,5.840277777777778,13,-1,0,0,0,0,0,0,-4,-4,False,10,0.0,1,False,best_rejected_stop,marginal_utility_negative,6,6-6-6-6,4,0,"{""EF2"": 2}",delta_fatigue_term,0.22104700854700862,0.21618589743589745,0.24513888888888857
12,4,5,weighted_greedy,8-6-6-6,8,-4,15,14,1,EF1,EF,1,1,8,1,0,True,,False,0.20000000000000018,0.0,-0.015625,-0.25,-0.06562499999999982,0.0,5.659375,5.59375,15,0,0,0,0,0,0,0,-4,-4,False,12,0.0,1,False,best_rejected_stop,marginal_utility_negative,9,8-6-6-6,29,4,"{""EF1"": 1, ""EF2"": 3, ""EF3"": 3, ""Seuil3"": 3, ""Seuil4"": 1}",delta_fatigue_term,0.18437500000000018,1.5947916666666666,1.6604166666666664
12,6,3,weighted_greedy,8-6-6-6-6,8,-4,16,10,6,EF5,EF,5,5,8,5,0,True,,False,0.9375,0.0,0.0,-1.0,-0.0625,0.0,4.78125,4.71875,15,-4,0,0,0,0,-1,3,-5,-5,False,13,0.0,1,False,best_rejected_stop,marginal_utility_negative,11,8-6-6-6-6,56,7,"{""EF1"": 1, ""EF2"": 3, ""EF3"": 4, ""EF4"": 2, ""EF5"": 1, ""SL5"": 1, ""Seuil3"": 5, ""Seuil4"": 1}",delta_fatigue_term,0.234375,,
12,7,3,weighted_greedy,8-8-6-6-6,8,-8,19,11,8,EF5,EF,5,5,6,5,0,True,,False,0.7894736842105261,0.0,-0.0069444444444444475,-1.0,-0.2174707602339181,2.498001805406602e-16,4.7160087719298245,4.498538011695906,16,-4,0,0,0,0,-1,3,-9,-8,False,16,0.0,1,False,best_rejected_stop,marginal_utility_negative,12,8-8-6-6-6,66,8,"{""EF1"": 1, ""EF2"": 3, ""EF3"": 4, ""EF4"": 2, ""EF5"": 2, ""SL5"": 2, ""Seuil3"": 5, ""Seuil4"": 1}",delta_fatigue_term,0.19563230994152042,,
12,8,3,weighted_greedy,8-8-6-6-6,8,-8,18,11,7,EF5,EF,5,5,7,5,0,True,,False,0.833333333333333,0.0,-0.005952380952380959,-1.0,-0.17261904761904834,-4.163336342344337e-16,4.779761904761905,4.607142857142857,16,-4,0,0,0,0,-1,3,-9,-8,False,16,0.0,1,False,best_rejected_stop,marginal_utility_negative,12,8-8-6-6-6,77,9,"{""EF1"": 1, ""EF2"": 3, ""EF3"": 4, ""EF4"": 2, ""EF5"": 3, ""SL5"": 2, ""SL6"": 1, ""Seuil3"": 5, ""Seuil4"": 1}",delta_fatigue_term,0.20684523809523803,,
12,9,5,weighted_greedy,8-8-6-6-6,8,-8,21,19,2,EF1,EF,1,1,7,1,0,True,,False,0.14285714285714235,0.0,-0.0267857142857143,-0.5,-0.3839285714285712,7.771561172376096e-16,5.633928571428571,5.25,20,1,1,1,0,0,0,0,-7,-7,False,15,0.0,1,False,best_rejected_stop,marginal_utility_negative,13,8-8-6-6-6,88,10,"{""EF1"": 1, ""EF2"": 3, ""EF3"": 4, ""EF4"": 2, ""EF5"": 4, ""SL5"": 2, ""SL6"": 2, ""Seuil3"": 5, ""Seuil4"": 1}",delta_fatigue_term,0.058035714285714024,1.407738095238095,1.791666666666666
12,10,5,weighted_greedy,8-8-8-6-6-6,8,-8,24,18,6,EF4,EF,4,4,6,4,0,True,,False,0.5,0.0,-0.004166666666666652,-0.5,-0.00416666666666643,2.220446049250313e-16,5.9375,5.933333333333334,22,-2,0,0,0,0,0,3,-8,-8,False,16,0.0,1,False,best_rejected_stop,marginal_utility_negative,13,8-8-8-6-6-6,107,12,"{""EF1"": 1, ""EF2"": 3, ""EF3"": 4, ""EF4"": 3, ""EF5"": 5, ""SL5"": 2, ""SL6"": 2, ""SL7"": 1, ""Seuil3"": 6, ""Seuil4"": 1}",delta_fatigue_term,0.24791666666666667,0.49305555555555536,0.4972222222222218
12,11,5,weighted_greedy,8-8-8-6-6-6,8,-8,25,18,7,EF4,EF,4,4,7,4,0,True,,False,0.48,0.0,-0.0035714285714285587,-0.5,-0.02357142857142769,8.881784197001252e-16,5.820714285714286,5.797142857142857,22,-2,0,0,0,0,0,3,-8,-8,False,16,0.0,1,False,best_rejected_stop,marginal_utility_negative,14,8-8-8-6-6-6,125,14,"{""EF1"": 1, ""EF2"": 3, ""EF3"": 5, ""EF4"": 3, ""EF5"": 6, ""SL5"": 2, ""SL6"": 3, ""SL7"": 1, ""Seuil3"": 6, ""Seuil4"": 2}",delta_fatigue_term,0.2382142857142857,0.47404761904761905,0.49761904761904674
12,12,5,weighted_greedy,8-8-8-8-6-6,8,-8,24,19,5,EF4,EF,4,4,8,4,0,True,,False,0.5,0.0,-0.004687500000000011,-0.5,-0.004687500000000178,-1.6653345369377348e-16,6.0234375,6.01875,23,-2,0,0,0,0,0,3,-8,-8,False,16,0.0,1,False,best_rejected_stop,marginal_utility_negative,15,8-8-8-8-6-6,143,16,"{""EF1"": 1, ""EF2"": 4, ""EF3"": 5, ""EF4"": 3, ""EF5"": 7, ""SL5"": 2, ""SL6"": 3, ""SL7"": 2, ""Seuil3"": 6, ""Seuil4"": 3}",delta_fatigue_term,0.24765625,0.4921875,0.4968750000000002
12,13,5,weighted_greedy,8-8-8-8-6-6,8,-8,25,19,6,EF4,EF,4,4,6,4,0,True,,False,0.48,0.0,-0.0062500000000000056,-0.5,-0.026250000000000995,-9.71445146547012e-16,5.977916666666667,5.951666666666667,23,-2,0,0,0,0,0,3,-8,-8,False,16,0.0,1,False,best_rejected_stop,marginal_utility_negative,15,8-8-8-8-6-6,162,18,"{""EF1"": 1, ""EF2"": 5, ""EF3"": 5, ""EF4"": 3, ""EF5"": 8, ""SL5"": 2, ""SL6"": 3, ""SL7"": 2, ""SL8"": 1, ""Seuil3"": 6, ""Seuil4"": 4}",delta_fatigue_term,0.236875,0.46958333333333435,0.49583333333333535
12,14,5,weighted_greedy,8-8-8-8-6-6,8,-8,24,19,5,EF4,EF,4,4,6,4,0,True,,False,0.5,0.0,-0.0062500000000000056,-0.5,-0.006250000000000533,-5.273559366969494e-16,6.072916666666667,6.066666666666666,23,-2,0,0,0,0,0,3,-8,-8,False,16,0.0,1,False,best_rejected_stop,marginal_utility_negative,15,8-8-8-8-6-6,181,20,"{""EF1"": 1, ""EF2"": 5, ""EF3"": 5, ""EF4"": 4, ""EF5"": 9, ""SL5"": 2, ""SL6"": 4, ""SL7"": 2, ""SL8"": 1, ""Seuil3"": 6, ""Seuil4"": 5}",delta_fatigue_term,0.246875,0.48958333333333304,0.49583333333333357
12,15,5,weighted_greedy,8-8-8-8-6-6,8,-8,24,19,5,EF4,EF,4,4,7,4,0,True,,False,0.5,0.0,-0.005357142857142866,-0.5,-0.005357142857142172,6.938893903907228e-16,6.044642857142857,6.039285714285715,23,-2,0,0,0,0,0,3,-8,-8,False,16,0.0,1,False,best_rejected_stop,marginal_utility_negative,15,8-8-8-8-6-6,200,22,"{""EF1"": 1, ""EF2"": 5, ""EF3"": 5, ""EF4"": 5, ""EF5"": 10, ""SL5"": 2, ""SL6"": 5, ""SL7"": 2, ""SL8"": 1, ""Seuil3"": 6, ""Seuil4"": 6}",delta_fatigue_term,0.24732142857142858,0.49107142857142794,0.4964285714285701
12,16,5,weighted_greedy,8-8-8-8-6-6,8,-8,20,19,1,EF1,EF,1,1,7,1,0,True,,False,0.15000000000000036,0.0,-0.0267857142857143,-0.25,-0.12678571428571317,7.771561172376096e-16,6.519642857142856,6.392857142857143,20,-5,0,0,0,0,-2,1,-10,-8,False,16,0.0,1,False,best_rejected_stop,marginal_utility_negative,15,8-8-8-8-6-6,219,24,"{""EF1"": 1, ""EF2"": 5, ""EF3"": 6, ""EF4"": 5, ""EF5"": 11, ""SL5"": 2, ""SL6"": 5, ""SL7"": 3, ""SL8"": 1, ""Seuil3"": 6, ""Seuil4"": 7}",delta_fatigue_term,0.12321428571428605,0.5910714285714276,0.7178571428571408
13,1,3,weighted_greedy,6-6-6-6,6,0,12,4,8,EF1,EF,1,1,6,1,0,True,,False,0.25,0.0,-0.013888888888888881,-0.75,-0.5138888888888884,4.440892098500626e-16,3.0833333333333335,2.5694444444444446,5,-9,0,0,0,0,-4,0,-4,-4,False,10,0.0,1,False,best_rejected_stop,marginal_utility_negative,2,6-6-6-6,0,0,{},delta_fatigue_term,0.0787037037037037,0.49999999999999956,1.013888888888888
13,2,6,weighted_greedy,6-6-6-6,6,-4,14,12,2,EF1,EF,1,1,6,1,0,True,,False,0.2142857142857144,0.0,-0.009722222222222215,-0.25,-0.04543650793650755,2.498001805406602e-16,5.671428571428571,5.625992063492063,13,-1,0,0,0,0,0,0,-4,-4,False,10,0.0,1,False,best_rejected_stop,marginal_utility_negative,6,6-6-6-6,4,0,"{""EF2"": 2}",delta_fatigue_term,0.2045634920634922,0.19970238095238013,0.24513888888888768
13,4,4,weighted_greedy,6-6-6-6,6,-4,14,12,2,EF1,EF,1,1,6,1,0,True,,False,0.2142857142857144,0.0,-0.03125,-0.25,-0.06696428571428559,0.0,4.238095238095238,4.1711309523809526,13,-1,0,0,0,0,0,0,-4,-4,False,10,0.0,1,False,best_rejected_stop,marginal_utility_negative,9,6-6-6-6,28,3,"{""EF1"": 1, ""EF2"": 4, ""EF3"": 3, ""Seuil3"": 2, ""Seuil4"": 1}",delta_fatigue_term,0.1830357142857144,0.3571428571428572,0.4241071428571428
13,6,3,weighted_greedy,8-6-6-6-6,8,-4,17,10,7,EF5,EF,5,5,6,5,0,True,,False,0.8823529411764706,0.0,0.0,-1.0,-0.11764705882352988,-4.440892098500626e-16,4.723039215686274,4.605392156862745,15,-4,0,0,0,0,-1,3,-5,-5,False,13,0.0,1,False,best_rejected_stop,marginal_utility_negative,12,8-6-6-6-6,52,5,"{""EF1"": 1, ""EF2"": 5, ""EF3"": 3, ""EF4"": 2, ""EF5"": 1, ""SL5"": 1, ""Seuil3"": 2, ""Seuil4"": 2}",delta_fatigue_term,0.22058823529411764,,
13,7,4,weighted_greedy,8-6-6-6-6,8,-8,16,15,1,EF1,EF,1,1,8,1,0,True,,False,0.1875,0.0,-0.03125,-0.25,-0.09375,0.0,4.71875,4.625,16,-3,0,0,0,0,0,1,-8,-8,False,16,0.0,1,False,best_rejected_stop,marginal_utility_negative,13,8-6-6-6-6,62,6,"{""EF1"": 1, ""EF2"": 5, ""EF3"": 3, ""EF4"": 2, ""EF5"": 2, ""SL5"": 2, ""Seuil3"": 2, ""Seuil4"": 2}",delta_fatigue_term,0.15625,0.234375,0.328125
13,9,3,weighted_greedy,8-8-6-6-6,8,-8,23,12,11,EF4,EF,4,4,7,4,0,True,,False,0.5217391304347827,0.0,-0.023809523809523808,-0.5,-0.002070393374741464,-3.608224830031759e-16,4.029503105590062,4.027432712215321,16,-4,0,0,0,0,-1,3,-9,-8,False,16,0.0,1,False,best_rejected_stop,marginal_utility_negative,14,8-8-6-6-6,94,8,"{""EF1"": 1, ""EF2"": 6, ""EF3"": 3, ""EF4"": 4, ""EF5"": 4, ""SL5"": 2, ""SL6"": 2, ""Seuil3"": 2, ""Seuil4"": 2}",delta_fatigue_term,0.24896480331262943,,
13,10,6,weighted_greedy,8-8-6-6-6-6,8,-8,22,21,1,EF1,EF,1,1,6,1,0,True,,False,0.13636363636363624,0.0,-0.022222222222222254,-0.25,-0.13585858585858546,5.551115123125783e-16,6.038636363636364,5.902777777777778,22,-1,0,0,0,0,0,0,-8,-8,False,16,0.0,1,False,best_rejected_stop,marginal_utility_negative,14,8-8-6-6-6-6,106,9,"{""EF1"": 1, ""EF2"": 6, ""EF3"": 3, ""EF4"": 4, ""EF5"": 5, ""SL5"": 2, ""SL6"": 2, ""SL7"": 1, ""Seuil3"": 2, ""Seuil4"": 2}",delta_fatigue_term,0.11414141414141399,0.043371212121211755,0.1792297979797972
13,11,5,weighted_greedy,8-8-6-6-6-6,8,-8,24,17,7,EF4,EF,4,4,6,4,0,True,,False,0.5,0.0,-0.002083333333333326,-0.5,-0.002083333333333215,1.1102230246251565e-16,5.802083333333333,5.8,21,-2,0,0,0,0,0,3,-8,-8,False,16,0.0,1,False,best_rejected_stop,marginal_utility_negative,14,8-8-6-6-6-6,127,11,"{""EF1"": 1, ""EF2"": 7, ""EF3"": 3, ""EF4"": 5, ""EF5"": 6, ""SL5"": 2, ""SL6"": 3, ""SL7"": 1, ""Seuil3"": 2, ""Seuil4"": 3}",delta_fatigue_term,0.24895833333333334,0.4965277777777777,0.4986111111111109
13,12,5,weighted_greedy,8-8-8-6-6-6,8,-8,24,18,6,EF4,EF,4,4,8,4,0,True,,False,0.5,0.0,-0.003124999999999989,-0.5,-0.0031249999999998224,1.6653345369377348e-16,5.890625,5.8875,22,-2,0,0,0,0,0,3,-8,-8,False,16,0.0,1,False,best_rejected_stop,marginal_utility_negative,14,8-8-8-6-6-6,144,13,"{""EF1"": 1, ""EF2"": 8, ""EF3"": 3, ""EF4"": 5, ""EF5"": 7, ""SL5"": 2, ""SL6"": 4, ""SL7"": 1, ""Seuil3"": 2, ""Seuil4"": 4}",delta_fatigue_term,0.2484375,0.4947916666666661,0.4979166666666659
13,13,6,weighted_greedy,8-8-8-6-6-6,8,-8,23,22,1,EF1,EF,1,1,6,1,0,True,,False,0.13043478260869534,0.0,-0.02361111111111111,-0.25,-0.1431763285024159,-1.3877787807814457e-16,6.052898550724638,5.909722222222222,23,-1,0,0,0,0,0,0,-8,-8,False,16,0.0,1,False,best_rejected_stop,marginal_utility_negative,15,8-8-8-6-6-6,162,15,"{""EF1"": 1, ""EF2"": 9, ""EF3"": 3, ""EF4"": 5, ""EF5"": 8, ""SL5"": 2, ""SL6"": 4, ""SL7"": 2, ""Seuil3"": 2, ""Seuil4"": 5}",delta_fatigue_term,0.10682367149758423,0.01757246376811672,0.16074879227053263
13,14,5,weighted_greedy,8-8-8-8-6-6,8,-8,25,19,6,EF4,EF,4,4,8,4,0,True,,False,0.48,0.0,-0.004687500000000011,-0.5,-0.02468750000000064,-6.106226635438361e-16,5.9284375,5.9037500000000005,23,-2,0,0,0,0,0,3,-8,-8,False,16,0.0,1,False,best_rejected_stop,marginal_utility_negative,15,8-8-8-8-6-6,184,17,"{""EF1"": 1, ""EF2"": 9, ""EF3"": 4, ""EF4"": 6, ""EF5"": 9, ""SL5"": 2, ""SL6"": 5, ""SL7"": 2, ""Seuil3"": 2, ""Seuil4"": 6}",delta_fatigue_term,0.23765624999999999,0.4721875000000004,0.49687500000000107
13,15,5,weighted_greedy,8-8-8-8-6-6,8,-8,27,19,8,EF2,EF,2,2,8,2,0,True,,False,0.22222222222222232,0.0,-0.017187499999999994,-0.25,-0.044965277777777146,5.273559366969494e-16,5.759548611111111,5.714583333333334,21,-4,0,0,0,0,-1,2,-9,-8,False,16,0.0,1,False,best_rejected_stop,marginal_utility_negative,15,8-8-8-8-6-6,203,19,"{""EF1"": 1, ""EF2"": 10, ""EF3"": 4, ""EF4"": 6, ""EF5"": 10, ""SL5"": 2, ""SL6"": 5, ""SL7"": 2, ""SL8"": 1, ""Seuil3"": 2, ""Seuil4"": 7}",delta_fatigue_term,0.20503472222222233,0.43663194444444375,0.4815972222222209
13,16,6,weighted_greedy,8-8-8-8-6-6,8,-8,22,21,1,EF1,EF,1,1,7,1,0,True,,False,0.13636363636363624,0.0,-0.019047619047619035,-0.25,-0.1326839826839823,4.996003610813204e-16,6.263636363636364,6.130952380952381,22,-3,0,0,0,0,0,1,-8,-8,False,16,0.0,1,False,best_rejected_stop,marginal_utility_negative,16,8-8-8-8-6-6,222,21,"{""EF1"": 1, ""EF2"": 11, ""EF3"": 4, ""EF4"": 6, ""EF5"": 11, ""SL5"": 2, ""SL6"": 5, ""SL7"": 2, ""SL8"": 2, ""Seuil3"": 2, ""Seuil4"": 8}",delta_fatigue_term,0.11731601731601721,0.003084415584416078,0.13576839826839837
14,1,3,weighted_greedy,6-6-6-6,6,0,12,4,8,EF1,EF,1,1,6,1,0,True,,False,0.25,0.0,-0.013888888888888881,-0.75,-0.5138888888888884,4.440892098500626e-16,3.0833333333333335,2.5694444444444446,5,-9,0,0,0,0,-4,0,-4,-4,False,10,0.0,1,False,best_rejected_stop,marginal_utility_negative,2,6-6-6-6,0,0,{},delta_fatigue_term,0.0787037037037037,0.49999999999999956,1.013888888888888
14,2,6,weighted_greedy,6-6-6-6,6,-4,13,12,1,EF1,EF,1,1,6,1,0,True,,False,0.23076923076923084,0.0,-0.009722222222222215,-0.25,-0.028952991452991128,2.498001805406602e-16,5.869230769230769,5.840277777777778,13,-1,0,0,0,0,0,0,-4,-4,False,10,0.0,1,False,best_rejected_stop,marginal_utility_negative,6,6-6-6-6,4,0,"{""EF2"": 2}",delta_fatigue_term,0.22104700854700862,0.21618589743589745,0.24513888888888857
14,5,4,weighted_greedy,8-6-6-6,8,-3,15,13,2,EF1,EF,1,1,8,1,0,True,,False,0.19999999999999973,0.0,-0.026041666666666657,-0.25,-0.07604166666666679,1.3877787807814457e-16,4.235416666666667,4.159375,14,-1,0,0,0,0,0,0,-3,-3,False,11,0.0,1,False,best_rejected_stop,marginal_utility_negative,12,8-6-6-6,43,5,"{""EF1"": 1, ""EF2"": 4, ""EF3"": 3, ""EF4"": 2, ""Seuil3"": 3, ""Seuil4"": 2}",delta_fatigue_term,0.17395833333333308,0.3291666666666666,0.4052083333333334
14,6,3,weighted_greedy,8-6-6-6-6,8,-3,16,10,6,EF5,EF,5,5,7,5,0,True,,False,0.9375,0.0,0.0,-1.0,-0.0625,0.0,4.803571428571429,4.741071428571429,15,-4,0,0,0,0,-1,3,-4,-4,False,12,0.0,1,False,best_rejected_stop,marginal_utility_negative,12,8-6-6-6-6,56,6,"{""EF1"": 1, ""EF2"": 4, ""EF3"": 4, ""EF4"": 2, ""EF5"": 1, ""SL5"": 1, ""Seuil3"": 3, ""Seuil4"": 2}",delta_fatigue_term,0.234375,,
14,8,3,weighted_greedy,8-8-6-6-6,8,-8,17,11,6,EF5,EF,5,5,6,5,0,True,,False,0.8823529411764701,0.0,-0.0069444444444444475,-1.0,-0.12459150326797364,6.938893903907228e-16,4.9203431372549025,4.795751633986928,16,-4,0,0,0,0,-1,3,-9,-8,False,16,0.0,1,False,best_rejected_stop,marginal_utility_negative,13,8-8-6-6-6,81,8,"{""EF1"": 1, ""EF2"": 4, ""EF3"": 4, ""EF4"": 3, ""EF5"": 3, ""SL5"": 2, ""SL6"": 1, ""Seuil3"": 3, ""Seuil4"": 2}",delta_fatigue_term,0.21885212418300642,,
14,9,3,weighted_greedy,8-8-6-6-6,8,-8,15,11,4,EF3,EF,3,3,6,3,0,True,,False,0.6000000000000001,0.0,-0.03472222222222221,-0.75,-0.1847222222222218,3.3306690738754696e-16,5.179166666666666,4.9944444444444445,14,-6,0,0,0,0,-3,1,-11,-8,False,16,0.0,1,False,best_rejected_stop,marginal_utility_negative,14,8-8-6-6-6,92,9,"{""EF1"": 1, ""EF2"": 4, ""EF3"": 4, ""EF4"": 3, ""EF5"": 4, ""SL5"": 2, ""SL6"": 2, ""Seuil3"": 3, ""Seuil4"": 2}",delta_fatigue_term,0.18842592592592597,,
14,11,5,weighted_greedy,8-8-6-6-6-6,8,-8,24,17,7,EF4,EF,4,4,7,4,0,True,,False,0.5,0.0,-0.0017857142857142794,-0.5,-0.0017857142857140573,2.220446049250313e-16,5.776785714285714,5.775,21,-2,0,0,0,0,0,3,-8,-8,False,16,0.0,1,False,best_rejected_stop,marginal_utility_negative,14,8-8-6-6-6-6,116,11,"{""EF1"": 1, ""EF2"": 5, ""EF3"": 4, ""EF4"": 3, ""EF5"": 6, ""SL5"": 2, ""SL6"": 4, ""Seuil3"": 3, ""Seuil4"": 2}",delta_fatigue_term,0.24910714285714286,0.4970238095238093,0.49880952380952337
14,13,5,weighted_greedy,8-8-8-6-6-6,8,-8,24,18,6,EF4,EF,4,4,8,4,0,True,,False,0.5,0.0,-0.003124999999999989,-0.5,-0.0031249999999998224,1.6653345369377348e-16,5.890625,5.8875,22,-2,0,0,0,0,0,3,-8,-8,False,16,0.0,1,False,best_rejected_stop,marginal_utility_negative,14,8-8-8-6-6-6,155,15,"{""EF1"": 2, ""EF2"": 5, ""EF3"": 5, ""EF4"": 4, ""EF5"": 8, ""SL5"": 2, ""SL6"": 5, ""SL7"": 1, ""Seuil3"": 3, ""Seuil4"": 4}",delta_fatigue_term,0.2484375,0.4947916666666661,0.4979166666666659
14,14,6,weighted_greedy,8-8-8-8-6-6,8,-8,22,21,1,EF1,EF,1,1,8,1,0,True,,False,0.13636363636363624,0.0,-0.016666666666666677,-0.25,-0.13030303030302992,4.996003610813204e-16,6.244886363636364,6.114583333333333,22,-3,0,0,0,0,0,1,-8,-8,False,16,0.0,1,False,best_rejected_stop,marginal_utility_negative,15,8-8-8-8-6-6,173,17,"{""EF1"": 2, ""EF2"": 6, ""EF3"": 5, ""EF4"": 4, ""EF5"": 9, ""SL5"": 2, ""SL6"": 5, ""SL7"": 2, ""Seuil3"": 3, ""Seuil4"": 5}",delta_fatigue_term,0.11969696969696957,0.00553977272727213,0.13584280303030205
14,15,5,weighted_greedy,8-8-8-8-6-6,8,-8,27,19,8,EF2,EF,2,2,7,2,0,True,,False,0.22222222222222232,0.0,-0.019642857142857156,-0.25,-0.0474206349206332,1.6375789613221059e-15,5.780753968253968,5.733333333333333,21,-4,0,0,0,0,-1,2,-9,-8,False,16,0.0,1,False,best_rejected_stop,marginal_utility_negative,15,8-8-8-8-6-6,194,19,"{""EF1"": 2, ""EF2"": 8, ""EF3"": 5, ""EF4"": 4, ""EF5"": 10, ""SL5"": 2, ""SL6"": 5, ""SL7"": 2, ""SL8"": 1, ""Seuil3"": 3, ""Seuil4"": 6}",delta_fatigue_term,0.20257936507936516,0.4355158730158726,0.4829365079365058
14,16,5,weighted_greedy,8-8-8-8-6-6,8,-8,25,19,6,EF4,EF,4,4,8,4,0,True,,False,0.48,0.0,-0.004687500000000011,-0.5,-0.02468750000000064,-6.106226635438361e-16,5.9284375,5.9037500000000005,23,-2,0,0,0,0,0,3,-8,-8,False,16,0.0,1,False,best_rejected_stop,marginal_utility_negative,15,8-8-8-8-6-6,213,21,"{""EF1"": 2, ""EF2"": 8, ""EF3"": 6, ""EF4"": 4, ""EF5"": 11, ""SL5"": 2, ""SL6"": 5, ""SL7"": 3, ""SL8"": 1, ""Seuil3"": 3, ""Seuil4"": 7}",delta_fatigue_term,0.23765624999999999,0.4721875000000004,0.49687500000000107
15,1,3,weighted_greedy,6-6-6-6,6,0,13,4,9,EF1,EF,1,1,6,1,0,True,,False,0.23076923076923084,0.0,-0.013888888888888881,-0.75,-0.533119658119658,0.0,3.0064102564102564,2.4732905982905984,5,-9,0,0,0,0,-4,0,-4,-4,False,10,0.0,1,False,best_rejected_stop,marginal_utility_negative,2,6-6-6-6,0,0,{},delta_fatigue_term,0.07229344729344732,0.4615384615384617,0.9946581196581197
15,4,4,weighted_greedy,6-6-6-6,6,-5,13,12,1,EF1,EF,1,1,6,1,0,True,,False,0.23076923076923084,0.0,-0.03125,-0.25,-0.05048076923076916,0.0,4.435897435897436,4.385416666666667,13,-1,0,0,0,0,0,0,-5,-5,False,11,0.0,1,False,best_rejected_stop,marginal_utility_negative,11,6-6-6-6,25,2,"{""EF1"": 1, ""EF2"": 2, ""EF3"": 2, ""EF4"": 2, ""Seuil3"": 2}",delta_fatigue_term,0.19951923076923084,0.1698717948717947,0.22035256410256387
15,5,4,weighted_greedy,6-6-6-6,6,-5,13,12,1,EF1,EF,1,1,4,1,0,True,,False,0.23076923076923084,0.0,-0.046875,-0.25,-0.06610576923076916,0.0,4.519230769230769,4.453125,13,-1,0,0,0,0,0,0,-5,-5,False,11,0.0,1,False,best_rejected_stop,marginal_utility_negative,11,6-6-6-6,37,3,"{""EF1"": 1, ""EF2"": 3, ""EF3"": 2, ""EF4"": 2, ""EF5"": 1, ""SL5"": 1, ""Seuil3"": 2}",delta_fatigue_term,0.18389423076923084,0.42307692307692246,0.4891826923076916
15,7,3,weighted_greedy,8-6-6-6-6,8,-7,16,10,6,EF5,EF,5,5,5,5,0,True,,False,0.9375,0.0,0.0,-1.0,-0.0625,0.0,4.875,4.8125,15,-4,0,0,0,0,-1,3,-8,-8,False,16,0.0,1,False,best_rejected_stop,marginal_utility_negative,12,8-6-6-6-6,59,5,"{""EF1"": 1, ""EF2"": 4, ""EF3"": 2, ""EF4"": 5, ""EF5"": 1, ""SL5"": 1, ""Seuil3"": 2, ""Seuil4"": 2}",delta_fatigue_term,0.234375,,
15,9,5,weighted_greedy,8-6-6-6-6,8,-8,20,18,2,EF1,EF,1,1,8,1,0,True,,False,0.14999999999999947,0.0,-0.021875000000000006,-0.5,-0.3718750000000002,3.3306690738754696e-16,5.590625,5.21875,19,1,1,1,0,0,0,0,-7,-7,False,15,0.0,1,False,best_rejected_stop,marginal_utility_negative,13,8-6-6-6-6,86,7,"{""EF1"": 1, ""EF2"": 5, ""EF3"": 2, ""EF4"": 6, ""EF5"": 3, ""SL5"": 2, ""SL6"": 1, ""Seuil3"": 2, ""Seuil4"": 2}",delta_fatigue_term,0.06406249999999973,1.4343750000000002,1.8062500000000004
15,10,6,weighted_greedy,8-8-6-6-6-6,8,-8,23,21,2,EF1,EF,1,1,8,1,0,True,,False,0.13043478260869623,0.0,-0.016666666666666677,-0.25,-0.13623188405797038,5.551115123125783e-17,5.870380434782608,5.734148550724638,22,-1,0,0,0,0,0,0,-8,-8,False,16,0.0,1,False,best_rejected_stop,marginal_utility_negative,14,8-8-6-6-6-6,104,9,"{""EF1"": 1, ""EF2"": 5, ""EF3"": 2, ""EF4"": 7, ""EF5"": 4, ""SL5"": 2, ""SL6"": 2, ""Seuil3"": 3, ""Seuil4"": 2}",delta_fatigue_term,0.11376811594202955,0.020176630434781906,0.15640851449275228
15,12,6,weighted_greedy,8-8-8-6-6-6,8,-8,21,20,1,EF1,EF,1,1,8,1,0,True,,False,0.14285714285714324,0.0,-0.015625,-0.25,-0.12276785714285676,0.0,6.232142857142857,6.109375,21,-3,0,0,0,0,0,1,-8,-8,False,16,0.0,1,False,best_rejected_stop,marginal_utility_negative,14,8-8-8-6-6-6,144,13,"{""EF1"": 2, ""EF2"": 6, ""EF3"": 3, ""EF4"": 8, ""EF5"": 6, ""SL5"": 3, ""SL6"": 2, ""SL7"": 1, ""Seuil3"": 3, ""Seuil4"": 4}",delta_fatigue_term,0.12723214285714324,0.020089285714285587,0.14285714285714235
15,14,5,weighted_greedy,8-8-8-8-6-6,8,-8,20,19,1,EF1,EF,1,1,6,1,0,True,,False,0.15000000000000036,0.0,-0.03125,-0.25,-0.13124999999999964,0.0,6.547916666666667,6.416666666666667,20,-5,0,0,0,0,-2,1,-10,-8,False,16,0.0,1,False,best_rejected_stop,marginal_utility_negative,15,8-8-8-8-6-6,186,17,"{""EF1"": 3, ""EF2"": 8, ""EF3"": 3, ""EF4"": 9, ""EF5"": 8, ""SL5"": 3, ""SL6"": 2, ""SL7"": 2, ""SL8"": 1, ""Seuil3"": 3, ""Seuil4"": 6}",delta_fatigue_term,0.11875000000000036,0.5895833333333327,0.7208333333333323
15,15,5,weighted_greedy,8-8-8-8-6-6,8,-8,28,19,9,EF2,EF,2,2,8,2,0,True,,False,0.2142857142857144,0.0,-0.017187499999999994,-0.25,-0.05290178571428594,-3.608224830031759e-16,5.684151785714286,5.63125,21,-4,0,0,0,0,-1,2,-9,-8,False,16,0.0,1,False,best_rejected_stop,marginal_utility_negative,15,8-8-8-8-6-6,205,19,"{""EF1"": 3, ""EF2"": 8, ""EF3"": 3, ""EF4"": 10, ""EF5"": 9, ""SL5"": 3, ""SL6"": 3, ""SL7"": 2, ""SL8"": 1, ""Seuil3"": 3, ""Seuil4"": 7}",delta_fatigue_term,0.19709821428571442,0.42075892857142794,0.4736607142857139
15,16,5,weighted_greedy,8-8-8-8-6-6,8,-8,26,19,7,EF2,EF,2,2,8,2,0,True,,False,0.23076923076923128,0.0,-0.017187499999999994,-0.25,-0.03641826923076863,8.326672684688674e-17,5.840745192307692,5.804326923076923,21,-4,0,0,0,0,-1,2,-9,-8,False,16,0.0,1,False,best_rejected_stop,marginal_utility_negative,16,8-8-8-8-6-6,224,21,"{""EF1"": 3, ""EF2"": 9, ""EF3"": 3, ""EF4"": 10, ""EF5"": 10, ""SL5"": 3, ""SL6"": 3, ""SL7"": 2, ""SL8"": 2, ""Seuil3"": 3, ""Seuil4"": 8}",delta_fatigue_term,0.2135817307692313,0.4537259615384608,0.4901442307692294
16,1,3,weighted_greedy,6-6-6-6,6,0,14,4,10,EF1,EF,1,1,4,1,0,True,,False,0.2142857142857143,0.0,-0.02083333333333333,-0.75,-0.5565476190476191,0.0,2.982142857142857,2.425595238095238,5,-9,0,0,0,0,-4,0,-4,-4,False,10,0.0,1,False,best_rejected_stop,marginal_utility_negative,2,6-6-6-6,0,0,{},delta_fatigue_term,0.06448412698412699,0.4285714285714284,0.9851190476190474
16,5,4,weighted_greedy,8-6-6-6,8,-6,14,13,1,EF1,EF,1,1,6,1,0,True,,False,0.2142857142857144,0.0,-0.03472222222222221,-0.25,-0.07043650793650791,-1.1102230246251565e-16,4.466269841269841,4.395833333333333,14,-1,0,0,0,0,0,0,-6,-6,False,14,0.0,1,False,best_rejected_stop,marginal_utility_negative,11,8-6-6-6,37,4,"{""EF1"": 1, ""EF2"": 3, ""EF3"": 3, ""EF4"": 2, ""Seuil3"": 3, ""Seuil4"": 1}",delta_fatigue_term,0.1795634920634922,0.36507936507936467,0.4355158730158726
16,6,3,weighted_greedy,8-6-6-6-6,8,-6,17,10,7,EF5,EF,5,5,6,5,0,True,,False,0.8823529411764706,0.0,0.0,-1.0,-0.11764705882352988,-4.440892098500626e-16,4.723039215686274,4.605392156862745,15,-4,0,0,0,0,-1,3,-7,-7,False,15,0.0,1,False,best_rejected_stop,marginal_utility_negative,11,8-6-6-6-6,50,5,"{""EF1"": 1, ""EF2"": 3, ""EF3"": 4, ""EF4"": 2, ""EF5"": 1, ""SL5"": 1, ""Seuil3"": 3, ""Seuil4"": 1}",delta_fatigue_term,0.22058823529411764,,
16,7,3,weighted_greedy,8-6-6-6-6,8,-8,13,10,3,EF3,EF,3,3,5,3,0,True,,False,0.6923076923076921,0.0,-0.033333333333333354,-0.75,-0.09102564102564159,-3.0531133177191805e-16,5.307692307692308,5.216666666666667,13,-6,0,0,0,0,-3,1,-11,-8,False,16,0.0,1,False,best_rejected_stop,marginal_utility_negative,12,8-6-6-6-6,60,6,"{""EF1"": 1, ""EF2"": 3, ""EF3"": 4, ""EF4"": 2, ""EF5"": 2, ""SL5"": 2, ""Seuil3"": 3, ""Seuil4"": 1}",delta_fatigue_term,0.21965811965811957,,
16,8,3,weighted_greedy,8-6-6-6-6,8,-8,18,10,8,EF5,EF,5,5,5,5,0,True,,False,0.8333333333333333,0.0,0.0,-1.0,-0.16666666666666696,-2.220446049250313e-16,4.666666666666667,4.5,15,-4,0,0,0,0,-1,3,-9,-8,False,16,0.0,1,False,best_rejected_stop,marginal_utility_negative,12,8-6-6-6-6,70,7,"{""EF1"": 1, ""EF2"": 3, ""EF3"": 4, ""EF4"": 2, ""EF5"": 3, ""SL5"": 3, ""Seuil3"": 3, ""Seuil4"": 1}",delta_fatigue_term,0.20833333333333331,,
16,9,3,weighted_greedy,8-8-6-6-6,8,-8,19,10,9,EF1,EF,1,1,5,1,0,True,,False,0.1578947368421053,0.0,-0.06666666666666668,-0.75,-0.658771929824562,-6.661338147750939e-16,5.328947368421053,4.670175438596491,11,-9,0,0,0,0,-4,0,-12,-8,False,16,0.0,1,False,best_rejected_stop,marginal_utility_negative,12,8-8-6-6-6,80,8,"{""EF1"": 1, ""EF2"": 3, ""EF3"": 4, ""EF4"": 2, ""EF5"": 4, ""SL5"": 4, ""Seuil3"": 3, ""Seuil4"": 1}",delta_fatigue_term,0.03040935672514621,,
16,10,3,weighted_greedy,8-8-6-6-6,8,-8,16,11,5,EF5,EF,5,5,6,5,0,True,,False,0.9375,0.0,-0.0069444444444444475,-1.0,-0.06944444444444375,6.938893903907228e-16,5.041666666666667,4.972222222222222,16,-4,0,0,0,0,-1,3,-9,-8,False,16,0.0,1,False,best_rejected_stop,marginal_utility_negative,12,8-8-6-6-6,90,9,"{""EF1"": 1, ""EF2"": 3, ""EF3"": 4, ""EF4"": 2, ""EF5"": 5, ""SL5"": 5, ""Seuil3"": 3, ""Seuil4"": 1}",delta_fatigue_term,0.2326388888888889,,
16,12,6,weighted_greedy,8-8-8-6-6-6,8,-8,23,22,1,EF1,EF,1,1,8,1,0,True,,False,0.13043478260869534,0.0,-0.01770833333333334,-0.25,-0.13727355072463787,1.1102230246251565e-16,6.007065217391305,5.869791666666667,23,-1,0,0,0,0,0,0,-8,-8,False,16,0.0,1,False,best_rejected_stop,marginal_utility_negative,12,8-8-8-6-6-6,117,12,"{""EF1"": 1, ""EF2"": 3, ""EF3"": 5, ""EF4"": 2, ""EF5"": 7, ""SL5"": 6, ""SL6"": 1, ""Seuil3"": 4, ""Seuil4"": 1}",delta_fatigue_term,0.112726449275362,0.018614130434783327,0.1558876811594212
16,13,5,weighted_greedy,8-8-8-6-6-6,8,-8,25,18,7,EF4,EF,4,4,8,4,0,True,,False,0.48,0.0,-0.003124999999999989,-0.5,-0.023124999999999396,6.106226635438361e-16,5.800625,5.7775,22,-2,0,0,0,0,0,3,-8,-8,False,16,0.0,1,False,best_rejected_stop,marginal_utility_negative,14,8-8-8-6-6-6,139,14,"{""EF1"": 1, ""EF2"": 3, ""EF3"": 6, ""EF4"": 3, ""EF5"": 8, ""SL5"": 6, ""SL6"": 2, ""Seuil3"": 4, ""Seuil4"": 2}",delta_fatigue_term,0.2384375,0.4747916666666665,0.4979166666666659
16,14,5,weighted_greedy,8-8-8-8-6-6,8,-8,26,19,7,EF2,EF,2,2,8,2,0,True,,False,0.23076923076923128,0.0,-0.017187499999999994,-0.25,-0.03641826923076863,8.326672684688674e-17,5.840745192307692,5.804326923076923,21,-4,0,0,0,0,-1,2,-9,-8,False,16,0.0,1,False,best_rejected_stop,marginal_utility_negative,14,8-8-8-8-6-6,157,16,"{""EF1"": 1, ""EF2"": 4, ""EF3"": 6, ""EF4"": 3, ""EF5"": 9, ""SL5"": 6, ""SL6"": 2, ""SL7"": 1, ""Seuil3"": 4, ""Seuil4"": 3}",delta_fatigue_term,0.2135817307692313,0.4537259615384608,0.4901442307692294
16,15,5,weighted_greedy,8-8-8-8-6-6,8,-8,24,19,5,EF4,EF,4,4,8,4,0,True,,False,0.5,0.0,-0.004687500000000011,-0.5,-0.004687500000000178,-1.6653345369377348e-16,6.0234375,6.01875,23,-2,0,0,0,0,0,3,-8,-8,False,16,0.0,1,False,best_rejected_stop,marginal_utility_negative,15,8-8-8-8-6-6,176,18,"{""EF1"": 1, ""EF2"": 4, ""EF3"": 7, ""EF4"": 3, ""EF5"": 10, ""SL5"": 6, ""SL6"": 2, ""SL7"": 2, ""Seuil3"": 4, ""Seuil4"": 4}",delta_fatigue_term,0.24765625,0.4921875,0.4968750000000002
16,16,4,weighted_greedy,8-8-8-8-6-6,8,-8,16,15,1,EF1,EF,1,1,7,1,0,True,,False,0.1875,0.0,-0.035714285714285726,-0.75,-0.5982142857142856,1.1102230246251565e-16,6.491071428571429,5.892857142857143,16,-9,0,0,0,0,-4,0,-12,-8,False,16,0.0,1,False,best_rejected_stop,marginal_utility_negative,15,8-8-8-8-6-6,195,20,"{""EF1"": 1, ""EF2"": 5, ""EF3"": 7, ""EF4"": 3, ""EF5"": 11, ""SL5"": 6, ""SL6"": 2, ""SL7"": 2, ""SL8"": 1, ""Seuil3"": 4, ""Seuil4"": 5}",delta_fatigue_term,0.05059523809523809,0.5267857142857144,1.125
17,1,3,weighted_greedy,6-6-6-6,6,0,12,4,8,EF1,EF,1,1,5,1,0,True,,False,0.25,0.0,-0.016666666666666663,-0.75,-0.516666666666667,-4.440892098500626e-16,3.1,2.5833333333333335,5,-9,0,0,0,0,-4,0,-4,-4,False,10,0.0,1,False,best_rejected_stop,marginal_utility_negative,2,6-6-6-6,0,0,{},delta_fatigue_term,0.07777777777777778,0.5,1.016666666666667
17,4,5,weighted_greedy,8-6-6-6,8,-4,17,14,3,EF1,EF,1,1,7,1,0,True,,False,0.17647058823529393,0.0,-0.017857142857142863,-0.25,-0.09138655462184975,-8.187894806610529e-16,5.345588235294118,5.254201680672269,15,0,0,0,0,0,0,0,-4,-4,False,12,0.0,1,False,best_rejected_stop,marginal_utility_negative,9,8-6-6-6,29,4,"{""EF1"": 1, ""EF2"": 3, ""EF3"": 3, ""Seuil3"": 3, ""Seuil4"": 1}",delta_fatigue_term,0.15861344537815109,1.5234593837535013,1.614845938375351
17,6,3,weighted_greedy,8-6-6-6-6,8,-4,16,10,6,EF5,EF,5,5,7,5,0,True,,False,0.9375,0.0,0.0,-1.0,-0.0625,0.0,4.803571428571429,4.741071428571429,15,-4,0,0,0,0,-1,3,-5,-5,False,13,0.0,1,False,best_rejected_stop,marginal_utility_negative,11,8-6-6-6-6,56,7,"{""EF1"": 1, ""EF2"": 3, ""EF3"": 4, ""EF4"": 2, ""EF5"": 1, ""SL5"": 1, ""Seuil3"": 5, ""Seuil4"": 1}",delta_fatigue_term,0.234375,,
17,7,3,weighted_greedy,8-8-6-6-6,8,-8,20,11,9,EF5,EF,5,5,6,5,0,True,,False,0.7500000000000002,0.0,-0.0069444444444444475,-1.0,-0.25694444444444375,4.440892098500626e-16,4.629166666666666,4.372222222222223,16,-4,0,0,0,0,-1,3,-9,-8,False,16,0.0,1,False,best_rejected_stop,marginal_utility_negative,12,8-8-6-6-6,66,8,"{""EF1"": 1, ""EF2"": 3, ""EF3"": 4, ""EF4"": 2, ""EF5"": 2, ""SL5"": 2, ""Seuil3"": 5, ""Seuil4"": 1}",delta_fatigue_term,0.18576388888888895,,
17,8,3,weighted_greedy,8-8-6-6-6,8,-8,21,11,10,EF5,EF,5,5,6,5,0,True,,False,0.714285714285714,0.0,-0.0069444444444444475,-1.0,-0.29265873015873023,2.220446049250313e-16,4.550595238095238,4.257936507936508,16,-4,0,0,0,0,-1,3,-9,-8,False,16,0.0,1,False,best_rejected_stop,marginal_utility_negative,12,8-8-6-6-6,77,9,"{""EF1"": 1, ""EF2"": 3, ""EF3"": 4, ""EF4"": 2, ""EF5"": 3, ""SL5"": 2, ""SL6"": 1, ""Seuil3"": 5, ""Seuil4"": 1}",delta_fatigue_term,0.1768353174603174,,
17,9,5,weighted_greedy,8-8-6-6-6,8,-8,22,19,3,EF1,EF,1,1,8,1,0,True,,False,0.13636363636363624,0.0,-0.0234375,-0.5,-0.3870738636363642,-4.440892098500626e-16,5.489346590909091,5.102272727272727,20,1,1,1,0,0,0,0,-7,-7,False,15,0.0,1,False,best_rejected_stop,marginal_utility_negative,13,8-8-6-6-6,88,10,"{""EF1"": 1, ""EF2"": 3, ""EF3"": 4, ""EF4"": 2, ""EF5"": 4, ""SL5"": 2, ""SL6"": 2, ""Seuil3"": 5, ""Seuil4"": 1}",delta_fatigue_term,0.05646306818181812,1.390861742424243,1.7779356060606073
17,10,6,weighted_greedy,8-8-8-6-6-6,8,-8,23,22,1,EF1,EF,1,1,7,1,0,True,,False,0.13043478260869534,0.0,-0.02023809523809525,-0.25,-0.13980331262940027,-3.608224830031759e-16,6.026708074534162,5.886904761904762,23,-1,0,0,0,0,0,0,-8,-8,False,16,0.0,1,False,best_rejected_stop,marginal_utility_negative,13,8-8-8-6-6-6,107,12,"{""EF1"": 1, ""EF2"": 3, ""EF3"": 4, ""EF4"": 3, ""EF5"": 5, ""SL5"": 2, ""SL6"": 2, ""SL7"": 1, ""Seuil3"": 6, ""Seuil4"": 1}",delta_fatigue_term,0.1101966873706001,0.018167701863355035,0.1579710144927553
17,11,5,weighted_greedy,8-8-8-6-6-6,8,-8,19,18,1,EF1,EF,1,1,6,1,0,True,,False,0.1578947368421053,0.0,-0.029166666666666674,-0.25,-0.12127192982456148,-1.1102230246251565e-16,6.529605263157895,6.408333333333333,19,-5,0,0,0,0,-2,1,-10,-8,False,16,0.0,1,False,best_rejected_stop,marginal_utility_negative,15,8-8-8-6-6-6,129,14,"{""EF1"": 1, ""EF2"": 4, ""EF3"": 4, ""EF4"": 4, ""EF5"": 6, ""SL5"": 2, ""SL6"": 2, ""SL7"": 2, ""Seuil3"": 6, ""Seuil4"": 2}",delta_fatigue_term,0.12872807017543864,0.6246345029239766,0.7459064327485381
17,12,5,weighted_greedy,8-8-8-8-6-6,8,-8,24,19,5,EF4,EF,4,4,7,4,0,True,,False,0.5,0.0,-0.005357142857142866,-0.5,-0.005357142857142172,6.938893903907228e-16,6.044642857142857,6.039285714285715,23,-2,0,0,0,0,0,3,-8,-8,False,16,0.0,1,False,best_rejected_stop,marginal_utility_negative,15,8-8-8-8-6-6,147,16,"{""EF1"": 1, ""EF2"": 4, ""EF3"": 5, ""EF4"": 4, ""EF5"": 7, ""SL5"": 2, ""SL6"": 3, ""SL7"": 2, ""Seuil3"": 6, ""Seuil4"": 3}",delta_fatigue_term,0.24732142857142858,0.49107142857142794,0.4964285714285701
17,14,5,weighted_greedy,8-8-8-8-6-6,8,-8,24,19,5,EF4,EF,4,4,6,4,0,True,,False,0.5,0.0,-0.0062500000000000056,-0.5,-0.006250000000000533,-5.273559366969494e-16,6.072916666666667,6.066666666666666,23,-2,0,0,0,0,0,3,-8,-8,False,16,0.0,1,False,best_rejected_stop,marginal_utility_negative,15,8-8-8-8-6-6,187,20,"{""EF1"": 1, ""EF2"": 5, ""EF3"": 6, ""EF4"": 5, ""EF5"": 9, ""SL5"": 2, ""SL6"": 4, ""SL7"": 3, ""Seuil3"": 6, ""Seuil4"": 5}",delta_fatigue_term,0.246875,0.48958333333333304,0.49583333333333357
17,16,5,weighted_greedy,8-8-8-8-6-6,8,-8,26,19,7,EF2,EF,2,2,8,2,0,True,,False,0.23076923076923128,0.0,-0.017187499999999994,-0.25,-0.03641826923076863,8.326672684688674e-17,5.840745192307692,5.804326923076923,21,-4,0,0,0,0,-1,2,-9,-8,False,16,0.0,1,False,best_rejected_stop,marginal_utility_negative,15,8-8-8-8-6-6,225,24,"{""EF1"": 1, ""EF2"": 5, ""EF3"": 6, ""EF4"": 7, ""EF5"": 11, ""SL5"": 2, ""SL6"": 6, ""SL7"": 3, ""Seuil3"": 6, ""Seuil4"": 7}",delta_fatigue_term,0.2135817307692313,0.4537259615384608,0.4901442307692294
18,1,3,weighted_greedy,6-6-6-6,6,0,12,4,8,EF1,EF,1,1,6,1,0,True,,False,0.25,0.0,-0.013888888888888881,-0.75,-0.5138888888888884,4.440892098500626e-16,3.0833333333333335,2.5694444444444446,5,-9,0,0,0,0,-4,0,-4,-4,False,10,0.0,1,False,best_rejected_stop,marginal_utility_negative,2,6-6-6-6,0,0,{},delta_fatigue_term,0.0787037037037037,0.49999999999999956,1.013888888888888
18,4,4,weighted_greedy,6-6-6-6,6,-4,13,12,1,EF1,EF,1,1,6,1,0,True,,False,0.23076923076923084,0.0,-0.03125,-0.25,-0.05048076923076916,0.0,4.435897435897436,4.385416666666667,13,-1,0,0,0,0,0,0,-4,-4,False,10,0.0,1,False,best_rejected_stop,marginal_utility_negative,9,6-6-6-6,27,3,"{""EF2"": 2, ""EF3"": 3, ""EF4"": 1, ""Seuil3"": 2, ""Seuil4"": 1}",delta_fatigue_term,0.19951923076923084,0.42307692307692335,0.4735576923076925
18,5,4,weighted_greedy,8-6-6-6,8,-4,14,13,1,EF1,EF,1,1,6,1,0,True,,False,0.2142857142857144,0.0,-0.03472222222222221,-0.25,-0.07043650793650791,-1.1102230246251565e-16,4.466269841269841,4.395833333333333,14,-1,0,0,0,0,0,0,-4,-4,False,12,0.0,1,False,best_rejected_stop,marginal_utility_negative,12,8-6-6-6,39,4,"{""EF2"": 2, ""EF3"": 3, ""EF4"": 3, ""Seuil3"": 2, ""Seuil4"": 2}",delta_fatigue_term,0.1795634920634922,0.36507936507936467,0.4355158730158726
18,6,3,weighted_greedy,8-6-6-6-6,8,-4,18,10,8,EF5,EF,5,5,6,5,0,True,,False,0.8333333333333333,0.0,0.0,-1.0,-0.16666666666666696,-2.220446049250313e-16,4.625,4.458333333333333,15,-4,0,0,0,0,-1,3,-5,-5,False,13,0.0,1,False,best_rejected_stop,marginal_utility_negative,12,8-6-6-6-6,52,5,"{""EF2"": 2, ""EF3"": 4, ""EF4"": 3, ""EF5"": 1, ""SL5"": 1, ""Seuil3"": 2, ""Seuil4"": 2}",delta_fatigue_term,0.20833333333333331,,
18,7,5,weighted_greedy,8-6-6-6-6,8,-8,20,18,2,EF1,EF,1,1,6,1,0,True,,False,0.14999999999999947,0.0,-0.029166666666666674,-0.5,-0.3791666666666673,-1.1102230246251565e-16,5.6375,5.258333333333333,19,1,1,1,0,0,0,0,-7,-7,False,15,0.0,1,False,best_rejected_stop,marginal_utility_negative,13,8-6-6-6-6,62,6,"{""EF2"": 2, ""EF3"": 4, ""EF4"": 3, ""EF5"": 2, ""SL5"": 2, ""Seuil3"": 2, ""Seuil4"": 2}",delta_fatigue_term,0.060416666666666397,1.4291666666666663,1.8083333333333336
18,8,3,weighted_greedy,8-8-6-6-6,8,-8,17,10,7,EF1,EF,1,1,5,1,0,True,,False,0.17647058823529438,0.0,-0.06666666666666668,-0.75,-0.640196078431372,2.220446049250313e-16,5.514705882352941,4.874509803921569,11,-9,0,0,0,0,-4,0,-12,-8,False,16,0.0,1,False,best_rejected_stop,marginal_utility_negative,13,8-8-6-6-6,80,8,"{""EF2"": 2, ""EF3"": 4, ""EF4"": 4, ""EF5"": 3, ""SL5"": 2, ""SL6"": 1, ""Seuil3"": 3, ""Seuil4"": 2}",delta_fatigue_term,0.03660130718954257,,
18,9,3,weighted_greedy,8-8-6-6-6,8,-8,19,11,8,EF5,EF,5,5,7,5,0,True,,False,0.7894736842105261,0.0,-0.005952380952380959,-1.0,-0.21647869674185483,2.7755575615628914e-17,4.68327067669173,4.466791979949875,16,-4,0,0,0,0,-1,3,-9,-8,False,16,0.0,1,False,best_rejected_stop,marginal_utility_negative,13,8-8-6-6-6,90,9,"{""EF2"": 2, ""EF3"": 4, ""EF4"": 4, ""EF5"": 4, ""SL5"": 3, ""SL6"": 1, ""Seuil3"": 3, ""Seuil4"": 2}",delta_fatigue_term,0.1958803258145363,,
18,10,5,weighted_greedy,8-8-6-6-6-6,8,-8,24,17,7,EF4,EF,4,4,6,4,0,True,,False,0.5,0.0,-0.002083333333333326,-0.5,-0.002083333333333215,1.1102230246251565e-16,5.802083333333333,5.8,21,-2,0,0,0,0,0,3,-8,-8,False,16,0.0,1,False,best_rejected_stop,marginal_utility_negative,14,8-8-6-6-6-6,101,10,"{""EF2"": 2, ""EF3"": 4, ""EF4"": 4, ""EF5"": 5, ""SL5"": 3, ""SL6"": 2, ""Seuil3"": 3, ""Seuil4"": 2}",delta_fatigue_term,0.24895833333333334,0.4965277777777777,0.4986111111111109
18,11,5,weighted_greedy,8-8-8-6-6-6,8,-8,25,18,7,EF4,EF,4,4,8,4,0,True,,False,0.48,0.0,-0.003124999999999989,-0.5,-0.023124999999999396,6.106226635438361e-16,5.800625,5.7775,22,-2,0,0,0,0,0,3,-8,-8,False,16,0.0,1,False,best_rejected_stop,marginal_utility_negative,14,8-8-8-6-6-6,118,12,"{""EF2"": 3, ""EF3"": 4, ""EF4"": 4, ""EF5"": 6, ""SL5"": 3, ""SL6"": 3, ""Seuil3"": 3, ""Seuil4"": 3}",delta_fatigue_term,0.2384375,0.4747916666666665,0.4979166666666659
18,12,5,weighted_greedy,8-8-8-6-6-6,8,-8,24,18,6,EF4,EF,4,4,8,4,0,True,,False,0.5,0.0,-0.003124999999999989,-0.5,-0.0031249999999998224,1.6653345369377348e-16,5.890625,5.8875,22,-2,0,0,0,0,0,3,-8,-8,False,16,0.0,1,False,best_rejected_stop,marginal_utility_negative,14,8-8-8-6-6-6,136,14,"{""EF2"": 4, ""EF3"": 4, ""EF4"": 4, ""EF5"": 7, ""SL5"": 3, ""SL6"": 3, ""SL7"": 1, ""Seuil3"": 3, ""Seuil4"": 4}",delta_fatigue_term,0.2484375,0.4947916666666661,0.4979166666666659
18,13,5,weighted_greedy,8-8-8-8-6-6,8,-8,24,19,5,EF4,EF,4,4,7,4,0,True,,False,0.5,0.0,-0.005357142857142866,-0.5,-0.005357142857142172,6.938893903907228e-16,6.044642857142857,6.039285714285715,23,-2,0,0,0,0,0,3,-8,-8,False,16,0.0,1,False,best_rejected_stop,marginal_utility_negative,15,8-8-8-8-6-6,154,16,"{""EF2"": 5, ""EF3"": 4, ""EF4"": 4, ""EF5"": 8, ""SL5"": 3, ""SL6"": 3, ""SL7"": 2, ""Seuil3"": 3, ""Seuil4"": 5}",delta_fatigue_term,0.24732142857142858,0.49107142857142794,0.4964285714285701
18,14,5,weighted_greedy,8-8-8-8-6-6,8,-8,24,19,5,EF4,EF,4,4,8,4,0,True,,False,0.5,0.0,-0.004687500000000011,-0.5,-0.004687500000000178,-1.6653345369377348e-16,6.0234375,6.01875,23,-2,0,0,0,0,0,3,-8,-8,False,16,0.0,1,False,best_rejected_stop,marginal_utility_negative,15,8-8-8-8-6-6,173,18,"{""EF2"": 5, ""EF3"": 5, ""EF4"": 4, ""EF5"": 9, ""SL5"": 3, ""SL6"": 3, ""SL7"": 3, ""Seuil3"": 3, ""Seuil4"": 6}",delta_fatigue_term,0.24765625,0.4921875,0.4968750000000002
18,15,5,weighted_greedy,8-8-8-8-6-6,8,-8,26,19,7,EF2,EF,2,2,8,2,0,True,,False,0.23076923076923128,0.0,-0.017187499999999994,-0.25,-0.03641826923076863,8.326672684688674e-17,5.840745192307692,5.804326923076923,21,-4,0,0,0,0,-1,2,-9,-8,False,16,0.0,1,False,best_rejected_stop,marginal_utility_negative,15,8-8-8-8-6-6,192,20,"{""EF2"": 6, ""EF3"": 5, ""EF4"": 4, ""EF5"": 10, ""SL5"": 3, ""SL6"": 3, ""SL7"": 3, ""SL8"": 1, ""Seuil3"": 3, ""Seuil4"": 7}",delta_fatigue_term,0.2135817307692313,0.4537259615384608,0.4901442307692294
18,16,5,weighted_greedy,8-8-8-8-6-6,8,-8,25,19,6,EF4,EF,4,4,7,4,0,True,,False,0.48,0.0,-0.005357142857142866,-0.5,-0.025357142857142634,2.498001805406602e-16,5.949642857142857,5.924285714285714,23,-2,0,0,0,0,0,3,-8,-8,False,16,0.0,1,False,best_rejected_stop,marginal_utility_negative,16,8-8-8-8-6-6,211,22,"{""EF2"": 7, ""EF3"": 5, ""EF4"": 4, ""EF5"": 11, ""SL5"": 3, ""SL6"": 3, ""SL7"": 3, ""SL8"": 2, ""Seuil3"": 3, ""Seuil4"": 8}",delta_fatigue_term,0.23732142857142857,0.47107142857142925,0.4964285714285719
19,1,3,weighted_greedy,6-6-6-6,6,0,12,4,8,EF1,EF,1,1,6,1,0,True,,False,0.25,0.0,-0.013888888888888881,-0.75,-0.5138888888888884,4.440892098500626e-16,3.0833333333333335,2.5694444444444446,5,-9,0,0,0,0,-4,0,-4,-4,False,10,0.0,1,False,best_rejected_stop,marginal_utility_negative,2,6-6-6-6,0,0,{},delta_fatigue_term,0.0787037037037037,0.49999999999999956,1.013888888888888
19,3,4,weighted_greedy,6-6-6-6,6,-4,13,12,1,EF1,EF,1,1,5,1,0,True,,False,0.23076923076923084,0.0,-0.037500000000000006,-0.25,-0.056730769230769695,-5.273559366969494e-16,4.469230769230769,4.4125,13,-1,0,0,0,0,0,0,-4,-4,False,10,0.0,1,False,best_rejected_stop,marginal_utility_negative,9,6-6-6-6,16,2,"{""EF2"": 2, ""EF3"": 2, ""Seuil3"": 2}",delta_fatigue_term,0.19326923076923083,0.42307692307692335,0.47980769230769305
19,4,3,weighted_greedy,6-6-6-6,6,-4,11,10,1,EF1,EF,1,1,5,1,0,True,,False,0.27272727272727293,0.0,-0.06666666666666668,-0.25,-0.04393939393939306,6.938893903907228e-16,4.727272727272727,4.683333333333334,11,-3,0,0,0,0,0,1,-4,-4,False,10,0.0,1,False,best_rejected_stop,marginal_utility_negative,11,6-6-6-6,28,3,"{""EF2"": 2, ""EF3"": 2, ""EF4"": 2, ""Seuil3"": 2, ""Seuil4"": 1}",delta_fatigue_term,0.20606060606060625,,
19,8,3,weighted_greedy,8-8-6-6-6,8,-6,14,11,3,EF3,EF,3,3,7,3,0,True,,False,0.6428571428571428,0.0,-0.02976190476190474,-0.75,-0.13690476190476186,8.326672684688674e-17,5.303571428571429,5.166666666666667,14,-6,0,0,0,0,-3,1,-9,-8,False,16,0.0,1,False,best_rejected_stop,marginal_utility_negative,12,8-8-6-6-6,84,8,"{""EF2"": 2, ""EF3"": 3, ""EF4"": 3, ""EF5"": 5, ""SL5"": 3, ""SL6"": 1, ""Seuil3"": 3, ""Seuil4"": 1}",delta_fatigue_term,0.20436507936507933,,
19,10,6,weighted_greedy,8-8-6-6-6-6,8,-8,22,21,1,EF1,EF,1,1,7,1,0,True,,False,0.13636363636363624,0.0,-0.019047619047619035,-0.25,-0.1326839826839823,4.996003610813204e-16,6.013636363636364,5.880952380952381,22,-1,0,0,0,0,0,0,-8,-8,False,16,0.0,1,False,best_rejected_stop,marginal_utility_negative,13,8-8-6-6-6-6,114,11,"{""EF2"": 2, ""EF3"": 3, ""EF4"": 4, ""EF5"": 7, ""SL5"": 3, ""SL6"": 2, ""SL7"": 1, ""Seuil3"": 4, ""Seuil4"": 1}",delta_fatigue_term,0.11731601731601721,0.04366883116883091,0.1763528138528132
19,11,5,weighted_greedy,8-8-8-6-6-6,8,-8,25,18,7,EF4,EF,4,4,7,4,0,True,,False,0.48,0.0,-0.0035714285714285587,-0.5,-0.02357142857142769,8.881784197001252e-16,5.820714285714286,5.797142857142857,22,-2,0,0,0,0,0,3,-8,-8,False,16,0.0,1,False,best_rejected_stop,marginal_utility_negative,15,8-8-8-6-6-6,135,13,"{""EF1"": 1, ""EF2"": 2, ""EF3"": 3, ""EF4"": 5, ""EF5"": 8, ""SL5"": 3, ""SL6"": 2, ""SL7"": 2, ""Seuil3"": 4, ""Seuil4"": 2}",delta_fatigue_term,0.2382142857142857,0.47404761904761905,0.49761904761904674
19,12,6,weighted_greedy,8-8-8-6-6-6,8,-8,23,22,1,EF1,EF,1,1,8,1,0,True,,False,0.13043478260869534,0.0,-0.01770833333333334,-0.25,-0.13727355072463787,1.1102230246251565e-16,6.007065217391305,5.869791666666667,23,-1,0,0,0,0,0,0,-8,-8,False,16,0.0,1,False,best_rejected_stop,marginal_utility_negative,15,8-8-8-6-6-6,153,15,"{""EF1"": 1, ""EF2"": 3, ""EF3"": 3, ""EF4"": 5, ""EF5"": 9, ""SL5"": 3, ""SL6"": 2, ""SL7"": 3, ""Seuil3"": 4, ""Seuil4"": 3}",delta_fatigue_term,0.112726449275362,0.018614130434783327,0.1558876811594212
19,13,5,weighted_greedy,8-8-8-8-6-6,8,-8,28,19,9,EF2,EF,2,2,8,2,0,True,,False,0.2142857142857144,0.0,-0.017187499999999994,-0.25,-0.05290178571428594,-3.608224830031759e-16,5.684151785714286,5.63125,21,-4,0,0,0,0,-1,2,-9,-8,False,16,0.0,1,False,best_rejected_stop,marginal_utility_negative,15,8-8-8-8-6-6,175,17,"{""EF1"": 2, ""EF2"": 3, ""EF3"": 3, ""EF4"": 6, ""EF5"": 10, ""SL5"": 3, ""SL6"": 2, ""SL7"": 3, ""SL8"": 1, ""Seuil3"": 4, ""Seuil4"": 4}",delta_fatigue_term,0.19709821428571442,0.42075892857142794,0.4736607142857139
19,14,5,weighted_greedy,8-8-8-8-6-6,8,-8,20,19,1,EF1,EF,1,1,7,1,0,True,,False,0.15000000000000036,0.0,-0.0267857142857143,-0.25,-0.12678571428571317,7.771561172376096e-16,6.519642857142856,6.392857142857143,20,-5,0,0,0,0,-2,1,-10,-8,False,16,0.0,1,False,best_rejected_stop,marginal_utility_negative,16,8-8-8-8-6-6,194,19,"{""EF1"": 2, ""EF2"": 4, ""EF3"": 3, ""EF4"": 6, ""EF5"": 11, ""SL5"": 3, ""SL6"": 2, ""SL7"": 3, ""SL8"": 2, ""Seuil3"": 4, ""Seuil4"": 5}",delta_fatigue_term,0.12321428571428605,0.5910714285714276,0.7178571428571408
19,16,5,weighted_greedy,8-8-8-8-6-6,8,-8,28,19,9,EF2,EF,2,2,8,2,0,True,,False,0.2142857142857144,0.0,-0.017187499999999994,-0.25,-0.05290178571428594,-3.608224830031759e-16,5.684151785714286,5.63125,21,-4,0,0,0,0,-1,2,-9,-8,False,16,0.0,1,False,best_rejected_stop,marginal_utility_negative,16,8-8-8-8-6-6,236,23,"{""EF1"": 2, ""EF2"": 5, ""EF3"": 4, ""EF4"": 7, ""EF5"": 13, ""SL5"": 3, ""SL6"": 2, ""SL7"": 4, ""SL8"": 3, ""Seuil3"": 4, ""Seuil4"": 7}",delta_fatigue_term,0.19709821428571442,0.42075892857142794,0.4736607142857139
20,1,3,weighted_greedy,6-6-6-6,6,0,14,4,10,EF1,EF,1,1,6,1,0,True,,False,0.2142857142857143,0.0,-0.013888888888888881,-0.75,-0.5496031746031749,-3.3306690738754696e-16,2.9404761904761902,2.390873015873016,5,-9,0,0,0,0,-4,0,-4,-4,False,10,0.0,1,False,best_rejected_stop,marginal_utility_negative,2,6-6-6-6,0,0,{},delta_fatigue_term,0.0667989417989418,0.4285714285714288,0.9781746031746037
20,5,5,weighted_greedy,8-6-6-6,8,-4,17,16,1,EF1,EF,1,1,8,1,0,True,,False,0.17647058823529438,0.0,-0.018750000000000003,-0.5,-0.34227941176470544,1.6653345369377348e-16,5.198529411764706,4.85625,17,2,2,1,0,0,0,0,-2,-2,False,10,0.0,1,False,best_rejected_stop,marginal_utility_negative,12,8-6-6-6,41,5,"{""EF1"": 1, ""EF2"": 3, ""EF3"": 3, ""EF4"": 2, ""Seuil3"": 3, ""Seuil4"": 2}",delta_fatigue_term,0.0788602941176472,1.2689950980392157,1.6112745098039212
20,6,3,weighted_greedy,8-6-6-6-6,8,-3,18,10,8,EF5,EF,5,5,7,5,0,True,,False,0.8333333333333333,0.0,0.0,-1.0,-0.16666666666666607,6.661338147750939e-16,4.595238095238095,4.428571428571429,15,-4,0,0,0,0,-1,3,-4,-4,False,12,0.0,1,False,best_rejected_stop,marginal_utility_negative,12,8-6-6-6-6,57,7,"{""EF1"": 1, ""EF2"": 3, ""EF3"": 4, ""EF4"": 2, ""EF5"": 1, ""SL5"": 1, ""Seuil3"": 4, ""Seuil4"": 2}",delta_fatigue_term,0.20833333333333331,,
20,7,3,weighted_greedy,8-8-6-6-6,8,-7,17,11,6,EF5,EF,5,5,6,5,0,True,,False,0.8823529411764701,0.0,-0.0069444444444444475,-1.0,-0.12459150326797364,6.938893903907228e-16,4.9203431372549025,4.795751633986928,16,-4,0,0,0,0,-1,3,-8,-8,False,16,0.0,1,False,best_rejected_stop,marginal_utility_negative,13,8-8-6-6-6,67,8,"{""EF1"": 1, ""EF2"": 3, ""EF3"": 4, ""EF4"": 2, ""EF5"": 2, ""SL5"": 2, ""Seuil3"": 4, ""Seuil4"": 2}",delta_fatigue_term,0.21885212418300642,,
20,8,3,weighted_greedy,8-8-6-6-6,8,-8,18,11,7,EF5,EF,5,5,8,5,0,True,,False,0.833333333333333,0.0,-0.005208333333333343,-1.0,-0.1718750000000009,-5.828670879282072e-16,4.755208333333334,4.583333333333333,16,-4,0,0,0,0,-1,3,-9,-8,False,16,0.0,1,False,best_rejected_stop,marginal_utility_negative,13,8-8-6-6-6,78,9,"{""EF1"": 1, ""EF2"": 3, ""EF3"": 4, ""EF4"": 2, ""EF5"": 3, ""SL5"": 2, ""SL6"": 1, ""Seuil3"": 4, ""Seuil4"": 2}",delta_fatigue_term,0.20703124999999992,,
20,9,4,weighted_greedy,8-8-6-6-6,8,-8,12,10,2,EF1,EF,1,1,4,1,0,True,,False,0.25,0.0,-0.03645833333333334,-0.75,-0.536458333333333,3.3306690738754696e-16,6.208333333333333,5.671875,11,-9,0,0,0,0,-4,0,-12,-8,False,16,0.0,1,False,best_rejected_stop,marginal_utility_negative,14,8-8-6-6-6,89,10,"{""EF1"": 1, ""EF2"": 3, ""EF3"": 4, ""EF4"": 2, ""EF5"": 4, ""SL5"": 2, ""SL6"": 2, ""Seuil3"": 4, ""Seuil4"": 2}",delta_fatigue_term,0.07118055555555555,0.45833333333333304,0.9947916666666661
20,10,3,weighted_greedy,8-8-6-6-6,8,-8,19,11,8,EF5,EF,5,5,6,5,0,True,,False,0.7894736842105261,0.0,-0.0069444444444444475,-1.0,-0.2174707602339181,2.498001805406602e-16,4.7160087719298245,4.498538011695906,16,-4,0,0,0,0,-1,3,-9,-8,False,16,0.0,1,False,best_rejected_stop,marginal_utility_negative,14,8-8-6-6-6,99,11,"{""EF1"": 1, ""EF2"": 4, ""EF3"": 4, ""EF4"": 3, ""EF5"": 4, ""SL5"": 2, ""SL6"": 2, ""Seuil3"": 4, ""Seuil4"": 3}",delta_fatigue_term,0.19563230994152042,,
20,13,5,weighted_greedy,8-8-8-6-6-6,8,-8,25,18,7,EF4,EF,4,4,6,4,0,True,,False,0.48,0.0,-0.004166666666666652,-0.5,-0.024166666666666003,6.661338147750939e-16,5.8475,5.823333333333333,22,-2,0,0,0,0,0,3,-8,-8,False,16,0.0,1,False,best_rejected_stop,marginal_utility_negative,14,8-8-8-6-6-6,138,14,"{""EF1"": 1, ""EF2"": 5, ""EF3"": 4, ""EF4"": 6, ""EF5"": 6, ""SL5"": 3, ""SL6"": 3, ""Seuil3"": 4, ""Seuil4"": 4}",delta_fatigue_term,0.23791666666666667,0.4730555555555558,0.4972222222222218
20,14,5,weighted_greedy,8-8-8-8-6-6,8,-8,27,19,8,EF2,EF,2,2,8,2,0,True,,False,0.22222222222222232,0.0,-0.017187499999999994,-0.25,-0.044965277777777146,5.273559366969494e-16,5.759548611111111,5.714583333333334,21,-4,0,0,0,0,-1,2,-9,-8,False,16,0.0,1,False,best_rejected_stop,marginal_utility_negative,14,8-8-8-8-6-6,156,16,"{""EF1"": 1, ""EF2"": 5, ""EF3"": 5, ""EF4"": 6, ""EF5"": 7, ""SL5"": 3, ""SL6"": 4, ""Seuil3"": 4, ""Seuil4"": 5}",delta_fatigue_term,0.20503472222222233,0.43663194444444375,0.4815972222222209
20,15,5,weighted_greedy,8-8-8-8-6-6,8,-8,26,19,7,EF2,EF,2,2,7,2,0,True,,False,0.23076923076923128,0.0,-0.019642857142857156,-0.25,-0.03887362637362468,1.1934897514720433e-15,5.861950549450549,5.823076923076924,21,-4,0,0,0,0,-1,2,-9,-8,False,16,0.0,1,False,best_rejected_stop,marginal_utility_negative,14,8-8-8-8-6-6,175,18,"{""EF1"": 1, ""EF2"": 5, ""EF3"": 6, ""EF4"": 6, ""EF5"": 8, ""SL5"": 3, ""SL6"": 4, ""SL7"": 1, ""Seuil3"": 4, ""Seuil4"": 6}",delta_fatigue_term,0.21112637362637413,0.4526098901098896,0.4914835164835143
20,16,5,weighted_greedy,8-8-8-8-6-6,8,-8,20,19,1,EF1,EF,1,1,7,1,0,True,,False,0.15000000000000036,0.0,-0.0267857142857143,-0.25,-0.12678571428571317,7.771561172376096e-16,6.519642857142856,6.392857142857143,20,-5,0,0,0,0,-2,1,-10,-8,False,16,0.0,1,False,best_rejected_stop,marginal_utility_negative,15,8-8-8-8-6-6,194,20,"{""EF1"": 1, ""EF2"": 5, ""EF3"": 7, ""EF4"": 6, ""EF5"": 9, ""SL5"": 3, ""SL6"": 4, ""SL7"": 2, ""Seuil3"": 4, ""Seuil4"": 7}",delta_fatigue_term,0.12321428571428605,0.5910714285714276,0.7178571428571408
21,1,3,weighted_greedy,6-6-6-6,6,0,14,4,10,EF1,EF,1,1,6,1,0,True,,False,0.2142857142857143,0.0,-0.013888888888888881,-0.75,-0.5496031746031749,-3.3306690738754696e-16,2.9404761904761902,2.390873015873016,5,-9,0,0,0,0,-4,0,-4,-4,False,10,0.0,1,False,best_rejected_stop,marginal_utility_negative,2,6-6-6-6,0,0,{},delta_fatigue_term,0.0667989417989418,0.4285714285714288,0.9781746031746037
21,2,6,weighted_greedy,6-6-6-6,6,-4,13,12,1,EF1,EF,1,1,6,1,0,True,,False,0.23076923076923084,0.0,-0.009722222222222215,-0.25,-0.028952991452991128,2.498001805406602e-16,5.869230769230769,5.840277777777778,13,-1,0,0,0,0,0,0,-4,-4,False,10,0.0,1,False,best_rejected_stop,marginal_utility_negative,6,6-6-6-6,4,0,"{""EF2"": 2}",delta_fatigue_term,0.22104700854700862,0.21618589743589745,0.24513888888888857
21,3,5,weighted_greedy,6-6-6-6,6,-4,14,12,2,EF1,EF,1,1,5,1,0,True,,False,0.2142857142857144,0.0,-0.01999999999999999,-0.25,-0.05571428571428605,-4.718447854656915e-16,5.7214285714285715,5.6657142857142855,13,-1,0,0,0,0,0,0,-4,-4,False,10,0.0,1,False,best_rejected_stop,marginal_utility_negative,8,6-6-6-6,16,2,"{""EF1"": 1, ""EF2"": 3, ""EF3"": 1, ""Seuil3"": 2}",delta_fatigue_term,0.19428571428571442,1.8738095238095238,1.9295238095238099
21,5,4,weighted_greedy,8-6-6-6,8,-5,7,5,2,EF1,EF,1,1,2,1,0,True,,False,0.4285714285714284,0.0,-0.020833333333333343,-0.75,-0.3422619047619051,-1.1102230246251565e-16,4.351190476190476,4.008928571428571,6,-9,0,0,0,0,-4,0,-9,-8,False,16,0.0,1,False,best_rejected_stop,marginal_utility_negative,10,8-6-6-6,39,5,"{""EF1"": 1, ""EF2"": 4, ""EF3"": 3, ""EF4"": 1, ""Seuil3"": 3, ""Seuil4"": 2}",delta_fatigue_term,0.13591269841269835,0.38690476190476186,0.729166666666667
21,7,3,weighted_greedy,8-6-6-6-6,8,-7,17,10,7,EF5,EF,5,5,8,5,0,True,,False,0.8823529411764706,0.0,0.0,-1.0,-0.11764705882352988,-4.440892098500626e-16,4.670955882352941,4.553308823529411,15,-4,0,0,0,0,-1,3,-8,-8,False,16,0.0,1,False,best_rejected_stop,marginal_utility_negative,12,8-6-6-6-6,60,7,"{""EF1"": 2, ""EF2"": 6, ""EF3"": 3, ""EF4"": 3, ""Seuil3"": 4, ""Seuil4"": 2, ""Seuil5"": 1}",delta_fatigue_term,0.22058823529411764,,
21,8,3,weighted_greedy,8-8-6-6-6,8,-8,19,10,9,EF1,EF,1,1,8,1,0,True,,False,0.1578947368421053,0.0,-0.04166666666666667,-0.75,-0.6337719298245617,-3.3306690738754696e-16,5.235197368421053,4.6014254385964914,11,-9,0,0,0,0,-4,0,-12,-8,False,16,0.0,1,False,best_rejected_stop,marginal_utility_negative,12,8-8-6-6-6,70,8,"{""EF1"": 2, ""EF2"": 6, ""EF3"": 3, ""EF4"": 3, ""EF5"": 1, ""SL5"": 1, ""Seuil3"": 4, ""Seuil4"": 2, ""Seuil5"": 1}",delta_fatigue_term,0.038742690058479544,,
21,10,3,weighted_greedy,8-8-6-6-6,8,-8,19,11,8,EF5,EF,5,5,8,5,0,True,,False,0.7894736842105261,0.0,-0.005208333333333343,-1.0,-0.2157346491228065,7.494005416219807e-16,4.6587171052631575,4.442982456140351,16,-4,0,0,0,0,-1,3,-9,-8,False,16,0.0,1,False,best_rejected_stop,marginal_utility_negative,13,8-8-6-6-6,90,10,"{""EF1"": 2, ""EF2"": 6, ""EF3"": 3, ""EF4"": 3, ""EF5"": 3, ""SL5"": 3, ""Seuil3"": 4, ""Seuil4"": 2, ""Seuil5"": 1}",delta_fatigue_term,0.19606633771929818,,
21,11,6,weighted_greedy,8-8-6-6-6-6,8,-8,20,19,1,EF1,EF,1,1,8,1,0,True,,False,0.15000000000000036,0.0,-0.014583333333333323,-0.25,-0.11458333333333304,-6.938893903907228e-17,6.21875,6.104166666666667,20,-3,0,0,0,0,0,1,-8,-8,False,16,0.0,1,False,best_rejected_stop,marginal_utility_negative,13,8-8-6-6-6-6,101,11,"{""EF1"": 2, ""EF2"": 6, ""EF3"": 3, ""EF4"": 3, ""EF5"": 4, ""SL5"": 3, ""SL6"": 1, ""Seuil3"": 4, ""Seuil4"": 2, ""Seuil5"": 1}",delta_fatigue_term,0.13541666666666702,0.03593750000000018,0.15052083333333321
21,12,5,weighted_greedy,8-8-8-6-6-6,8,-8,24,18,6,EF4,EF,4,4,8,4,0,True,,False,0.5,0.0,-0.003124999999999989,-0.5,-0.0031249999999998224,1.6653345369377348e-16,5.890625,5.8875,22,-2,0,0,0,0,0,3,-8,-8,False,16,0.0,1,False,best_rejected_stop,marginal_utility_negative,14,8-8-8-6-6-6,120,13,"{""EF1"": 2, ""EF2"": 8, ""EF3"": 3, ""EF4"": 3, ""EF5"": 5, ""SL5"": 3, ""SL6"": 2, ""Seuil3"": 4, ""Seuil4"": 3, ""Seuil5"": 1}",delta_fatigue_term,0.2484375,0.4947916666666661,0.4979166666666659
21,13,6,weighted_greedy,8-8-8-6-6-6,8,-8,23,22,1,EF1,EF,1,1,8,1,0,True,,False,0.13043478260869534,0.0,-0.01770833333333334,-0.25,-0.13727355072463787,1.1102230246251565e-16,6.007065217391305,5.869791666666667,23,-1,0,0,0,0,0,0,-8,-8,False,16,0.0,1,False,best_rejected_stop,marginal_utility_negative,14,8-8-8-6-6-6,138,15,"{""EF1"": 2, ""EF2"": 9, ""EF3"": 3, ""EF4"": 3, ""EF5"": 6, ""SL5"": 3, ""SL6"": 2, ""SL7"": 1, ""Seuil3"": 4, ""Seuil4"": 4, ""Seuil5"": 1}",delta_fatigue_term,0.112726449275362,0.018614130434783327,0.1558876811594212
21,14,5,weighted_greedy,8-8-8-8-6-6,8,-8,24,19,5,EF4,EF,4,4,7,4,0,True,,False,0.5,0.0,-0.005357142857142866,-0.5,-0.005357142857142172,6.938893903907228e-16,6.044642857142857,6.039285714285715,23,-2,0,0,0,0,0,3,-8,-8,False,16,0.0,1,False,best_rejected_stop,marginal_utility_negative,15,8-8-8-8-6-6,160,17,"{""EF1"": 2, ""EF2"": 10, ""EF3"": 3, ""EF4"": 4, ""EF5"": 7, ""SL5"": 3, ""SL6"": 2, ""SL7"": 2, ""Seuil3"": 4, ""Seuil4"": 5, ""Seuil5"": 1}",delta_fatigue_term,0.24732142857142858,0.49107142857142794,0.4964285714285701
21,15,5,weighted_greedy,8-8-8-8-6-6,8,-8,30,19,11,EF2,EF,2,2,8,2,0,True,,False,0.19999999999999973,0.0,-0.017187499999999994,-0.25,-0.06718750000000107,-8.049116928532385e-16,5.5484375,5.481249999999999,21,-4,0,0,0,0,-1,2,-9,-8,False,16,0.0,1,False,best_rejected_stop,marginal_utility_negative,15,8-8-8-8-6-6,179,19,"{""EF1"": 2, ""EF2"": 10, ""EF3"": 4, ""EF4"": 4, ""EF5"": 8, ""SL5"": 3, ""SL6"": 2, ""SL7"": 3, ""Seuil3"": 4, ""Seuil4"": 6, ""Seuil5"": 1}",delta_fatigue_term,0.18281249999999974,0.39218750000000036,0.4593750000000014
22,1,3,weighted_greedy,6-6-6-6,6,0,11,4,7,EF1,EF,1,1,5,1,0,True,,False,0.2727272727272727,0.0,-0.016666666666666663,-0.75,-0.4939393939393941,-1.6653345369377348e-16,3.190909090909091,2.696969696969697,5,-9,0,0,0,0,-4,0,-4,-4,False,10,0.0,1,False,best_rejected_stop,marginal_utility_negative,2,6-6-6-6,0,0,{},delta_fatigue_term,0.08535353535353535,0.5454545454545454,1.0393939393939395
22,2,6,weighted_greedy,6-6-6-6,6,-4,14,12,2,EF1,EF,1,1,6,1,0,True,,False,0.2142857142857144,0.0,-0.009722222222222215,-0.25,-0.04543650793650755,2.498001805406602e-16,5.671428571428571,5.625992063492063,13,-1,0,0,0,0,0,0,-4,-4,False,10,0.0,1,False,best_rejected_stop,marginal_utility_negative,6,6-6-6-6,4,0,"{""EF2"": 2}",delta_fatigue_term,0.2045634920634922,0.19970238095238013,0.24513888888888768
22,3,4,weighted_greedy,6-6-6-6,6,-4,11,10,1,EF1,EF,1,1,6,1,0,True,,False,0.27272727272727293,0.0,-0.024305555555555566,-0.25,-0.0015782828282828731,-2.3592239273284576e-16,4.616161616161616,4.614583333333333,11,-3,0,0,0,0,0,1,-4,-4,False,10,0.0,1,False,best_rejected_stop,marginal_utility_negative,8,6-6-6-6,16,2,"{""EF1"": 1, ""EF2"": 3, ""EF3"": 1, ""Seuil3"": 2}",delta_fatigue_term,0.24842171717171735,0.5612373737373737,0.5628156565656566
22,5,4,weighted_greedy,8-6-6-6,8,-5,14,13,1,EF1,EF,1,1,7,1,0,True,,False,0.2142857142857144,0.0,-0.02976190476190474,-0.25,-0.06547619047619069,-3.608224830031759e-16,4.440476190476191,4.375,14,-1,0,0,0,0,0,0,-5,-5,False,13,0.0,1,False,best_rejected_stop,marginal_utility_negative,10,8-6-6-6,37,4,"{""EF1"": 1, ""EF2"": 3, ""EF3"": 4, ""EF4"": 1, ""Seuil3"": 2, ""Seuil4"": 2}",delta_fatigue_term,0.18452380952380967,0.3511904761904763,0.41666666666666696
22,6,3,weighted_greedy,8-6-6-6-6,8,-5,18,10,8,EF5,EF,5,5,7,5,0,True,,False,0.8333333333333333,0.0,0.0,-1.0,-0.16666666666666607,6.661338147750939e-16,4.595238095238095,4.428571428571429,15,-4,0,0,0,0,-1,3,-6,-6,False,14,0.0,1,False,best_rejected_stop,marginal_utility_negative,12,8-6-6-6-6,50,5,"{""EF1"": 1, ""EF2"": 3, ""EF3"": 4, ""EF4"": 3, ""Seuil3"": 2, ""Seuil4"": 2, ""Seuil5"": 1}",delta_fatigue_term,0.20833333333333331,,
22,7,3,weighted_greedy,8-6-6-6-6,8,-8,14,10,4,EF3,EF,3,3,5,3,0,True,,False,0.6428571428571428,0.0,-0.033333333333333354,-0.75,-0.14047619047618998,5.828670879282072e-16,5.142857142857142,5.002380952380952,13,-6,0,0,0,0,-3,1,-11,-8,False,16,0.0,1,False,best_rejected_stop,marginal_utility_negative,12,8-6-6-6-6,60,6,"{""EF1"": 1, ""EF2"": 3, ""EF3"": 4, ""EF4"": 3, ""EF5"": 1, ""SL5"": 1, ""Seuil3"": 2, ""Seuil4"": 2, ""Seuil5"": 1}",delta_fatigue_term,0.20317460317460315,,
22,9,3,weighted_greedy,8-8-6-6-6,8,-8,19,11,8,EF5,EF,5,5,7,5,0,True,,False,0.7894736842105261,0.0,-0.005952380952380959,-1.0,-0.21647869674185483,2.7755575615628914e-17,4.68327067669173,4.466791979949875,16,-4,0,0,0,0,-1,3,-9,-8,False,16,0.0,1,False,best_rejected_stop,marginal_utility_negative,13,8-8-6-6-6,87,8,"{""EF1"": 1, ""EF2"": 4, ""EF3"": 4, ""EF4"": 4, ""EF5"": 3, ""SL5"": 2, ""SL6"": 1, ""Seuil3"": 2, ""Seuil4"": 2, ""Seuil5"": 1}",delta_fatigue_term,0.1958803258145363,,
22,10,3,weighted_greedy,8-8-6-6-6,8,-8,15,11,4,EF3,EF,3,3,6,3,0,True,,False,0.6000000000000001,0.0,-0.03472222222222221,-0.75,-0.1847222222222218,3.3306690738754696e-16,5.179166666666666,4.9944444444444445,14,-6,0,0,0,0,-3,1,-11,-8,False,16,0.0,1,False,best_rejected_stop,marginal_utility_negative,14,8-8-6-6-6,98,9,"{""EF1"": 1, ""EF2"": 4, ""EF3"": 4, ""EF4"": 4, ""EF5"": 4, ""SL5"": 2, ""SL6"": 2, ""Seuil3"": 2, ""Seuil4"": 2, ""Seuil5"": 1}",delta_fatigue_term,0.18842592592592597,,
22,11,6,weighted_greedy,8-8-6-6-6-6,8,-8,20,19,1,EF1,EF,1,1,7,1,0,True,,False,0.15000000000000036,0.0,-0.01666666666666665,-0.25,-0.11666666666666714,-8.465450562766819e-16,6.235714285714286,6.119047619047619,20,-3,0,0,0,0,0,1,-8,-8,False,16,0.0,1,False,best_rejected_stop,marginal_utility_negative,14,8-8-6-6-6-6,109,10,"{""EF1"": 1, ""EF2"": 4, ""EF3"": 4, ""EF4"": 4, ""EF5"": 5, ""SL5"": 2, ""SL6"": 3, ""Seuil3"": 2, ""Seuil4"": 2, ""Seuil5"": 1}",delta_fatigue_term,0.1333333333333337,0.03392857142857153,0.15059523809523867
22,12,5,weighted_greedy,8-8-8-6-6-6,8,-8,24,18,6,EF4,EF,4,4,7,4,0,True,,False,0.5,0.0,-0.0035714285714285587,-0.5,-0.0035714285714281147,4.440892098500626e-16,5.910714285714286,5.9071428571428575,22,-2,0,0,0,0,0,3,-8,-8,False,16,0.0,1,False,best_rejected_stop,marginal_utility_negative,14,8-8-8-6-6-6,128,12,"{""EF1"": 2, ""EF2"": 5, ""EF3"": 4, ""EF4"": 4, ""EF5"": 6, ""SL5"": 2, ""SL6"": 3, ""SL7"": 1, ""Seuil3"": 2, ""Seuil4"": 3, ""Seuil5"": 1}",delta_fatigue_term,0.24821428571428572,0.4940476190476195,0.4976190476190476
22,13,5,weighted_greedy,8-8-8-6-6-6,8,-8,24,18,6,EF4,EF,4,4,7,4,0,True,,False,0.5,0.0,-0.0035714285714285587,-0.5,-0.0035714285714281147,4.440892098500626e-16,5.910714285714286,5.9071428571428575,22,-2,0,0,0,0,0,3,-8,-8,False,16,0.0,1,False,best_rejected_stop,marginal_utility_negative,15,8-8-8-6-6-6,146,14,"{""EF1"": 2, ""EF2"": 6, ""EF3"": 4, ""EF4"": 4, ""EF5"": 7, ""SL5"": 2, ""SL6"": 3, ""SL7"": 2, ""Seuil3"": 2, ""Seuil4"": 4, ""Seuil5"": 1}",delta_fatigue_term,0.24821428571428572,0.4940476190476195,0.4976190476190476
22,14,5,weighted_greedy,8-8-8-8-6-6,8,-8,25,19,6,EF4,EF,4,4,7,4,0,True,,False,0.48,0.0,-0.005357142857142866,-0.5,-0.025357142857142634,2.498001805406602e-16,5.949642857142857,5.924285714285714,23,-2,0,0,0,0,0,3,-8,-8,False,16,0.0,1,False,best_rejected_stop,marginal_utility_negative,15,8-8-8-8-6-6,164,16,"{""EF1"": 2, ""EF2"": 7, ""EF3"": 4, ""EF4"": 4, ""EF5"": 8, ""SL5"": 2, ""SL6"": 3, ""SL7"": 3, ""Seuil3"": 2, ""Seuil4"": 5, ""Seuil5"": 1}",delta_fatigue_term,0.23732142857142857,0.47107142857142925,0.4964285714285719
22,15,5,weighted_greedy,8-8-8-8-6-6,8,-8,24,19,5,EF4,EF,4,4,7,4,0,True,,False,0.5,0.0,-0.005357142857142866,-0.5,-0.005357142857142172,6.938893903907228e-16,6.044642857142857,6.039285714285715,23,-2,0,0,0,0,0,3,-8,-8,False,16,0.0,1,False,best_rejected_stop,marginal_utility_negative,15,8-8-8-8-6-6,183,18,"{""EF1"": 2, ""EF2"": 7, ""EF3"": 5, ""EF4"": 4, ""EF5"": 9, ""SL5"": 2, ""SL6"": 3, ""SL7"": 4, ""Seuil3"": 2, ""Seuil4"": 6, ""Seuil5"": 1}",delta_fatigue_term,0.24732142857142858,0.49107142857142794,0.4964285714285701
22,16,5,weighted_greedy,8-8-8-8-6-6,8,-8,20,19,1,EF1,EF,1,1,7,1,0,True,,False,0.15000000000000036,0.0,-0.0267857142857143,-0.25,-0.12678571428571317,7.771561172376096e-16,6.519642857142856,6.392857142857143,20,-5,0,0,0,0,-2,1,-10,-8,False,16,0.0,1,False,best_rejected_stop,marginal_utility_negative,15,8-8-8-8-6-6,202,20,"{""EF1"": 2, ""EF2"": 7, ""EF3"": 6, ""EF4"": 4, ""EF5"": 10, ""SL5"": 2, ""SL6"": 3, ""SL7"": 5, ""Seuil3"": 2, ""Seuil4"": 7, ""Seuil5"": 1}",delta_fatigue_term,0.12321428571428605,0.5910714285714276,0.7178571428571408
23,1,3,weighted_greedy,6-6-6-6,6,0,11,4,7,EF1,EF,1,1,5,1,0,True,,False,0.2727272727272727,0.0,-0.016666666666666663,-0.75,-0.4939393939393941,-1.6653345369377348e-16,3.190909090909091,2.696969696969697,5,-9,0,0,0,0,-4,0,-4,-4,False,10,0.0,1,False,best_rejected_stop,marginal_utility_negative,2,6-6-6-6,0,0,{},delta_fatigue_term,0.08535353535353535,0.5454545454545454,1.0393939393939395
23,2,6,weighted_greedy,6-6-6-6,6,-4,13,12,1,EF1,EF,1,1,5,1,0,True,,False,0.23076923076923084,0.0,-0.011666666666666672,-0.25,-0.030897435897435876,-4.163336342344337e-17,5.889230769230769,5.858333333333333,13,-1,0,0,0,0,0,0,-4,-4,False,10,0.0,1,False,best_rejected_stop,marginal_utility_negative,6,6-6-6-6,4,0,"{""EF2"": 2}",delta_fatigue_term,0.21910256410256418,0.21326923076923077,0.24416666666666664
23,3,4,weighted_greedy,6-6-6-6,6,-4,11,10,1,EF1,EF,1,1,6,1,0,True,,False,0.27272727272727293,0.0,-0.024305555555555566,-0.25,-0.0015782828282828731,-2.3592239273284576e-16,4.616161616161616,4.614583333333333,11,-3,0,0,0,0,0,1,-4,-4,False,10,0.0,1,False,best_rejected_stop,marginal_utility_negative,8,6-6-6-6,16,2,"{""EF1"": 1, ""EF2"": 3, ""EF3"": 1, ""Seuil3"": 2}",delta_fatigue_term,0.24842171717171735,0.5612373737373737,0.5628156565656566
23,8,4,weighted_greedy,8-6-6-6-6,8,-6,16,15,1,EF1,EF,1,1,6,1,0,True,,False,0.1875,0.0,-0.041666666666666685,-0.25,-0.10416666666666607,6.106226635438361e-16,4.770833333333333,4.666666666666667,16,-3,0,0,0,0,0,1,-6,-6,False,14,0.0,1,False,best_rejected_stop,marginal_utility_negative,13,8-6-6-6-6,79,7,"{""EF1"": 2, ""EF2"": 4, ""EF3"": 4, ""EF4"": 3, ""EF5"": 3, ""SL5"": 2, ""SL6"": 1, ""Seuil3"": 2, ""Seuil4"": 2}",delta_fatigue_term,0.14583333333333331,0.22916666666666696,0.33333333333333304
23,9,3,weighted_greedy,8-8-6-6-6,8,-7,21,11,10,EF5,EF,5,5,6,5,0,True,,False,0.714285714285714,0.0,-0.0069444444444444475,-1.0,-0.29265873015873023,2.220446049250313e-16,4.550595238095238,4.257936507936508,16,-4,0,0,0,0,-1,3,-8,-8,False,16,0.0,1,False,best_rejected_stop,marginal_utility_negative,14,8-8-6-6-6,94,8,"{""EF1"": 2, ""EF2"": 4, ""EF3"": 4, ""EF4"": 4, ""EF5"": 4, ""SL5"": 2, ""SL6"": 2, ""Seuil3"": 2, ""Seuil4"": 2}",delta_fatigue_term,0.1768353174603174,,
23,10,5,weighted_greedy,8-8-6-6-6-6,8,-8,24,17,7,EF4,EF,4,4,6,4,0,True,,False,0.5,0.0,-0.002083333333333326,-0.5,-0.002083333333333215,1.1102230246251565e-16,5.802083333333333,5.8,21,-2,0,0,0,0,0,3,-8,-8,False,16,0.0,1,False,best_rejected_stop,marginal_utility_negative,14,8-8-6-6-6-6,105,9,"{""EF1"": 2, ""EF2"": 4, ""EF3"": 4, ""EF4"": 4, ""EF5"": 5, ""SL5"": 2, ""SL6"": 3, ""Seuil3"": 2, ""Seuil4"": 2}",delta_fatigue_term,0.24895833333333334,0.4965277777777777,0.4986111111111109
23,11,6,weighted_greedy,8-8-6-6-6-6,8,-8,23,21,2,EF1,EF,1,1,8,1,0,True,,False,0.13043478260869623,0.0,-0.016666666666666677,-0.25,-0.13623188405797038,5.551115123125783e-17,5.870380434782608,5.734148550724638,22,-1,0,0,0,0,0,0,-8,-8,False,16,0.0,1,False,best_rejected_stop,marginal_utility_negative,14,8-8-6-6-6-6,122,11,"{""EF1"": 2, ""EF2"": 5, ""EF3"": 4, ""EF4"": 4, ""EF5"": 6, ""SL5"": 2, ""SL6"": 4, ""Seuil3"": 2, ""Seuil4"": 3}",delta_fatigue_term,0.11376811594202955,0.020176630434781906,0.15640851449275228
23,14,5,weighted_greedy,8-8-8-8-6-6,8,-8,25,19,6,EF4,EF,4,4,8,4,0,True,,False,0.48,0.0,-0.004687500000000011,-0.5,-0.02468750000000064,-6.106226635438361e-16,5.9284375,5.9037500000000005,23,-2,0,0,0,0,0,3,-8,-8,False,16,0.0,1,False,best_rejected_stop,marginal_utility_negative,14,8-8-8-8-6-6,182,17,"{""EF1"": 3, ""EF2"": 5, ""EF3"": 5, ""EF4"": 7, ""EF5"": 9, ""SL5"": 3, ""SL6"": 5, ""SL7"": 1, ""Seuil3"": 3, ""Seuil4"": 5}",delta_fatigue_term,0.23765624999999999,0.4721875000000004,0.49687500000000107
23,15,6,weighted_greedy,8-8-8-8-6-6,8,-8,22,21,1,EF1,EF,1,1,8,1,0,True,,False,0.13636363636363624,0.0,-0.016666666666666677,-0.25,-0.13030303030302992,4.996003610813204e-16,6.244886363636364,6.114583333333333,22,-3,0,0,0,0,0,1,-8,-8,False,16,0.0,1,False,best_rejected_stop,marginal_utility_negative,15,8-8-8-8-6-6,201,19,"{""EF1"": 3, ""EF2"": 5, ""EF3"": 6, ""EF4"": 7, ""EF5"": 10, ""SL5"": 3, ""SL6"": 5, ""SL7"": 2, ""Seuil3"": 3, ""Seuil4"": 6}",delta_fatigue_term,0.11969696969696957,0.00553977272727213,0.13584280303030205
24,1,3,weighted_greedy,6-6-6-6,6,0,12,4,8,EF1,EF,1,1,6,1,0,True,,False,0.25,0.0,-0.013888888888888881,-0.75,-0.5138888888888884,4.440892098500626e-16,3.0833333333333335,2.5694444444444446,5,-9,0,0,0,0,-4,0,-4,-4,False,10,0.0,1,False,best_rejected_stop,marginal_utility_negative,2,6-6-6-6,0,0,{},delta_fatigue_term,0.0787037037037037,0.49999999999999956,1.013888888888888
24,3,4,weighted_greedy,6-6-6-6,6,-4,13,12,1,EF1,EF,1,1,6,1,0,True,,False,0.23076923076923084,0.0,-0.03125,-0.25,-0.05048076923076916,0.0,4.435897435897436,4.385416666666667,13,-1,0,0,0,0,0,0,-4,-4,False,10,0.0,1,False,best_rejected_stop,marginal_utility_negative,9,6-6-6-6,16,2,"{""EF2"": 2, ""EF3"": 2, ""Seuil3"": 2}",delta_fatigue_term,0.19951923076923084,0.42307692307692335,0.4735576923076925
24,6,3,weighted_greedy,8-6-6-6-6,8,-5,19,10,9,EF5,EF,5,5,8,5,0,True,,False,0.7894736842105261,0.0,0.0,-1.0,-0.21052631578947434,-4.440892098500626e-16,4.485197368421053,4.274671052631579,15,-4,0,0,0,0,-1,3,-6,-6,False,14,0.0,1,False,best_rejected_stop,marginal_utility_negative,12,8-6-6-6-6,53,6,"{""EF2"": 4, ""EF3"": 2, ""EF4"": 3, ""EF5"": 1, ""SL5"": 1, ""Seuil3"": 3, ""Seuil4"": 2}",delta_fatigue_term,0.19736842105263153,,
24,7,4,weighted_greedy,8-6-6-6-6,8,-8,16,15,1,EF1,EF,1,1,6,1,0,True,,False,0.1875,0.0,-0.041666666666666685,-0.25,-0.10416666666666607,6.106226635438361e-16,4.770833333333333,4.666666666666667,16,-3,0,0,0,0,0,1,-8,-8,False,16,0.0,1,False,best_rejected_stop,marginal_utility_negative,13,8-6-6-6-6,63,7,"{""EF2"": 4, ""EF3"": 2, ""EF4"": 3, ""EF5"": 2, ""SL5"": 2, ""Seuil3"": 3, ""Seuil4"": 2}",delta_fatigue_term,0.14583333333333331,0.22916666666666696,0.33333333333333304
24,8,3,weighted_greedy,8-8-6-6-6,8,-8,17,11,6,EF5,EF,5,5,6,5,0,True,,False,0.8823529411764701,0.0,-0.0069444444444444475,-1.0,-0.12459150326797364,6.938893903907228e-16,4.9203431372549025,4.795751633986928,16,-4,0,0,0,0,-1,3,-9,-8,False,16,0.0,1,False,best_rejected_stop,marginal_utility_negative,13,8-8-6-6-6,78,8,"{""EF2"": 4, ""EF3"": 2, ""EF4"": 4, ""EF5"": 3, ""SL5"": 2, ""SL6"": 1, ""Seuil3"": 3, ""Seuil4"": 2}",delta_fatigue_term,0.21885212418300642,,
24,9,3,weighted_greedy,8-8-6-6-6,8,-8,16,11,5,EF5,EF,5,5,6,5,0,True,,False,0.9375,0.0,-0.0069444444444444475,-1.0,-0.06944444444444375,6.938893903907228e-16,5.041666666666667,4.972222222222222,16,-4,0,0,0,0,-1,3,-9,-8,False,16,0.0,1,False,best_rejected_stop,marginal_utility_negative,14,8-8-6-6-6,89,9,"{""EF2"": 4, ""EF3"": 2, ""EF4"": 4, ""EF5"": 4, ""SL5"": 2, ""SL6"": 2, ""Seuil3"": 3, ""Seuil4"": 2}",delta_fatigue_term,0.2326388888888889,,
24,10,6,weighted_greedy,8-8-6-6-6-6,8,-8,22,21,1,EF1,EF,1,1,6,1,0,True,,False,0.13636363636363624,0.0,-0.022222222222222254,-0.25,-0.13585858585858546,5.551115123125783e-16,6.038636363636364,5.902777777777778,22,-1,0,0,0,0,0,0,-8,-8,False,16,0.0,1,False,best_rejected_stop,marginal_utility_negative,14,8-8-6-6-6-6,100,10,"{""EF2"": 4, ""EF3"": 2, ""EF4"": 4, ""EF5"": 5, ""SL5"": 2, ""SL6"": 3, ""Seuil3"": 3, ""Seuil4"": 2}",delta_fatigue_term,0.11414141414141399,0.043371212121211755,0.1792297979797972
24,11,5,weighted_greedy,8-8-8-6-6-6,8,-8,26,18,8,EF2,EF,2,2,8,2,0,True,,False,0.23076923076923128,0.0,-0.015625,-0.25,-0.034855769230768274,4.440892098500626e-16,5.717548076923077,5.682692307692308,20,-4,0,0,0,0,-1,2,-9,-8,False,16,0.0,1,False,best_rejected_stop,marginal_utility_negative,14,8-8-8-6-6-6,121,12,"{""EF2"": 5, ""EF3"": 2, ""EF4"": 5, ""EF5"": 6, ""SL5"": 2, ""SL6"": 4, ""Seuil3"": 3, ""Seuil4"": 3}",delta_fatigue_term,0.21514423076923128,0.45633012820512775,0.491185897435896
24,13,5,weighted_greedy,8-8-8-8-6-6,8,-8,26,19,7,EF2,EF,2,2,8,2,0,True,,False,0.23076923076923128,0.0,-0.017187499999999994,-0.25,-0.03641826923076863,8.326672684688674e-17,5.840745192307692,5.804326923076923,21,-4,0,0,0,0,-1,2,-9,-8,False,16,0.0,1,False,best_rejected_stop,marginal_utility_negative,15,8-8-8-8-6-6,161,16,"{""EF2"": 7, ""EF3"": 2, ""EF4"": 6, ""EF5"": 8, ""SL5"": 2, ""SL6"": 4, ""SL7"": 2, ""Seuil3"": 3, ""Seuil4"": 5}",delta_fatigue_term,0.2135817307692313,0.4537259615384608,0.4901442307692294
24,14,5,weighted_greedy,8-8-8-8-6-6,8,-8,25,19,6,EF4,EF,4,4,8,4,0,True,,False,0.48,0.0,-0.004687500000000011,-0.5,-0.02468750000000064,-6.106226635438361e-16,5.9284375,5.9037500000000005,23,-2,0,0,0,0,0,3,-8,-8,False,16,0.0,1,False,best_rejected_stop,marginal_utility_negative,15,8-8-8-8-6-6,180,18,"{""EF2"": 8, ""EF3"": 2, ""EF4"": 6, ""EF5"": 9, ""SL5"": 2, ""SL6"": 4, ""SL7"": 2, ""SL8"": 1, ""Seuil3"": 3, ""Seuil4"": 6}",delta_fatigue_term,0.23765624999999999,0.4721875000000004,0.49687500000000107
24,15,5,weighted_greedy,8-8-8-8-6-6,8,-8,25,19,6,EF4,EF,4,4,6,4,0,True,,False,0.48,0.0,-0.0062500000000000056,-0.5,-0.026250000000000995,-9.71445146547012e-16,5.977916666666667,5.951666666666667,23,-2,0,0,0,0,0,3,-8,-8,False,16,0.0,1,False,best_rejected_stop,marginal_utility_negative,16,8-8-8-8-6-6,199,20,"{""EF2"": 9, ""EF3"": 2, ""EF4"": 6, ""EF5"": 10, ""SL5"": 2, ""SL6"": 4, ""SL7"": 2, ""SL8"": 2, ""Seuil3"": 3, ""Seuil4"": 7}",delta_fatigue_term,0.236875,0.46958333333333435,0.49583333333333535
24,16,5,weighted_greedy,8-8-8-8-6-6,8,-8,24,19,5,EF4,EF,4,4,7,4,0,True,,False,0.5,0.0,-0.005357142857142866,-0.5,-0.005357142857142172,6.938893903907228e-16,6.044642857142857,6.039285714285715,23,-2,0,0,0,0,0,3,-8,-8,False,16,0.0,1,False,best_rejected_stop,marginal_utility_negative,16,8-8-8-8-6-6,218,22,"{""EF2"": 9, ""EF3"": 2, ""EF4"": 7, ""EF5"": 11, ""SL5"": 2, ""SL6"": 5, ""SL7"": 2, ""SL8"": 2, ""Seuil3"": 3, ""Seuil4"": 8}",delta_fatigue_term,0.24732142857142858,0.49107142857142794,0.4964285714285701
25,1,3,weighted_greedy,6-6-6-6,6,0,13,4,9,EF1,EF,1,1,6,1,0,True,,False,0.23076923076923084,0.0,-0.013888888888888881,-0.75,-0.533119658119658,0.0,3.0064102564102564,2.4732905982905984,5,-9,0,0,0,0,-4,0,-4,-4,False,10,0.0,1,False,best_rejected_stop,marginal_utility_negative,2,6-6-6-6,0,0,{},delta_fatigue_term,0.07229344729344732,0.4615384615384617,0.9946581196581197
25,3,5,weighted_greedy,6-6-6-6,6,-5,14,13,1,EF1,EF,1,1,5,1,0,True,,False,0.2142857142857144,0.0,-0.02250000000000002,-0.25,-0.05821428571428555,5.551115123125783e-17,5.698214285714285,5.64,14,0,0,0,0,0,0,0,-5,-5,False,11,0.0,1,False,best_rejected_stop,marginal_utility_negative,7,6-6-6-6,14,1,"{""EF1"": 1, ""EF2"": 2, ""EF3"": 2, ""Seuil3"": 1}",delta_fatigue_term,0.1917857142857144,1.638690476190476,1.6969047619047615
25,5,4,weighted_greedy,8-6-6-6,8,-5,14,13,1,EF1,EF,1,1,5,1,0,True,,False,0.2142857142857144,0.0,-0.04166666666666666,-0.25,-0.07738095238095255,-3.0531133177191805e-16,4.502380952380952,4.425,14,-1,0,0,0,0,0,0,-5,-5,False,13,0.0,1,False,best_rejected_stop,marginal_utility_negative,11,8-6-6-6,39,4,"{""EF1"": 1, ""EF2"": 2, ""EF3"": 3, ""EF4"": 3, ""Seuil3"": 3, ""Seuil4"": 1}",delta_fatigue_term,0.17261904761904776,0.35952380952381,0.4369047619047626
25,6,3,weighted_greedy,8-6-6-6-6,8,-5,19,10,9,EF5,EF,5,5,6,5,0,True,,False,0.7894736842105261,0.0,0.0,-1.0,-0.21052631578947434,-4.440892098500626e-16,4.537280701754386,4.326754385964912,15,-4,0,0,0,0,-1,3,-6,-6,False,14,0.0,1,False,best_rejected_stop,marginal_utility_negative,11,8-6-6-6-6,52,5,"{""EF1"": 1, ""EF2"": 2, ""EF3"": 4, ""EF4"": 3, ""EF5"": 1, ""SL5"": 1, ""Seuil3"": 3, ""Seuil4"": 1}",delta_fatigue_term,0.19736842105263153,,
25,7,5,weighted_greedy,8-6-6-6-6,8,-8,20,18,2,EF1,EF,1,1,8,1,0,True,,False,0.14999999999999947,0.0,-0.021875000000000006,-0.5,-0.3718750000000002,3.3306690738754696e-16,5.590625,5.21875,19,1,1,1,0,0,0,0,-7,-7,False,15,0.0,1,False,best_rejected_stop,marginal_utility_negative,12,8-6-6-6-6,62,6,"{""EF1"": 1, ""EF2"": 2, ""EF3"": 4, ""EF4"": 3, ""EF5"": 2, ""SL5"": 2, ""Seuil3"": 3, ""Seuil4"": 1}",delta_fatigue_term,0.06406249999999973,1.4343750000000002,1.8062500000000004
25,8,3,weighted_greedy,8-8-6-6-6,8,-8,15,11,4,EF3,EF,3,3,6,3,0,True,,False,0.6000000000000001,0.0,-0.03472222222222221,-0.75,-0.1847222222222218,3.3306690738754696e-16,5.179166666666666,4.9944444444444445,14,-6,0,0,0,0,-3,1,-11,-8,False,16,0.0,1,False,best_rejected_stop,marginal_utility_negative,12,8-8-6-6-6,80,8,"{""EF1"": 1, ""EF2"": 2, ""EF3"": 4, ""EF4"": 4, ""EF5"": 3, ""SL5"": 2, ""SL6"": 1, ""Seuil3"": 4, ""Seuil4"": 1}",delta_fatigue_term,0.18842592592592597,,
25,10,5,weighted_greedy,8-8-6-6-6-6,8,-8,18,17,1,EF1,EF,1,1,6,1,0,True,,False,0.16666666666666696,0.0,-0.027083333333333348,-0.25,-0.11041666666666572,6.661338147750939e-16,6.510416666666666,6.4,18,-5,0,0,0,0,-2,1,-10,-8,False,16,0.0,1,False,best_rejected_stop,marginal_utility_negative,13,8-8-6-6-6-6,107,10,"{""EF1"": 1, ""EF2"": 2, ""EF3"": 4, ""EF4"": 5, ""EF5"": 5, ""SL5"": 2, ""SL6"": 2, ""SL7"": 1, ""Seuil3"": 4, ""Seuil4"": 1}",delta_fatigue_term,0.13958333333333361,0.6631944444444446,0.7736111111111104
25,11,5,weighted_greedy,8-8-8-6-6-6,8,-8,28,18,10,EF2,EF,2,2,8,2,0,True,,False,0.21428571428571397,0.0,-0.015625,-0.25,-0.051339285714286476,-4.440892098500626e-16,5.569196428571429,5.517857142857142,20,-4,0,0,0,0,-1,2,-9,-8,False,16,0.0,1,False,best_rejected_stop,marginal_utility_negative,14,8-8-8-6-6-6,124,12,"{""EF1"": 1, ""EF2"": 3, ""EF3"": 4, ""EF4"": 5, ""EF5"": 6, ""SL5"": 2, ""SL6"": 3, ""SL7"": 1, ""Seuil3"": 4, ""Seuil4"": 2}",delta_fatigue_term,0.19866071428571397,0.4233630952380949,0.4747023809523814
25,13,5,weighted_greedy,8-8-8-8-6-6,8,-8,24,19,5,EF4,EF,4,4,8,4,0,True,,False,0.5,0.0,-0.004687500000000011,-0.5,-0.004687500000000178,-1.6653345369377348e-16,6.0234375,6.01875,23,-2,0,0,0,0,0,3,-8,-8,False,16,0.0,1,False,best_rejected_stop,marginal_utility_negative,15,8-8-8-8-6-6,164,16,"{""EF1"": 2, ""EF2"": 4, ""EF3"": 4, ""EF4"": 6, ""EF5"": 8, ""SL5"": 2, ""SL6"": 3, ""SL7"": 2, ""SL8"": 1, ""Seuil3"": 4, ""Seuil4"": 4}",delta_fatigue_term,0.24765625,0.4921875,0.4968750000000002
25,14,5,weighted_greedy,8-8-8-8-6-6,8,-8,26,19,7,EF2,EF,2,2,8,2,0,True,,False,0.23076923076923128,0.0,-0.017187499999999994,-0.25,-0.03641826923076863,8.326672684688674e-17,5.840745192307692,5.804326923076923,21,-4,0,0,0,0,-1,2,-9,-8,False,16,0.0,1,False,best_rejected_stop,marginal_utility_negative,16,8-8-8-8-6-6,183,18,"{""EF1"": 2, ""EF2"": 5, ""EF3"": 4, ""EF4"": 6, ""EF5"": 9, ""SL5"": 2, ""SL6"": 3, ""SL7"": 2, ""SL8"": 2, ""Seuil3"": 4, ""Seuil4"": 5}",delta_fatigue_term,0.2135817307692313,0.4537259615384608,0.4901442307692294
25,16,5,weighted_greedy,8-8-8-8-6-6,8,-8,30,19,11,EF2,EF,2,2,8,2,0,True,,False,0.19999999999999973,0.0,-0.017187499999999994,-0.25,-0.06718750000000107,-8.049116928532385e-16,5.5484375,5.481249999999999,21,-4,0,0,0,0,-1,2,-9,-8,False,16,0.0,1,False,best_rejected_stop,marginal_utility_negative,16,8-8-8-8-6-6,221,22,"{""EF1"": 2, ""EF2"": 6, ""EF3"": 4, ""EF4"": 7, ""EF5"": 11, ""SL5"": 2, ""SL6"": 4, ""SL7"": 2, ""SL8"": 3, ""Seuil3"": 4, ""Seuil4"": 7}",delta_fatigue_term,0.18281249999999974,0.39218750000000036,0.4593750000000014
26,1,3,weighted_greedy,6-6-6-6,6,0,14,4,10,EF1,EF,1,1,6,1,0,True,,False,0.2142857142857143,0.0,-0.013888888888888881,-0.75,-0.5496031746031749,-3.3306690738754696e-16,2.9404761904761902,2.390873015873016,5,-9,0,0,0,0,-4,0,-4,-4,False,10,0.0,1,False,best_rejected_stop,marginal_utility_negative,2,6-6-6-6,0,0,{},delta_fatigue_term,0.0667989417989418,0.4285714285714288,0.9781746031746037
26,2,6,weighted_greedy,6-6-6-6,6,-4,14,12,2,EF1,EF,1,1,5,1,0,True,,False,0.2142857142857144,0.0,-0.011666666666666672,-0.25,-0.0473809523809523,-4.163336342344337e-17,5.691428571428571,5.644047619047619,13,-1,0,0,0,0,0,0,-4,-4,False,10,0.0,1,False,best_rejected_stop,marginal_utility_negative,6,6-6-6-6,4,0,"{""EF2"": 2}",delta_fatigue_term,0.20261904761904775,0.19678571428571345,0.24416666666666575
26,4,5,weighted_greedy,6-6-6-6,6,-4,16,15,1,EF1,EF,1,1,6,1,0,True,,False,0.1875,0.0,-0.02291666666666667,-0.5,-0.33541666666666625,4.440892098500626e-16,5.21875,4.883333333333334,16,2,2,1,0,0,0,0,-2,-2,False,8,0.0,1,False,best_rejected_stop,marginal_utility_negative,9,6-6-6-6,28,3,"{""EF1"": 1, ""EF2"": 4, ""EF3"": 3, ""Seuil3"": 2, ""Seuil4"": 1}",delta_fatigue_term,0.08229166666666667,1.3020833333333335,1.6374999999999997
26,6,3,weighted_greedy,8-6-6-6-6,8,-3,16,10,6,EF5,EF,5,5,7,5,0,True,,False,0.9375,0.0,0.0,-1.0,-0.0625,0.0,4.803571428571429,4.741071428571429,15,-4,0,0,0,0,-1,3,-4,-4,False,12,0.0,1,False,best_rejected_stop,marginal_utility_negative,12,8-6-6-6-6,56,6,"{""EF1"": 1, ""EF2"": 4, ""EF3"": 4, ""EF4"": 2, ""EF5"": 1, ""SL5"": 1, ""Seuil3"": 3, ""Seuil4"": 2}",delta_fatigue_term,0.234375,,
26,7,5,weighted_greedy,8-6-6-6-6,8,-7,19,18,1,EF1,EF,1,1,8,1,0,True,,False,0.1578947368421053,0.0,-0.021875000000000006,-0.5,-0.36398026315789433,3.3306690738754696e-16,5.732730263157895,5.36875,19,1,1,1,0,0,0,0,-6,-6,False,14,0.0,1,False,best_rejected_stop,marginal_utility_negative,13,8-6-6-6-6,66,7,"{""EF1"": 1, ""EF2"": 4, ""EF3"": 4, ""EF4"": 2, ""EF5"": 2, ""SL5"": 2, ""Seuil3"": 3, ""Seuil4"": 2}",delta_fatigue_term,0.06800986842105265,1.458059210526316,1.8220394736842103
26,8,3,weighted_greedy,8-8-6-6-6,8,-7,16,11,5,EF5,EF,5,5,7,5,0,True,,False,0.9375,0.0,-0.005952380952380959,-1.0,-0.06845238095238049,4.718447854656915e-16,5.008928571428571,4.940476190476191,16,-4,0,0,0,0,-1,3,-8,-8,False,16,0.0,1,False,best_rejected_stop,marginal_utility_negative,13,8-8-6-6-6,84,9,"{""EF1"": 1, ""EF2"": 4, ""EF3"": 4, ""EF4"": 3, ""EF5"": 3, ""SL5"": 2, ""SL6"": 1, ""Seuil3"": 4, ""Seuil4"": 2}",delta_fatigue_term,0.23288690476190477,,
26,9,3,weighted_greedy,8-8-6-6-6,8,-8,13,10,3,EF1,EF,1,1,5,1,0,True,,False,0.2307692307692304,0.0,-0.06666666666666668,-0.75,-0.5858974358974365,-2.220446049250313e-16,6.057692307692308,5.471794871794872,11,-9,0,0,0,0,-4,0,-12,-8,False,16,0.0,1,False,best_rejected_stop,marginal_utility_negative,14,8-8-6-6-6,95,10,"{""EF1"": 1, ""EF2"": 4, ""EF3"": 4, ""EF4"": 3, ""EF5"": 4, ""SL5"": 2, ""SL6"": 2, ""Seuil3"": 4, ""Seuil4"": 2}",delta_fatigue_term,0.05470085470085457,,
26,11,6,weighted_greedy,8-8-8-6-6-6,8,-8,23,22,1,EF1,EF,1,1,7,1,0,True,,False,0.13043478260869534,0.0,-0.02023809523809525,-0.25,-0.13980331262940027,-3.608224830031759e-16,6.026708074534162,5.886904761904762,23,-1,0,0,0,0,0,0,-8,-8,False,16,0.0,1,False,best_rejected_stop,marginal_utility_negative,14,8-8-8-6-6-6,126,13,"{""EF1"": 1, ""EF2"": 5, ""EF3"": 4, ""EF4"": 4, ""EF5"": 6, ""SL5"": 3, ""SL6"": 3, ""Seuil3"": 4, ""Seuil4"": 3}",delta_fatigue_term,0.1101966873706001,0.018167701863355035,0.1579710144927553
26,12,5,weighted_greedy,8-8-8-6-6-6,8,-8,25,18,7,EF4,EF,4,4,7,4,0,True,,False,0.48,0.0,-0.0035714285714285587,-0.5,-0.02357142857142769,8.881784197001252e-16,5.820714285714286,5.797142857142857,22,-2,0,0,0,0,0,3,-8,-8,False,16,0.0,1,False,best_rejected_stop,marginal_utility_negative,14,8-8-8-6-6-6,148,15,"{""EF1"": 1, ""EF2"": 6, ""EF3"": 4, ""EF4"": 5, ""EF5"": 7, ""SL5"": 3, ""SL6"": 3, ""SL7"": 1, ""Seuil3"": 4, ""Seuil4"": 4}",delta_fatigue_term,0.2382142857142857,0.47404761904761905,0.49761904761904674
26,15,5,weighted_greedy,8-8-8-8-6-6,8,-8,27,19,8,EF2,EF,2,2,8,2,0,True,,False,0.22222222222222232,0.0,-0.017187499999999994,-0.25,-0.044965277777777146,5.273559366969494e-16,5.759548611111111,5.714583333333334,21,-4,0,0,0,0,-1,2,-9,-8,False,16,0.0,1,False,best_rejected_stop,marginal_utility_negative,15,8-8-8-8-6-6,204,20,"{""EF1"": 1, ""EF2"": 7, ""EF3"": 5, ""EF4"": 6, ""EF5"": 11, ""SL5"": 4, ""SL6"": 3, ""SL7"": 3, ""Seuil3"": 4, ""Seuil4"": 6}",delta_fatigue_term,0.20503472222222233,0.43663194444444375,0.4815972222222209
26,16,5,weighted_greedy,8-8-8-8-6-6,8,-8,20,19,1,EF1,EF,1,1,6,1,0,True,,False,0.15000000000000036,0.0,-0.03125,-0.25,-0.13124999999999964,0.0,6.547916666666667,6.416666666666667,20,-5,0,0,0,0,-2,1,-10,-8,False,16,0.0,1,False,best_rejected_stop,marginal_utility_negative,15,8-8-8-8-6-6,223,22,"{""EF1"": 1, ""EF2"": 8, ""EF3"": 5, ""EF4"": 6, ""EF5"": 12, ""SL5"": 4, ""SL6"": 3, ""SL7"": 3, ""SL8"": 1, ""Seuil3"": 4, ""Seuil4"": 7}",delta_fatigue_term,0.11875000000000036,0.5895833333333327,0.7208333333333323
27,1,3,weighted_greedy,6-6-6-6,6,0,13,4,9,EF1,EF,1,1,6,1,0,True,,False,0.23076923076923084,0.0,-0.013888888888888881,-0.75,-0.533119658119658,0.0,3.0064102564102564,2.4732905982905984,5,-9,0,0,0,0,-4,0,-4,-4,False,10,0.0,1,False,best_rejected_stop,marginal_utility_negative,2,6-6-6-6,0,0,{},delta_fatigue_term,0.07229344729344732,0.4615384615384617,0.9946581196581197
27,3,6,weighted_greedy,6-6-6-6,6,-6,14,12,2,EF1,EF,1,1,5,1,0,True,,False,0.2142857142857144,0.0,-0.011666666666666672,-0.25,-0.0473809523809523,-4.163336342344337e-17,5.691428571428571,5.644047619047619,13,-1,0,0,0,0,0,0,-6,-6,False,12,0.0,1,False,best_rejected_stop,marginal_utility_negative,6,6-6-6-6,12,1,"{""EF2"": 3, ""EF3"": 1, ""Seuil3"": 1}",delta_fatigue_term,0.20261904761904775,0.19678571428571345,0.24416666666666575
27,5,4,weighted_greedy,8-6-6-6,8,-6,14,13,1,EF1,EF,1,1,6,1,0,True,,False,0.2142857142857144,0.0,-0.03472222222222221,-0.25,-0.07043650793650791,-1.1102230246251565e-16,4.466269841269841,4.395833333333333,14,-1,0,0,0,0,0,0,-6,-6,False,14,0.0,1,False,best_rejected_stop,marginal_utility_negative,11,8-6-6-6,36,4,"{""EF1"": 1, ""EF2"": 4, ""EF3"": 2, ""EF4"": 2, ""Seuil3"": 3, ""Seuil4"": 1}",delta_fatigue_term,0.1795634920634922,0.36507936507936467,0.4355158730158726
27,8,3,weighted_greedy,8-8-6-6-6,8,-6,20,11,9,EF5,EF,5,5,8,5,0,True,,False,0.7500000000000002,0.0,-0.005208333333333343,-1.0,-0.25520833333333304,1.1102230246251565e-16,4.571875,4.316666666666667,16,-4,0,0,0,0,-1,3,-7,-7,False,15,0.0,1,False,best_rejected_stop,marginal_utility_negative,12,8-8-6-6-6,80,8,"{""EF1"": 1, ""EF2"": 4, ""EF3"": 4, ""EF4"": 3, ""EF5"": 3, ""SL5"": 2, ""SL6"": 1, ""Seuil3"": 4, ""Seuil4"": 1}",delta_fatigue_term,0.1861979166666667,,
27,9,3,weighted_greedy,8-8-6-6-6,8,-8,17,11,6,EF5,EF,5,5,6,5,0,True,,False,0.8823529411764701,0.0,-0.0069444444444444475,-1.0,-0.12459150326797364,6.938893903907228e-16,4.9203431372549025,4.795751633986928,16,-4,0,0,0,0,-1,3,-9,-8,False,16,0.0,1,False,best_rejected_stop,marginal_utility_negative,13,8-8-6-6-6,91,9,"{""EF1"": 1, ""EF2"": 4, ""EF3"": 4, ""EF4"": 3, ""EF5"": 4, ""SL5"": 2, ""SL6"": 2, ""Seuil3"": 4, ""Seuil4"": 1}",delta_fatigue_term,0.21885212418300642,,
27,10,5,weighted_greedy,8-8-6-6-6-6,8,-8,24,17,7,EF4,EF,4,4,7,4,0,True,,False,0.5,0.0,-0.0017857142857142794,-0.5,-0.0017857142857140573,2.220446049250313e-16,5.776785714285714,5.775,21,-2,0,0,0,0,0,3,-8,-8,False,16,0.0,1,False,best_rejected_stop,marginal_utility_negative,13,8-8-6-6-6-6,102,10,"{""EF1"": 1, ""EF2"": 4, ""EF3"": 4, ""EF4"": 3, ""EF5"": 5, ""SL5"": 2, ""SL6"": 3, ""Seuil3"": 4, ""Seuil4"": 1}",delta_fatigue_term,0.24910714285714286,0.4970238095238093,0.49880952380952337
27,11,6,weighted_greedy,8-8-8-6-6-6,8,-8,23,22,1,EF1,EF,1,1,8,1,0,True,,False,0.13043478260869534,0.0,-0.01770833333333334,-0.25,-0.13727355072463787,1.1102230246251565e-16,6.007065217391305,5.869791666666667,23,-1,0,0,0,0,0,0,-8,-8,False,16,0.0,1,False,best_rejected_stop,marginal_utility_negative,14,8-8-8-6-6-6,119,12,"{""EF1"": 2, ""EF2"": 4, ""EF3"": 4, ""EF4"": 3, ""EF5"": 6, ""SL5"": 2, ""SL6"": 3, ""SL7"": 1, ""Seuil3"": 4, ""Seuil4"": 2}",delta_fatigue_term,0.112726449275362,0.018614130434783327,0.1558876811594212
27,13,5,weighted_greedy,8-8-8-8-6-6,8,-8,26,19,7,EF2,EF,2,2,8,2,0,True,,False,0.23076923076923128,0.0,-0.017187499999999994,-0.25,-0.03641826923076863,8.326672684688674e-17,5.840745192307692,5.804326923076923,21,-4,0,0,0,0,-1,2,-9,-8,False,16,0.0,1,False,best_rejected_stop,marginal_utility_negative,15,8-8-8-8-6-6,158,16,"{""EF1"": 2, ""EF2"": 6, ""EF3"": 4, ""EF4"": 4, ""EF5"": 8, ""SL5"": 2, ""SL6"": 3, ""SL7"": 3, ""Seuil3"": 5, ""Seuil4"": 3}",delta_fatigue_term,0.2135817307692313,0.4537259615384608,0.4901442307692294
27,14,5,weighted_greedy,8-8-8-8-6-6,8,-8,24,19,5,EF4,EF,4,4,6,4,0,True,,False,0.5,0.0,-0.0062500000000000056,-0.5,-0.006250000000000533,-5.273559366969494e-16,6.072916666666667,6.066666666666666,23,-2,0,0,0,0,0,3,-8,-8,False,16,0.0,1,False,best_rejected_stop,marginal_utility_negative,15,8-8-8-8-6-6,177,18,"{""EF1"": 2, ""EF2"": 7, ""EF3"": 4, ""EF4"": 4, ""EF5"": 9, ""SL5"": 2, ""SL6"": 3, ""SL7"": 3, ""SL8"": 1, ""Seuil3"": 5, ""Seuil4"": 4}",delta_fatigue_term,0.246875,0.48958333333333304,0.49583333333333357
28,1,3,weighted_greedy,6-6-6-6,6,0,13,4,9,EF1,EF,1,1,6,1,0,True,,False,0.23076923076923084,0.0,-0.013888888888888881,-0.75,-0.533119658119658,0.0,3.0064102564102564,2.4732905982905984,5,-9,0,0,0,0,-4,0,-4,-4,False,10,0.0,1,False,best_rejected_stop,marginal_utility_negative,2,6-6-6-6,0,0,{},delta_fatigue_term,0.07229344729344732,0.4615384615384617,0.9946581196581197
28,2,6,weighted_greedy,6-6-6-6,6,-4,13,12,1,EF1,EF,1,1,6,1,0,True,,False,0.23076923076923084,0.0,-0.009722222222222215,-0.25,-0.028952991452991128,2.498001805406602e-16,5.869230769230769,5.840277777777778,13,-1,0,0,0,0,0,0,-4,-4,False,10,0.0,1,False,best_rejected_stop,marginal_utility_negative,6,6-6-6-6,4,0,"{""EF2"": 2}",delta_fatigue_term,0.22104700854700862,0.21618589743589745,0.24513888888888857
28,6,3,weighted_greedy,8-6-6-6-6,8,-5,14,10,4,EF3,EF,3,3,7,3,0,True,,False,0.6428571428571428,0.0,-0.023809523809523836,-0.75,-0.1309523809523805,5.551115123125783e-16,5.071428571428571,4.940476190476191,13,-6,0,0,0,0,-3,1,-8,-8,False,16,0.0,1,False,best_rejected_stop,marginal_utility_negative,12,8-6-6-6-6,51,5,"{""EF1"": 2, ""EF2"": 4, ""EF3"": 3, ""EF4"": 2, ""EF5"": 1, ""SL5"": 1, ""Seuil3"": 2, ""Seuil4"": 2}",delta_fatigue_term,0.2063492063492063,,
28,7,5,weighted_greedy,8-6-6-6-6,8,-8,19,18,1,EF1,EF,1,1,6,1,0,True,,False,0.1578947368421053,0.0,-0.029166666666666674,-0.5,-0.3712719298245615,-1.1102230246251565e-16,5.779605263157895,5.408333333333333,19,1,1,1,0,0,0,0,-7,-7,False,15,0.0,1,False,best_rejected_stop,marginal_utility_negative,13,8-6-6-6-6,61,6,"{""EF1"": 2, ""EF2"": 4, ""EF3"": 3, ""EF4"": 2, ""EF5"": 2, ""SL5"": 2, ""Seuil3"": 2, ""Seuil4"": 2}",delta_fatigue_term,0.06436403508771932,1.452850877192983,1.8241228070175444
28,8,3,weighted_greedy,8-8-6-6-6,8,-8,19,11,8,EF5,EF,5,5,6,5,0,True,,False,0.7894736842105261,0.0,-0.0069444444444444475,-1.0,-0.2174707602339181,2.498001805406602e-16,4.7160087719298245,4.498538011695906,16,-4,0,0,0,0,-1,3,-9,-8,False,16,0.0,1,False,best_rejected_stop,marginal_utility_negative,13,8-8-6-6-6,79,8,"{""EF1"": 2, ""EF2"": 4, ""EF3"": 3, ""EF4"": 3, ""EF5"": 3, ""SL5"": 2, ""SL6"": 1, ""Seuil3"": 3, ""Seuil4"": 2}",delta_fatigue_term,0.19563230994152042,,
28,9,3,weighted_greedy,8-8-6-6-6,8,-8,17,11,6,EF5,EF,5,5,6,5,0,True,,False,0.8823529411764701,0.0,-0.0069444444444444475,-1.0,-0.12459150326797364,6.938893903907228e-16,4.9203431372549025,4.795751633986928,16,-4,0,0,0,0,-1,3,-9,-8,False,16,0.0,1,False,best_rejected_stop,marginal_utility_negative,14,8-8-6-6-6,90,9,"{""EF1"": 2, ""EF2"": 4, ""EF3"": 3, ""EF4"": 3, ""EF5"": 4, ""SL5"": 2, ""SL6"": 2, ""Seuil3"": 3, ""Seuil4"": 2}",delta_fatigue_term,0.21885212418300642,,
28,10,5,weighted_greedy,8-8-6-6-6-6,8,-8,24,17,7,EF4,EF,4,4,7,4,0,True,,False,0.5,0.0,-0.0017857142857142794,-0.5,-0.0017857142857140573,2.220446049250313e-16,5.776785714285714,5.775,21,-2,0,0,0,0,0,3,-8,-8,False,16,0.0,1,False,best_rejected_stop,marginal_utility_negative,14,8-8-6-6-6-6,101,10,"{""EF1"": 2, ""EF2"": 4, ""EF3"": 3, ""EF4"": 3, ""EF5"": 5, ""SL5"": 2, ""SL6"": 3, ""Seuil3"": 3, ""Seuil4"": 2}",delta_fatigue_term,0.24910714285714286,0.4970238095238093,0.49880952380952337
28,11,5,weighted_greedy,8-8-8-6-6-6,8,-8,24,18,6,EF4,EF,4,4,8,4,0,True,,False,0.5,0.0,-0.003124999999999989,-0.5,-0.0031249999999998224,1.6653345369377348e-16,5.890625,5.8875,22,-2,0,0,0,0,0,3,-8,-8,False,16,0.0,1,False,best_rejected_stop,marginal_utility_negative,14,8-8-8-6-6-6,118,12,"{""EF1"": 3, ""EF2"": 4, ""EF3"": 3, ""EF4"": 3, ""EF5"": 6, ""SL5"": 2, ""SL6"": 3, ""SL7"": 1, ""Seuil3"": 3, ""Seuil4"": 3}",delta_fatigue_term,0.2484375,0.4947916666666661,0.4979166666666659
28,12,6,weighted_greedy,8-8-8-6-6-6,8,-8,23,22,1,EF1,EF,1,1,7,1,0,True,,False,0.13043478260869534,0.0,-0.02023809523809525,-0.25,-0.13980331262940027,-3.608224830031759e-16,6.026708074534162,5.886904761904762,23,-1,0,0,0,0,0,0,-8,-8,False,16,0.0,1,False,best_rejected_stop,marginal_utility_negative,15,8-8-8-6-6-6,136,14,"{""EF1"": 3, ""EF2"": 5, ""EF3"": 3, ""EF4"": 3, ""EF5"": 7, ""SL5"": 2, ""SL6"": 3, ""SL7"": 2, ""Seuil3"": 3, ""Seuil4"": 4}",delta_fatigue_term,0.1101966873706001,0.018167701863355035,0.1579710144927553
28,13,5,weighted_greedy,8-8-8-8-6-6,8,-8,22,19,3,EF2,EF,2,2,5,2,0,True,,False,0.27272727272727293,0.0,-0.02749999999999997,-0.25,-0.004772727272727373,-3.3306690738754696e-16,6.328409090909091,6.323636363636364,21,-4,0,0,0,0,-1,2,-9,-8,False,16,0.0,1,False,best_rejected_stop,marginal_utility_negative,15,8-8-8-8-6-6,158,16,"{""EF1"": 3, ""EF2"": 6, ""EF3"": 3, ""EF4"": 4, ""EF5"": 8, ""SL5"": 2, ""SL6"": 3, ""SL7"": 3, ""Seuil3"": 3, ""Seuil4"": 5}",delta_fatigue_term,0.24522727272727296,0.5329545454545457,0.537727272727273
28,14,6,weighted_greedy,8-8-8-8-6-6,8,-8,22,21,1,EF1,EF,1,1,7,1,0,True,,False,0.13636363636363624,0.0,-0.019047619047619035,-0.25,-0.1326839826839823,4.996003610813204e-16,6.263636363636364,6.130952380952381,22,-3,0,0,0,0,0,1,-8,-8,False,16,0.0,1,False,best_rejected_stop,marginal_utility_negative,15,8-8-8-8-6-6,177,18,"{""EF1"": 3, ""EF2"": 6, ""EF3"": 3, ""EF4"": 4, ""EF5"": 10, ""SL5"": 3, ""SL6"": 3, ""SL7"": 3, ""Seuil3"": 3, ""Seuil4"": 6}",delta_fatigue_term,0.11731601731601721,0.003084415584416078,0.13576839826839837
28,15,5,weighted_greedy,8-8-8-8-6-6,8,-8,26,19,7,EF2,EF,2,2,8,2,0,True,,False,0.23076923076923128,0.0,-0.017187499999999994,-0.25,-0.03641826923076863,8.326672684688674e-17,5.840745192307692,5.804326923076923,21,-4,0,0,0,0,-1,2,-9,-8,False,16,0.0,1,False,best_rejected_stop,marginal_utility_negative,15,8-8-8-8-6-6,198,20,"{""EF1"": 3, ""EF2"": 7, ""EF3"": 4, ""EF4"": 4, ""EF5"": 11, ""SL5"": 3, ""SL6"": 3, ""SL7"": 4, ""Seuil3"": 3, ""Seuil4"": 7}",delta_fatigue_term,0.2135817307692313,0.4537259615384608,0.4901442307692294
28,16,5,weighted_greedy,8-8-8-8-6-6,8,-8,28,19,9,EF2,EF,2,2,8,2,0,True,,False,0.2142857142857144,0.0,-0.017187499999999994,-0.25,-0.05290178571428594,-3.608224830031759e-16,5.684151785714286,5.63125,21,-4,0,0,0,0,-1,2,-9,-8,False,16,0.0,1,False,best_rejected_stop,marginal_utility_negative,15,8-8-8-8-6-6,217,22,"{""EF1"": 3, ""EF2"": 8, ""EF3"": 4, ""EF4"": 4, ""EF5"": 12, ""SL5"": 3, ""SL6"": 3, ""SL7"": 4, ""SL8"": 1, ""Seuil3"": 3, ""Seuil4"": 8}",delta_fatigue_term,0.19709821428571442,0.42075892857142794,0.4736607142857139
29,1,3,weighted_greedy,6-6-6-6,6,0,18,4,14,EF1,EF,1,1,5,1,0,True,,False,0.16666666666666674,0.0,-0.016666666666666663,-0.75,-0.5999999999999996,2.220446049250313e-16,2.7666666666666666,2.1666666666666665,5,-9,0,0,0,0,-4,0,-4,-4,False,10,0.0,1,False,best_rejected_stop,marginal_utility_negative,2,6-6-6-6,0,0,{},delta_fatigue_term,0.050000000000000024,0.33333333333333304,0.9333333333333327
29,8,3,weighted_greedy,8-8-6-6-6,8,-5,17,11,6,EF5,EF,5,5,7,5,0,True,,False,0.8823529411764701,0.0,-0.005952380952380959,-1.0,-0.12359943977591037,4.718447854656915e-16,4.887605042016807,4.764005602240896,16,-4,0,0,0,0,-1,3,-6,-6,False,14,0.0,1,False,best_rejected_stop,marginal_utility_negative,13,8-8-6-6-6,86,9,"{""EF2"": 3, ""EF3"": 4, ""EF4"": 3, ""EF5"": 4, ""SL5"": 2, ""SL6"": 1, ""Seuil3"": 4, ""Seuil4"": 2}",delta_fatigue_term,0.2191001400560223,,
29,9,4,weighted_greedy,8-8-6-6-6,8,-8,17,16,1,EF1,EF,1,1,7,1,0,True,,False,0.17647058823529438,0.0,-0.03869047619047619,-0.25,-0.1122198879551819,-8.326672684688674e-17,4.764005602240896,4.651785714285714,17,-3,0,0,0,0,0,1,-8,-8,False,16,0.0,1,False,best_rejected_stop,marginal_utility_negative,14,8-8-6-6-6,97,10,"{""EF2"": 3, ""EF3"": 4, ""EF4"": 3, ""EF5"": 5, ""SL5"": 2, ""SL6"": 2, ""Seuil3"": 4, ""Seuil4"": 2}",delta_fatigue_term,0.1377801120448182,0.18207282913165201,0.2942927170868339
29,10,5,weighted_greedy,8-8-6-6-6-6,8,-8,25,17,8,EF4,EF,4,4,6,4,0,True,,False,0.48,0.0,-0.002083333333333326,-0.5,-0.022083333333333677,-3.3306690738754696e-16,5.717083333333333,5.695,21,-2,0,0,0,0,0,3,-8,-8,False,16,0.0,1,False,best_rejected_stop,marginal_utility_negative,14,8-8-6-6-6-6,113,11,"{""EF2"": 3, ""EF3"": 4, ""EF4"": 4, ""EF5"": 6, ""SL5"": 2, ""SL6"": 2, ""SL7"": 1, ""Seuil3"": 4, ""Seuil4"": 2}",delta_fatigue_term,0.23895833333333333,0.4765277777777772,0.4986111111111109
29,12,5,weighted_greedy,8-8-8-6-6-6,8,-8,27,18,9,EF2,EF,2,2,7,2,0,True,,False,0.22222222222222232,0.0,-0.017857142857142877,-0.25,-0.04563492063492003,5.273559366969494e-16,5.660714285714286,5.615079365079366,20,-4,0,0,0,0,-1,2,-9,-8,False,16,0.0,1,False,best_rejected_stop,marginal_utility_negative,15,8-8-8-6-6-6,152,15,"{""EF2"": 5, ""EF3"": 4, ""EF4"": 5, ""EF5"": 8, ""SL5"": 2, ""SL6"": 3, ""SL7"": 2, ""Seuil3"": 4, ""Seuil4"": 4}",delta_fatigue_term,0.20436507936507944,0.43849206349206415,0.4841269841269842
29,13,5,weighted_greedy,8-8-8-8-6-6,8,-8,26,19,7,EF2,EF,2,2,8,2,0,True,,False,0.23076923076923128,0.0,-0.017187499999999994,-0.25,-0.03641826923076863,8.326672684688674e-17,5.840745192307692,5.804326923076923,21,-4,0,0,0,0,-1,2,-9,-8,False,16,0.0,1,False,best_rejected_stop,marginal_utility_negative,15,8-8-8-8-6-6,170,17,"{""EF2"": 6, ""EF3"": 4, ""EF4"": 5, ""EF5"": 9, ""SL5"": 2, ""SL6"": 3, ""SL7"": 3, ""Seuil3"": 4, ""Seuil4"": 5}",delta_fatigue_term,0.2135817307692313,0.4537259615384608,0.4901442307692294
30,1,3,weighted_greedy,6-6-6-6,6,0,13,4,9,EF1,EF,1,1,5,1,0,True,,False,0.23076923076923084,0.0,-0.016666666666666663,-0.75,-0.5358974358974358,0.0,3.023076923076923,2.4871794871794872,5,-9,0,0,0,0,-4,0,-4,-4,False,10,0.0,1,False,best_rejected_stop,marginal_utility_negative,2,6-6-6-6,0,0,{},delta_fatigue_term,0.07136752136752139,0.4615384615384617,0.9974358974358974
30,7,3,weighted_greedy,8-6-6-6-6,8,-7,16,10,6,EF5,EF,5,5,7,5,0,True,,False,0.9375,0.0,0.0,-1.0,-0.0625,0.0,4.803571428571429,4.741071428571429,15,-4,0,0,0,0,-1,3,-8,-8,False,16,0.0,1,False,best_rejected_stop,marginal_utility_negative,12,8-6-6-6-6,61,6,"{""EF2"": 2, ""EF3"": 4, ""EF4"": 3, ""EF5"": 2, ""SL5"": 1, ""Seuil3"": 2, ""Seuil4"": 3}",delta_fatigue_term,0.234375,,
30,8,5,weighted_greedy,8-6-6-6-6,8,-8,20,18,2,EF1,EF,1,1,7,1,0,True,,False,0.14999999999999947,0.0,-0.025000000000000022,-0.5,-0.375,5.551115123125783e-16,5.610714285714286,5.235714285714286,19,1,1,1,0,0,0,0,-7,-7,False,15,0.0,1,False,best_rejected_stop,marginal_utility_negative,13,8-6-6-6-6,71,7,"{""EF2"": 2, ""EF3"": 4, ""EF4"": 3, ""EF5"": 3, ""SL5"": 2, ""Seuil3"": 2, ""Seuil4"": 3}",delta_fatigue_term,0.06249999999999972,1.432142857142857,1.807142857142857
30,9,3,weighted_greedy,8-8-6-6-6,8,-8,18,11,7,EF5,EF,5,5,7,5,0,True,,False,0.833333333333333,0.0,-0.005952380952380959,-1.0,-0.17261904761904834,-4.163336342344337e-16,4.779761904761905,4.607142857142857,16,-4,0,0,0,0,-1,3,-9,-8,False,16,0.0,1,False,best_rejected_stop,marginal_utility_negative,13,8-8-6-6-6,89,9,"{""EF2"": 2, ""EF3"": 4, ""EF4"": 4, ""EF5"": 4, ""SL5"": 2, ""SL6"": 1, ""Seuil3"": 3, ""Seuil4"": 3}",delta_fatigue_term,0.20684523809523803,,
30,10,6,weighted_greedy,8-8-6-6-6-6,8,-8,20,19,1,EF1,EF,1,1,5,1,0,True,,False,0.15000000000000036,0.0,-0.023333333333333317,-0.25,-0.12333333333333307,-1.1102230246251565e-16,6.29,6.166666666666667,20,-3,0,0,0,0,0,1,-8,-8,False,16,0.0,1,False,best_rejected_stop,marginal_utility_negative,14,8-8-6-6-6-6,100,10,"{""EF2"": 2, ""EF3"": 4, ""EF4"": 4, ""EF5"": 5, ""SL5"": 2, ""SL6"": 2, ""Seuil3"": 3, ""Seuil4"": 3}",delta_fatigue_term,0.12666666666666704,0.027499999999999858,0.15083333333333293
30,12,5,weighted_greedy,8-8-8-6-6-6,8,-8,27,18,9,EF2,EF,2,2,6,2,0,True,,False,0.22222222222222232,0.0,-0.020833333333333343,-0.25,-0.048611111111110716,3.0531133177191805e-16,5.6875,5.638888888888889,20,-4,0,0,0,0,-1,2,-9,-8,False,16,0.0,1,False,best_rejected_stop,marginal_utility_negative,14,8-8-8-6-6-6,141,14,"{""EF2"": 3, ""EF3"": 5, ""EF4"": 6, ""EF5"": 7, ""SL5"": 4, ""SL6"": 2, ""Seuil3"": 3, ""Seuil4"": 5}",delta_fatigue_term,0.20138888888888898,0.4375,0.4861111111111107
30,13,5,weighted_greedy,8-8-8-8-6-6,8,-8,25,19,6,EF4,EF,4,4,8,4,0,True,,False,0.48,0.0,-0.004687500000000011,-0.5,-0.02468750000000064,-6.106226635438361e-16,5.9284375,5.9037500000000005,23,-2,0,0,0,0,0,3,-8,-8,False,16,0.0,1,False,best_rejected_stop,marginal_utility_negative,14,8-8-8-8-6-6,159,16,"{""EF2"": 3, ""EF3"": 6, ""EF4"": 6, ""EF5"": 8, ""SL5"": 4, ""SL6"": 3, ""Seuil3"": 3, ""Seuil4"": 6}",delta_fatigue_term,0.23765624999999999,0.4721875000000004,0.49687500000000107
30,14,5,weighted_greedy,8-8-8-8-6-6,8,-8,27,19,8,EF2,EF,2,2,8,2,0,True,,False,0.22222222222222232,0.0,-0.017187499999999994,-0.25,-0.044965277777777146,5.273559366969494e-16,5.759548611111111,5.714583333333334,21,-4,0,0,0,0,-1,2,-9,-8,False,16,0.0,1,False,best_rejected_stop,marginal_utility_negative,14,8-8-8-8-6-6,178,18,"{""EF2"": 3, ""EF3"": 7, ""EF4"": 6, ""EF5"": 9, ""SL5"": 4, ""SL6"": 3, ""SL7"": 1, ""Seuil3"": 3, ""Seuil4"": 7}",delta_fatigue_term,0.20503472222222233,0.43663194444444375,0.4815972222222209
30,15,5,weighted_greedy,8-8-8-8-6-6,8,-8,25,19,6,EF4,EF,4,4,8,4,0,True,,False,0.48,0.0,-0.004687500000000011,-0.5,-0.02468750000000064,-6.106226635438361e-16,5.9284375,5.9037500000000005,23,-2,0,0,0,0,0,3,-8,-8,False,16,0.0,1,False,best_rejected_stop,marginal_utility_negative,15,8-8-8-8-6-6,197,20,"{""EF2"": 3, ""EF3"": 8, ""EF4"": 6, ""EF5"": 10, ""SL5"": 4, ""SL6"": 3, ""SL7"": 2, ""Seuil3"": 3, ""Seuil4"": 8}",delta_fatigue_term,0.23765624999999999,0.4721875000000004,0.49687500000000107
30,16,5,weighted_greedy,8-8-8-8-6-6,8,-8,24,19,5,EF4,EF,4,4,5,4,0,True,,False,0.5,0.0,-0.007500000000000007,-0.5,-0.007499999999999396,6.106226635438361e-16,6.1125,6.105,23,-2,0,0,0,0,0,3,-8,-8,False,16,0.0,1,False,best_rejected_stop,marginal_utility_negative,15,8-8-8-8-6-6,216,22,"{""EF2"": 4, ""EF3"": 8, ""EF4"": 6, ""EF5"": 11, ""SL5"": 4, ""SL6"": 3, ""SL7"": 2, ""SL8"": 1, ""Seuil3"": 3, ""Seuil4"": 9}",delta_fatigue_term,0.24625,0.4874999999999998,0.4949999999999992
31,1,3,weighted_greedy,6-6-6-6,6,0,10,4,6,EF1,EF,1,1,4,1,0,True,,False,0.2999999999999998,0.0,-0.02083333333333333,-0.75,-0.4708333333333332,2.7755575615628914e-16,3.325,2.8541666666666665,5,-9,0,0,0,0,-4,0,-4,-4,False,10,0.0,1,False,best_rejected_stop,marginal_utility_negative,2,6-6-6-6,0,0,{},delta_fatigue_term,0.0930555555555555,0.6000000000000001,1.0708333333333333
31,5,4,weighted_greedy,8-6-6-6,8,-6,15,13,2,EF1,EF,1,1,8,1,0,True,,False,0.19999999999999973,0.0,-0.026041666666666657,-0.25,-0.07604166666666679,1.3877787807814457e-16,4.235416666666667,4.159375,14,-1,0,0,0,0,0,0,-6,-6,False,14,0.0,1,False,best_rejected_stop,marginal_utility_negative,11,8-6-6-6,36,4,"{""EF2"": 3, ""EF3"": 3, ""EF4"": 2, ""Seuil3"": 3, ""Seuil4"": 1}",delta_fatigue_term,0.17395833333333308,0.3291666666666666,0.4052083333333334
31,6,4,weighted_greedy,8-6-6-6,8,-6,14,13,1,EF1,EF,1,1,7,1,0,True,,False,0.2142857142857144,0.0,-0.02976190476190474,-0.25,-0.06547619047619069,-3.608224830031759e-16,4.440476190476191,4.375,14,-1,0,0,0,0,0,0,-6,-6,False,14,0.0,1,False,best_rejected_stop,marginal_utility_negative,11,8-6-6-6,49,5,"{""EF2"": 3, ""EF3"": 4, ""EF4"": 2, ""EF5"": 1, ""SL5"": 1, ""Seuil3"": 3, ""Seuil4"": 1}",delta_fatigue_term,0.18452380952380967,0.3690476190476195,0.4345238095238102
31,8,3,weighted_greedy,8-8-6-6-6,8,-8,19,11,8,EF5,EF,5,5,6,5,0,True,,False,0.7894736842105261,0.0,-0.0069444444444444475,-1.0,-0.2174707602339181,2.498001805406602e-16,4.7160087719298245,4.498538011695906,16,-4,0,0,0,0,-1,3,-9,-8,False,16,0.0,1,False,best_rejected_stop,marginal_utility_negative,13,8-8-6-6-6,75,8,"{""EF1"": 1, ""EF2"": 3, ""EF3"": 5, ""EF4"": 3, ""EF5"": 2, ""SL5"": 2, ""Seuil3"": 3, ""Seuil4"": 3}",delta_fatigue_term,0.19563230994152042,,
31,9,3,weighted_greedy,8-8-6-6-6,8,-8,18,11,7,EF5,EF,5,5,6,5,0,True,,False,0.833333333333333,0.0,-0.0069444444444444475,-1.0,-0.1736111111111116,-1.942890293094024e-16,4.8125,4.638888888888888,16,-4,0,0,0,0,-1,3,-9,-8,False,16,0.0,1,False,best_rejected_stop,marginal_utility_negative,13,8-8-6-6-6,86,9,"{""EF1"": 1, ""EF2"": 3, ""EF3"": 5, ""EF4"": 3, ""EF5"": 3, ""SL5"": 2, ""SL6"": 1, ""Seuil3"": 3, ""Seuil4"": 3}",delta_fatigue_term,0.20659722222222215,,
31,10,4,weighted_greedy,8-8-6-6-6,8,-8,11,10,1,EF1,EF,1,1,4,1,0,True,,False,0.27272727272727293,0.0,-0.03645833333333334,-0.75,-0.5137310606060597,7.771561172376096e-16,6.4356060606060606,5.921875,11,-9,0,0,0,0,-4,0,-12,-8,False,16,0.0,1,False,best_rejected_stop,marginal_utility_negative,14,8-8-6-6-6,97,10,"{""EF1"": 1, ""EF2"": 3, ""EF3"": 5, ""EF4"": 3, ""EF5"": 4, ""SL5"": 2, ""SL6"": 2, ""Seuil3"": 3, ""Seuil4"": 3}",delta_fatigue_term,0.07875631313131319,0.503787878787878,1.0175189393939377
31,11,6,weighted_greedy,8-8-6-6-6-6,8,-8,22,21,1,EF1,EF,1,1,7,1,0,True,,False,0.13636363636363624,0.0,-0.019047619047619035,-0.25,-0.1326839826839823,4.996003610813204e-16,6.013636363636364,5.880952380952381,22,-1,0,0,0,0,0,0,-8,-8,False,16,0.0,1,False,best_rejected_stop,marginal_utility_negative,14,8-8-6-6-6-6,107,11,"{""EF1"": 1, ""EF2"": 4, ""EF3"": 5, ""EF4"": 4, ""EF5"": 4, ""SL5"": 2, ""SL6"": 2, ""Seuil3"": 3, ""Seuil4"": 4}",delta_fatigue_term,0.11731601731601721,0.04366883116883091,0.1763528138528132
31,12,6,weighted_greedy,8-8-8-6-6-6,8,-8,23,22,1,EF1,EF,1,1,8,1,0,True,,False,0.13043478260869534,0.0,-0.01770833333333334,-0.25,-0.13727355072463787,1.1102230246251565e-16,6.007065217391305,5.869791666666667,23,-1,0,0,0,0,0,0,-8,-8,False,16,0.0,1,False,best_rejected_stop,marginal_utility_negative,14,8-8-8-6-6-6,128,13,"{""EF1"": 2, ""EF2"": 4, ""EF3"": 5, ""EF4"": 5, ""EF5"": 5, ""SL5"": 2, ""SL6"": 2, ""SL7"": 1, ""Seuil3"": 3, ""Seuil4"": 5}",delta_fatigue_term,0.112726449275362,0.018614130434783327,0.1558876811594212
31,14,5,weighted_greedy,8-8-8-8-6-6,8,-8,27,19,8,EF2,EF,2,2,6,2,0,True,,False,0.22222222222222232,0.0,-0.02291666666666664,-0.25,-0.05069444444444393,3.885780586188048e-16,5.809027777777778,5.758333333333334,21,-4,0,0,0,0,-1,2,-9,-8,False,16,0.0,1,False,best_rejected_stop,marginal_utility_negative,15,8-8-8-8-6-6,172,17,"{""EF1"": 2, ""EF2"": 5, ""EF3"": 6, ""EF4"": 7, ""EF5"": 7, ""SL5"": 2, ""SL6"": 3, ""SL7"": 2, ""Seuil3"": 3, ""Seuil4"": 7}",delta_fatigue_term,0.19930555555555568,0.4340277777777777,0.4847222222222216
31,15,5,weighted_greedy,8-8-8-8-6-6,8,-8,25,19,6,EF4,EF,4,4,5,4,0,True,,False,0.48,0.0,-0.007500000000000007,-0.5,-0.027499999999999858,1.6653345369377348e-16,6.0175,5.99,23,-2,0,0,0,0,0,3,-8,-8,False,16,0.0,1,False,best_rejected_stop,marginal_utility_negative,15,8-8-8-8-6-6,191,19,"{""EF1"": 2, ""EF2"": 5, ""EF3"": 6, ""EF4"": 8, ""EF5"": 8, ""SL5"": 2, ""SL6"": 4, ""SL7"": 2, ""Seuil3"": 3, ""Seuil4"": 8}",delta_fatigue_term,0.23625,0.46750000000000025,0.4950000000000001
32,1,3,weighted_greedy,6-6-6-6,6,0,11,4,7,EF1,EF,1,1,6,1,0,True,,False,0.2727272727272727,0.0,-0.013888888888888881,-0.75,-0.4911616161616159,2.7755575615628914e-16,3.1742424242424243,2.683080808080808,5,-9,0,0,0,0,-4,0,-4,-4,False,10,0.0,1,False,best_rejected_stop,marginal_utility_negative,2,6-6-6-6,0,0,{},delta_fatigue_term,0.08627946127946128,0.545454545454545,1.0366161616161609
32,4,4,weighted_greedy,6-6-6-6,6,-4,13,12,1,EF1,EF,1,1,6,1,0,True,,False,0.23076923076923084,0.0,-0.03125,-0.25,-0.05048076923076916,0.0,4.435897435897436,4.385416666666667,13,-1,0,0,0,0,0,0,-4,-4,False,10,0.0,1,False,best_rejected_stop,marginal_utility_negative,9,6-6-6-6,27,3,"{""EF2"": 2, ""EF3"": 3, ""EF4"": 1, ""Seuil3"": 2, ""Seuil4"": 1}",delta_fatigue_term,0.19951923076923084,0.42307692307692335,0.4735576923076925
32,7,4,weighted_greedy,8-6-6-6-6,8,-5,14,13,1,EF1,EF,1,1,8,1,0,True,,False,0.2142857142857144,0.0,-0.026041666666666657,-0.25,-0.06175595238095255,-3.0531133177191805e-16,4.9211309523809526,4.859375,14,-5,0,0,0,0,-2,1,-7,-7,False,15,0.0,1,False,best_rejected_stop,marginal_utility_negative,13,8-6-6-6-6,66,6,"{""EF2"": 3, ""EF3"": 3, ""EF4"": 3, ""EF5"": 3, ""SL5"": 2, ""Seuil3"": 2, ""Seuil4"": 2}",delta_fatigue_term,0.18824404761904776,0.1421130952380949,0.20386904761904745
32,8,4,weighted_greedy,8-6-6-6-6,8,-8,14,13,1,EF1,EF,1,1,6,1,0,True,,False,0.2142857142857144,0.0,-0.03472222222222221,-0.25,-0.07043650793650791,-1.1102230246251565e-16,4.966269841269841,4.895833333333333,14,-5,0,0,0,0,-2,1,-10,-8,False,16,0.0,1,False,best_rejected_stop,marginal_utility_negative,13,8-6-6-6-6,79,7,"{""EF2"": 4, ""EF3"": 3, ""EF4"": 3, ""EF5"": 4, ""SL5"": 2, ""SL6"": 1, ""Seuil3"": 2, ""Seuil4"": 2}",delta_fatigue_term,0.1795634920634922,0.12996031746031722,0.20039682539682513
32,10,5,weighted_greedy,8-8-6-6-6-6,8,-8,24,17,7,EF4,EF,4,4,6,4,0,True,,False,0.5,0.0,-0.002083333333333326,-0.5,-0.002083333333333215,1.1102230246251565e-16,5.802083333333333,5.8,21,-2,0,0,0,0,0,3,-8,-8,False,16,0.0,1,False,best_rejected_stop,marginal_utility_negative,14,8-8-6-6-6-6,108,9,"{""EF2"": 5, ""EF3"": 3, ""EF4"": 4, ""EF5"": 6, ""SL5"": 2, ""SL6"": 2, ""SL7"": 1, ""Seuil3"": 2, ""Seuil4"": 2}",delta_fatigue_term,0.24895833333333334,0.4965277777777777,0.4986111111111109
32,11,6,weighted_greedy,8-8-6-6-6-6,8,-8,23,21,2,EF1,EF,1,1,5,1,0,True,,False,0.13043478260869623,0.0,-0.0266666666666667,-0.25,-0.14623188405797016,3.0531133177191805e-16,5.949130434782608,5.802898550724638,22,-1,0,0,0,0,0,0,-8,-8,False,16,0.0,1,False,best_rejected_stop,marginal_utility_negative,14,8-8-6-6-6-6,125,11,"{""EF2"": 6, ""EF3"": 3, ""EF4"": 4, ""EF5"": 7, ""SL5"": 2, ""SL6"": 3, ""SL7"": 1, ""Seuil3"": 2, ""Seuil4"": 3}",delta_fatigue_term,0.10376811594202953,0.01923913043478187,0.16547101449275203
32,13,6,weighted_greedy,8-8-8-6-6-6,8,-8,21,20,1,EF1,EF,1,1,7,1,0,True,,False,0.14285714285714324,0.0,-0.01785714285714285,-0.25,-0.125,-3.885780586188048e-16,6.25,6.125,21,-3,0,0,0,0,0,1,-8,-8,False,16,0.0,1,False,best_rejected_stop,marginal_utility_negative,14,8-8-8-6-6-6,163,15,"{""EF2"": 6, ""EF3"": 4, ""EF4"": 6, ""EF5"": 9, ""SL5"": 4, ""SL6"": 3, ""SL7"": 1, ""Seuil3"": 3, ""Seuil4"": 4}",delta_fatigue_term,0.1250000000000004,0.017857142857143238,0.14285714285714324
32,14,5,weighted_greedy,8-8-8-8-6-6,8,-8,27,19,8,EF2,EF,2,2,8,2,0,True,,False,0.22222222222222232,0.0,-0.017187499999999994,-0.25,-0.044965277777777146,5.273559366969494e-16,5.759548611111111,5.714583333333334,21,-4,0,0,0,0,-1,2,-9,-8,False,16,0.0,1,False,best_rejected_stop,marginal_utility_negative,15,8-8-8-8-6-6,183,17,"{""EF2"": 8, ""EF3"": 4, ""EF4"": 6, ""EF5"": 10, ""SL5"": 4, ""SL6"": 3, ""SL7"": 2, ""Seuil3"": 3, ""Seuil4"": 5}",delta_fatigue_term,0.20503472222222233,0.43663194444444375,0.4815972222222209
32,15,5,weighted_greedy,8-8-8-8-6-6,8,-8,20,19,1,EF1,EF,1,1,5,1,0,True,,False,0.15000000000000036,0.0,-0.03749999999999998,-0.25,-0.1374999999999993,3.3306690738754696e-16,6.5874999999999995,6.45,20,-5,0,0,0,0,-2,1,-10,-8,False,16,0.0,1,False,best_rejected_stop,marginal_utility_negative,15,8-8-8-8-6-6,202,19,"{""EF2"": 9, ""EF3"": 4, ""EF4"": 6, ""EF5"": 11, ""SL5"": 4, ""SL6"": 3, ""SL7"": 2, ""SL8"": 1, ""Seuil3"": 3, ""Seuil4"": 6}",delta_fatigue_term,0.11250000000000038,0.5874999999999995,0.7249999999999988
32,16,5,weighted_greedy,8-8-8-8-6-6,8,-8,20,19,1,EF1,EF,1,1,7,1,0,True,,False,0.15000000000000036,0.0,-0.0267857142857143,-0.25,-0.12678571428571317,7.771561172376096e-16,6.519642857142856,6.392857142857143,20,-5,0,0,0,0,-2,1,-10,-8,False,16,0.0,1,False,best_rejected_stop,marginal_utility_negative,15,8-8-8-8-6-6,221,21,"{""EF2"": 9, ""EF3"": 4, ""EF4"": 6, ""EF5"": 13, ""SL5"": 5, ""SL6"": 3, ""SL7"": 2, ""SL8"": 1, ""Seuil3"": 3, ""Seuil4"": 7}",delta_fatigue_term,0.12321428571428605,0.5910714285714276,0.7178571428571408
33,1,3,weighted_greedy,6-6-6-6,6,0,13,4,9,EF1,EF,1,1,6,1,0,True,,False,0.23076923076923084,0.0,-0.013888888888888881,-0.75,-0.533119658119658,0.0,3.0064102564102564,2.4732905982905984,5,-9,0,0,0,0,-4,0,-4,-4,False,10,0.0,1,False,best_rejected_stop,marginal_utility_negative,2,6-6-6-6,0,0,{},delta_fatigue_term,0.07229344729344732,0.4615384615384617,0.9946581196581197
33,4,5,weighted_greedy,8-6-6-6,8,-3,16,14,2,EF1,EF,1,1,6,1,0,True,,False,0.1875,0.0,-0.020833333333333343,-0.25,-0.08333333333333304,3.0531133177191805e-16,5.520833333333333,5.4375,15,0,0,0,0,0,0,0,-3,-3,False,11,0.0,1,False,best_rejected_stop,marginal_utility_negative,9,8-6-6-6,32,5,"{""EF1"": 1, ""EF2"": 3, ""EF3"": 3, ""Seuil3"": 4, ""Seuil4"": 1}",delta_fatigue_term,0.16666666666666666,1.5555555555555554,1.6388888888888884
33,5,5,weighted_greedy,8-6-6-6,8,-3,17,16,1,EF1,EF,1,1,8,1,0,True,,False,0.17647058823529438,0.0,-0.018750000000000003,-0.5,-0.34227941176470544,1.6653345369377348e-16,5.198529411764706,4.85625,17,2,2,1,0,0,0,0,-1,-1,False,9,0.0,1,False,best_rejected_stop,marginal_utility_negative,11,8-6-6-6,46,7,"{""EF1"": 1, ""EF2"": 3, ""EF3"": 3, ""EF4"": 2, ""Seuil3"": 6, ""Seuil4"": 1}",delta_fatigue_term,0.0788602941176472,1.2689950980392157,1.6112745098039212
33,6,3,weighted_greedy,8-8-6-6-6,8,-2,22,10,12,EF1,EF,1,1,8,1,0,True,,False,0.13636363636363646,0.0,-0.04166666666666667,-0.75,-0.6553030303030294,7.771561172376096e-16,5.019886363636363,4.364583333333333,11,-9,0,0,0,0,-4,0,-6,-6,False,14,0.0,1,False,best_rejected_stop,marginal_utility_negative,11,8-8-6-6-6,62,9,"{""EF1"": 1, ""EF2"": 3, ""EF3"": 4, ""EF4"": 2, ""EF5"": 1, ""SL5"": 1, ""Seuil3"": 7, ""Seuil4"": 1}",delta_fatigue_term,0.031565656565656595,,
33,7,3,weighted_greedy,8-8-6-6-6,8,-6,17,11,6,EF5,EF,5,5,7,5,0,True,,False,0.8823529411764701,0.0,-0.005952380952380959,-1.0,-0.12359943977591037,4.718447854656915e-16,4.887605042016807,4.764005602240896,16,-4,0,0,0,0,-1,3,-7,-7,False,15,0.0,1,False,best_rejected_stop,marginal_utility_negative,12,8-8-6-6-6,72,10,"{""EF1"": 1, ""EF2"": 3, ""EF3"": 4, ""EF4"": 2, ""EF5"": 2, ""SL5"": 2, ""Seuil3"": 7, ""Seuil4"": 1}",delta_fatigue_term,0.2191001400560223,,
33,9,3,weighted_greedy,8-8-8-6-6,8,-8,21,11,10,EF1,EF,1,1,6,1,0,True,,False,0.14285714285714257,0.0,-0.0625,-0.75,-0.6696428571428568,6.661338147750939e-16,5.300595238095238,4.6309523809523805,12,-9,0,0,0,0,-4,0,-12,-8,False,16,0.0,1,False,best_rejected_stop,marginal_utility_negative,12,8-8-8-6-6,95,13,"{""EF1"": 1, ""EF2"": 3, ""EF3"": 6, ""EF4"": 2, ""EF5"": 3, ""SL5"": 2, ""SL6"": 1, ""Seuil3"": 9, ""Seuil4"": 1}",delta_fatigue_term,0.02678571428571419,,
33,10,5,weighted_greedy,8-8-8-6-6-6,8,-8,24,18,6,EF4,EF,4,4,6,4,0,True,,False,0.5,0.0,-0.004166666666666652,-0.5,-0.00416666666666643,2.220446049250313e-16,5.9375,5.933333333333334,22,-2,0,0,0,0,0,3,-8,-8,False,16,0.0,1,False,best_rejected_stop,marginal_utility_negative,13,8-8-8-6-6-6,106,14,"{""EF1"": 1, ""EF2"": 3, ""EF3"": 6, ""EF4"": 2, ""EF5"": 4, ""SL5"": 2, ""SL6"": 2, ""Seuil3"": 9, ""Seuil4"": 1}",delta_fatigue_term,0.24791666666666667,0.49305555555555536,0.4972222222222218
33,13,6,weighted_greedy,8-8-8-8-6-6,8,-8,22,21,1,EF1,EF,1,1,7,1,0,True,,False,0.13636363636363624,0.0,-0.019047619047619035,-0.25,-0.1326839826839823,4.996003610813204e-16,6.263636363636364,6.130952380952381,22,-3,0,0,0,0,0,1,-8,-8,False,16,0.0,1,False,best_rejected_stop,marginal_utility_negative,14,8-8-8-8-6-6,158,19,"{""EF1"": 1, ""EF2"": 4, ""EF3"": 10, ""EF4"": 3, ""EF5"": 6, ""SL5"": 2, ""SL6"": 3, ""SL7"": 1, ""Seuil3"": 10, ""Seuil4"": 3}",delta_fatigue_term,0.11731601731601721,0.003084415584416078,0.13576839826839837
33,14,5,weighted_greedy,8-8-8-8-6-6,8,-8,34,19,15,EF2,EF,2,2,8,2,0,True,,False,0.17647058823529416,0.0,-0.017187499999999994,-0.25,-0.09071691176470598,-1.3877787807814457e-16,5.324908088235294,5.234191176470588,21,-4,0,0,0,0,-1,2,-9,-8,False,16,0.0,1,False,best_rejected_stop,marginal_utility_negative,15,8-8-8-8-6-6,179,21,"{""EF1"": 1, ""EF2"": 5, ""EF3"": 11, ""EF4"": 3, ""EF5"": 7, ""SL5"": 2, ""SL6"": 3, ""SL7"": 2, ""Seuil3"": 10, ""Seuil4"": 4}",delta_fatigue_term,0.15928308823529416,0.34512867647058876,0.43584558823529473
33,16,5,weighted_greedy,8-8-8-8-6-6,8,-8,24,19,5,EF4,EF,4,4,7,4,0,True,,False,0.5,0.0,-0.005357142857142866,-0.5,-0.005357142857142172,6.938893903907228e-16,6.044642857142857,6.039285714285715,23,-2,0,0,0,0,0,3,-8,-8,False,16,0.0,1,False,best_rejected_stop,marginal_utility_negative,16,8-8-8-8-6-6,221,25,"{""EF1"": 1, ""EF2"": 7, ""EF3"": 11, ""EF4"": 4, ""EF5"": 9, ""SL5"": 2, ""SL6"": 3, ""SL7"": 2, ""SL8"": 2, ""Seuil3"": 10, ""Seuil4"": 6}",delta_fatigue_term,0.24732142857142858,0.49107142857142794,0.4964285714285701
34,1,3,weighted_greedy,6-6-6-6,6,0,13,4,9,EF1,EF,1,1,5,1,0,True,,False,0.23076923076923084,0.0,-0.016666666666666663,-0.75,-0.5358974358974358,0.0,3.023076923076923,2.4871794871794872,5,-9,0,0,0,0,-4,0,-4,-4,False,10,0.0,1,False,best_rejected_stop,marginal_utility_negative,2,6-6-6-6,0,0,{},delta_fatigue_term,0.07136752136752139,0.4615384615384617,0.9974358974358974
34,5,3,weighted_greedy,6-6-6-6,6,-6,11,10,1,EF1,EF,1,1,5,1,0,True,,False,0.27272727272727293,0.0,-0.06666666666666668,-0.25,-0.04393939393939306,6.938893903907228e-16,4.727272727272727,4.683333333333334,11,-3,0,0,0,0,0,1,-6,-6,False,12,0.0,1,False,best_rejected_stop,marginal_utility_negative,11,6-6-6-6,34,3,"{""EF1"": 1, ""EF2"": 3, ""EF3"": 3, ""EF4"": 2, ""Seuil3"": 2, ""Seuil4"": 1}",delta_fatigue_term,0.20606060606060625,,
34,11,5,weighted_greedy,8-8-6-6-6-6,8,-6,24,17,7,EF4,EF,4,4,7,4,0,True,,False,0.5,0.0,-0.0017857142857142794,-0.5,-0.0017857142857140573,2.220446049250313e-16,5.776785714285714,5.775,21,-2,0,0,0,0,0,3,-6,-6,False,14,0.0,1,False,best_rejected_stop,marginal_utility_negative,14,8-8-6-6-6-6,128,10,"{""EF1"": 1, ""EF2"": 7, ""EF3"": 3, ""EF4"": 5, ""EF5"": 7, ""SL5"": 2, ""SL6"": 3, ""SL7"": 1, ""Seuil3"": 2, ""Seuil4"": 2}",delta_fatigue_term,0.24910714285714286,0.4970238095238093,0.49880952380952337
34,12,5,weighted_greedy,8-8-8-6-6-6,8,-8,24,18,6,EF4,EF,4,4,8,4,0,True,,False,0.5,0.0,-0.003124999999999989,-0.5,-0.0031249999999998224,1.6653345369377348e-16,5.890625,5.8875,22,-2,0,0,0,0,0,3,-8,-8,False,16,0.0,1,False,best_rejected_stop,marginal_utility_negative,15,8-8-8-6-6-6,145,12,"{""EF1"": 2, ""EF2"": 7, ""EF3"": 3, ""EF4"": 5, ""EF5"": 8, ""SL5"": 2, ""SL6"": 3, ""SL7"": 2, ""Seuil3"": 2, ""Seuil4"": 3}",delta_fatigue_term,0.2484375,0.4947916666666661,0.4979166666666659
34,13,6,weighted_greedy,8-8-8-6-6-6,8,-8,23,22,1,EF1,EF,1,1,5,1,0,True,,False,0.13043478260869534,0.0,-0.02833333333333335,-0.25,-0.14789855072463798,2.7755575615628914e-17,6.089565217391304,5.941666666666666,23,-1,0,0,0,0,0,0,-8,-8,False,16,0.0,1,False,best_rejected_stop,marginal_utility_negative,15,8-8-8-6-6-6,163,14,"{""EF1"": 3, ""EF2"": 7, ""EF3"": 3, ""EF4"": 5, ""EF5"": 9, ""SL5"": 2, ""SL6"": 3, ""SL7"": 2, ""SL8"": 1, ""Seuil3"": 2, ""Seuil4"": 4}",delta_fatigue_term,0.102101449275362,0.016739130434783256,0.16463768115942123
34,16,5,weighted_greedy,8-8-8-8-6-6,8,-8,24,19,5,EF4,EF,4,4,5,4,0,True,,False,0.5,0.0,-0.007500000000000007,-0.5,-0.007499999999999396,6.106226635438361e-16,6.1125,6.105,23,-2,0,0,0,0,0,3,-8,-8,False,16,0.0,1,False,best_rejected_stop,marginal_utility_negative,16,8-8-8-8-6-6,231,20,"{""EF1"": 3, ""EF2"": 9, ""EF3"": 3, ""EF4"": 9, ""EF5"": 12, ""SL5"": 3, ""SL6"": 3, ""SL7"": 2, ""SL8"": 3, ""Seuil3"": 2, ""Seuil4"": 7}",delta_fatigue_term,0.24625,0.4874999999999998,0.4949999999999992
35,1,3,weighted_greedy,6-6-6-6,6,0,14,4,10,EF1,EF,1,1,6,1,0,True,,False,0.2142857142857143,0.0,-0.013888888888888881,-0.75,-0.5496031746031749,-3.3306690738754696e-16,2.9404761904761902,2.390873015873016,5,-9,0,0,0,0,-4,0,-4,-4,False,10,0.0,1,False,best_rejected_stop,marginal_utility_negative,2,6-6-6-6,0,0,{},delta_fatigue_term,0.0667989417989418,0.4285714285714288,0.9781746031746037
35,7,4,weighted_greedy,8-6-6-6-6,8,-7,14,13,1,EF1,EF,1,1,6,1,0,True,,False,0.2142857142857144,0.0,-0.03472222222222221,-0.25,-0.07043650793650791,-1.1102230246251565e-16,4.966269841269841,4.895833333333333,14,-5,0,0,0,0,-2,1,-9,-8,False,16,0.0,1,False,best_rejected_stop,marginal_utility_negative,13,8-6-6-6-6,62,6,"{""EF2"": 3, ""EF3"": 3, ""EF4"": 2, ""EF5"": 3, ""SL5"": 2, ""Seuil3"": 2, ""Seuil4"": 2}",delta_fatigue_term,0.1795634920634922,0.12996031746031722,0.20039682539682513
35,9,3,weighted_greedy,8-8-6-6-6,8,-8,15,10,5,EF1,EF,1,1,5,1,0,True,,False,0.19999999999999973,0.0,-0.06666666666666668,-0.75,-0.6166666666666671,-2.220446049250313e-16,5.75,5.133333333333333,11,-9,0,0,0,0,-4,0,-12,-8,False,16,0.0,1,False,best_rejected_stop,marginal_utility_negative,14,8-8-6-6-6,88,8,"{""EF2"": 5, ""EF3"": 3, ""EF4"": 2, ""EF5"": 5, ""SL5"": 2, ""SL6"": 2, ""Seuil3"": 2, ""Seuil4"": 2}",delta_fatigue_term,0.04444444444444435,,
35,10,5,weighted_greedy,8-8-6-6-6,8,-8,21,19,2,EF1,EF,1,1,8,1,0,True,,False,0.14285714285714235,0.0,-0.0234375,-0.5,-0.38058035714285765,0.0,5.612723214285714,5.232142857142857,20,1,1,1,0,0,0,0,-7,-7,False,15,0.0,1,False,best_rejected_stop,marginal_utility_negative,14,8-8-6-6-6,98,9,"{""EF2"": 5, ""EF3"": 3, ""EF4"": 2, ""EF5"": 6, ""SL5"": 3, ""SL6"": 2, ""Seuil3"": 2, ""Seuil4"": 2}",delta_fatigue_term,0.059709821428571175,1.4103422619047619,1.7909226190476195
35,11,6,weighted_greedy,8-8-6-6-6-6,8,-8,20,19,1,EF1,EF,1,1,6,1,0,True,,False,0.15000000000000036,0.0,-0.01944444444444443,-0.25,-0.11944444444444358,4.996003610813204e-16,6.258333333333333,6.138888888888889,20,-3,0,0,0,0,0,1,-8,-8,False,16,0.0,1,False,best_rejected_stop,marginal_utility_negative,14,8-8-6-6-6-6,117,11,"{""EF2"": 5, ""EF3"": 3, ""EF4"": 3, ""EF5"": 7, ""SL5"": 3, ""SL6"": 2, ""SL7"": 1, ""Seuil3"": 3, ""Seuil4"": 2}",delta_fatigue_term,0.13055555555555592,0.03125,0.15069444444444358
35,12,6,weighted_greedy,8-8-8-6-6-6,8,-8,23,22,1,EF1,EF,1,1,8,1,0,True,,False,0.13043478260869534,0.0,-0.01770833333333334,-0.25,-0.13727355072463787,1.1102230246251565e-16,6.007065217391305,5.869791666666667,23,-1,0,0,0,0,0,0,-8,-8,False,16,0.0,1,False,best_rejected_stop,marginal_utility_negative,14,8-8-8-6-6-6,136,13,"{""EF2"": 7, ""EF3"": 3, ""EF4"": 3, ""EF5"": 8, ""SL5"": 3, ""SL6"": 3, ""SL7"": 1, ""Seuil3"": 3, ""Seuil4"": 3}",delta_fatigue_term,0.112726449275362,0.018614130434783327,0.1558876811594212
35,14,5,weighted_greedy,8-8-8-8-6-6,8,-8,26,19,7,EF2,EF,2,2,8,2,0,True,,False,0.23076923076923128,0.0,-0.017187499999999994,-0.25,-0.03641826923076863,8.326672684688674e-17,5.840745192307692,5.804326923076923,21,-4,0,0,0,0,-1,2,-9,-8,False,16,0.0,1,False,best_rejected_stop,marginal_utility_negative,15,8-8-8-8-6-6,180,17,"{""EF1"": 1, ""EF2"": 8, ""EF3"": 3, ""EF4"": 5, ""EF5"": 10, ""SL5"": 3, ""SL6"": 3, ""SL7"": 2, ""SL8"": 1, ""Seuil3"": 3, ""Seuil4"": 5}",delta_fatigue_term,0.2135817307692313,0.4537259615384608,0.4901442307692294
36,1,3,weighted_greedy,6-6-6-6,6,0,8,4,4,EF1,EF,1,1,3,1,0,True,,False,0.375,0.0,-0.027777777777777762,-0.75,-0.4027777777777781,-3.3306690738754696e-16,3.6666666666666665,3.263888888888889,5,-9,0,0,0,0,-4,0,-4,-4,False,10,0.0,1,False,best_rejected_stop,marginal_utility_negative,2,6-6-6-6,0,0,{},delta_fatigue_term,0.11574074074074074,0.7500000000000004,1.1527777777777786
36,3,5,weighted_greedy,6-6-6-6,6,-4,16,15,1,EF1,EF,1,1,6,1,0,True,,False,0.1875,0.0,-0.02291666666666667,-0.5,-0.33541666666666625,4.440892098500626e-16,5.21875,4.883333333333334,16,2,2,1,0,0,0,0,-2,-2,False,8,0.0,1,False,best_rejected_stop,marginal_utility_negative,9,6-6-6-6,16,2,"{""EF2"": 2, ""EF3"": 2, ""Seuil3"": 2}",delta_fatigue_term,0.08229166666666667,1.3020833333333335,1.6374999999999997
36,4,4,weighted_greedy,8-6-6-6,8,-3,15,13,2,EF1,EF,1,1,7,1,0,True,,False,0.19999999999999973,0.0,-0.02976190476190474,-0.25,-0.07976190476190492,8.326672684688674e-17,4.254761904761905,4.175,14,-1,0,0,0,0,0,0,-3,-3,False,11,0.0,1,False,best_rejected_stop,marginal_utility_negative,11,8-6-6-6,31,4,"{""EF2"": 2, ""EF3"": 2, ""EF4"": 2, ""Seuil3"": 3, ""Seuil4"": 1}",delta_fatigue_term,0.170238095238095,0.32619047619047636,0.4059523809523813
36,5,4,weighted_greedy,8-6-6-6,8,-3,15,13,2,EF1,EF,1,1,5,1,0,True,,False,0.19999999999999973,0.0,-0.04166666666666666,-0.25,-0.09166666666666679,1.3877787807814457e-16,4.316666666666666,4.225,14,-1,0,0,0,0,0,0,-3,-3,False,11,0.0,1,False,best_rejected_stop,marginal_utility_negative,11,8-6-6-6,44,5,"{""EF2"": 2, ""EF3"": 3, ""EF4"": 2, ""EF5"": 1, ""SL5"": 1, ""Seuil3"": 3, ""Seuil4"": 1}",delta_fatigue_term,0.15833333333333308,0.31666666666666643,0.4083333333333332
36,7,3,weighted_greedy,8-8-6-6-6,8,-3,16,11,5,EF5,EF,5,5,7,5,0,True,,False,0.9375,0.0,-0.005952380952380959,-1.0,-0.06845238095238049,4.718447854656915e-16,5.008928571428571,4.940476190476191,16,-4,0,0,0,0,-1,3,-4,-4,False,12,0.0,1,False,best_rejected_stop,marginal_utility_negative,12,8-8-6-6-6,75,8,"{""EF2"": 2, ""EF3"": 4, ""EF4"": 3, ""EF5"": 3, ""SL5"": 2, ""SL6"": 1, ""Seuil3"": 4, ""Seuil4"": 1}",delta_fatigue_term,0.23288690476190477,,
36,8,4,weighted_greedy,8-8-6-6-6,8,-7,17,16,1,EF1,EF,1,1,8,1,0,True,,False,0.17647058823529438,0.0,-0.03385416666666666,-0.25,-0.10738357843137258,-3.0531133177191805e-16,4.740196078431373,4.6328125,17,-3,0,0,0,0,0,1,-7,-7,False,15,0.0,1,False,best_rejected_stop,marginal_utility_negative,13,8-8-6-6-6,86,9,"{""EF2"": 2, ""EF3"": 4, ""EF4"": 3, ""EF5"": 4, ""SL5"": 2, ""SL6"": 2, ""Seuil3"": 4, ""Seuil4"": 1}",delta_fatigue_term,0.14261642156862772,0.1850490196078436,0.2924325980392162
36,9,6,weighted_greedy,8-8-6-6-6-6,8,-8,22,21,1,EF1,EF,1,1,8,1,0,True,,False,0.13636363636363624,0.0,-0.016666666666666677,-0.25,-0.13030303030302992,4.996003610813204e-16,5.994886363636364,5.864583333333333,22,-1,0,0,0,0,0,0,-8,-8,False,16,0.0,1,False,best_rejected_stop,marginal_utility_negative,13,8-8-6-6-6-6,102,10,"{""EF2"": 2, ""EF3"": 4, ""EF4"": 4, ""EF5"": 5, ""SL5"": 2, ""SL6"": 2, ""SL7"": 1, ""Seuil3"": 4, ""Seuil4"": 1}",delta_fatigue_term,0.11969696969696957,0.043892045454544615,0.17419507575757454
36,10,5,weighted_greedy,8-8-8-6-6-6,8,-8,24,18,6,EF4,EF,4,4,8,4,0,True,,False,0.5,0.0,-0.003124999999999989,-0.5,-0.0031249999999998224,1.6653345369377348e-16,5.890625,5.8875,22,-2,0,0,0,0,0,3,-8,-8,False,16,0.0,1,False,best_rejected_stop,marginal_utility_negative,15,8-8-8-6-6-6,123,12,"{""EF1"": 1, ""EF2"": 2, ""EF3"": 4, ""EF4"": 5, ""EF5"": 6, ""SL5"": 2, ""SL6"": 2, ""SL7"": 2, ""Seuil3"": 4, ""Seuil4"": 2}",delta_fatigue_term,0.2484375,0.4947916666666661,0.4979166666666659
36,11,5,weighted_greedy,8-8-8-6-6-6,8,-8,26,18,8,EF2,EF,2,2,8,2,0,True,,False,0.23076923076923128,0.0,-0.015625,-0.25,-0.034855769230768274,4.440892098500626e-16,5.717548076923077,5.682692307692308,20,-4,0,0,0,0,-1,2,-9,-8,False,16,0.0,1,False,best_rejected_stop,marginal_utility_negative,15,8-8-8-6-6-6,141,14,"{""EF1"": 2, ""EF2"": 2, ""EF3"": 4, ""EF4"": 5, ""EF5"": 7, ""SL5"": 2, ""SL6"": 2, ""SL7"": 2, ""SL8"": 1, ""Seuil3"": 4, ""Seuil4"": 3}",delta_fatigue_term,0.21514423076923128,0.45633012820512775,0.491185897435896
36,12,5,weighted_greedy,8-8-8-8-6-6,8,-8,27,19,8,EF2,EF,2,2,8,2,0,True,,False,0.22222222222222232,0.0,-0.017187499999999994,-0.25,-0.044965277777777146,5.273559366969494e-16,5.759548611111111,5.714583333333334,21,-4,0,0,0,0,-1,2,-9,-8,False,16,0.0,1,False,best_rejected_stop,marginal_utility_negative,16,8-8-8-8-6-6,159,16,"{""EF1"": 3, ""EF2"": 2, ""EF3"": 4, ""EF4"": 5, ""EF5"": 8, ""SL5"": 2, ""SL6"": 2, ""SL7"": 2, ""SL8"": 2, ""Seuil3"": 4, ""Seuil4"": 4}",delta_fatigue_term,0.20503472222222233,0.43663194444444375,0.4815972222222209
36,13,5,weighted_greedy,8-8-8-8-6-6,8,-8,22,19,3,EF2,EF,2,2,5,2,0,True,,False,0.27272727272727293,0.0,-0.02749999999999997,-0.25,-0.004772727272727373,-3.3306690738754696e-16,6.328409090909091,6.323636363636364,21,-4,0,0,0,0,-1,2,-9,-8,False,16,0.0,1,False,best_rejected_stop,marginal_utility_negative,16,8-8-8-8-6-6,178,18,"{""EF1"": 3, ""EF2"": 3, ""EF3"": 4, ""EF4"": 5, ""EF5"": 9, ""SL5"": 2, ""SL6"": 2, ""SL7"": 2, ""SL8"": 3, ""Seuil3"": 4, ""Seuil4"": 5}",delta_fatigue_term,0.24522727272727296,0.5329545454545457,0.537727272727273
36,15,5,weighted_greedy,8-8-8-8-6-6,8,-8,26,19,7,EF2,EF,2,2,7,2,0,True,,False,0.23076923076923128,0.0,-0.019642857142857156,-0.25,-0.03887362637362468,1.1934897514720433e-15,5.861950549450549,5.823076923076924,21,-4,0,0,0,0,-1,2,-9,-8,False,16,0.0,1,False,best_rejected_stop,marginal_utility_negative,16,8-8-8-8-6-6,220,22,"{""EF1"": 3, ""EF2"": 3, ""EF3"": 4, ""EF4"": 7, ""EF5"": 12, ""SL5"": 3, ""SL6"": 3, ""SL7"": 2, ""SL8"": 3, ""Seuil3"": 4, ""Seuil4"": 7}",delta_fatigue_term,0.21112637362637413,0.4526098901098896,0.4914835164835143
36,16,5,weighted_greedy,8-8-8-8-6-6,8,-8,26,19,7,EF2,EF,2,2,8,2,0,True,,False,0.23076923076923128,0.0,-0.017187499999999994,-0.25,-0.03641826923076863,8.326672684688674e-17,5.840745192307692,5.804326923076923,21,-4,0,0,0,0,-1,2,-9,-8,False,16,0.0,1,False,best_rejected_stop,marginal_utility_negative,16,8-8-8-8-6-6,239,24,"{""EF1"": 3, ""EF2"": 3, ""EF3"": 5, ""EF4"": 7, ""EF5"": 13, ""SL5"": 3, ""SL6"": 3, ""SL7"": 3, ""SL8"": 3, ""Seuil3"": 4, ""Seuil4"": 8}",delta_fatigue_term,0.2135817307692313,0.4537259615384608,0.4901442307692294
37,1,3,weighted_greedy,6-6-6-6,6,0,12,4,8,EF1,EF,1,1,6,1,0,True,,False,0.25,0.0,-0.013888888888888881,-0.75,-0.5138888888888884,4.440892098500626e-16,3.0833333333333335,2.5694444444444446,5,-9,0,0,0,0,-4,0,-4,-4,False,10,0.0,1,False,best_rejected_stop,marginal_utility_negative,2,6-6-6-6,0,0,{},delta_fatigue_term,0.0787037037037037,0.49999999999999956,1.013888888888888
37,2,7,weighted_greedy,6-6-6-6,6,-4,17,15,2,EF1,EF,1,1,6,1,0,True,,False,0.17647058823529393,0.0,-0.008928571428571438,-0.5,-0.3324579831932777,-1.6653345369377348e-16,6.501225490196078,6.1687675070028005,16,2,2,1,0,0,0,0,-2,-2,False,8,0.0,1,False,best_rejected_stop,marginal_utility_negative,6,6-6-6-6,4,0,"{""EF2"": 2}",delta_fatigue_term,0.08377100840336124,1.2835784313725496,1.6160364145658273
37,4,5,weighted_greedy,8-6-6-6,8,-3,15,14,1,EF1,EF,1,1,6,1,0,True,,False,0.20000000000000018,0.0,-0.020833333333333343,-0.25,-0.07083333333333286,3.0531133177191805e-16,5.695833333333333,5.625,15,0,0,0,0,0,0,0,-3,-3,False,11,0.0,1,False,best_rejected_stop,marginal_utility_negative,9,8-6-6-6,31,4,"{""EF1"": 1, ""EF2"": 4, ""EF3"": 3, ""Seuil3"": 3, ""Seuil4"": 1}",delta_fatigue_term,0.17916666666666684,1.593055555555555,1.6638888888888879
37,6,3,weighted_greedy,8-8-6-6-6,8,-2,20,10,10,EF1,EF,1,1,7,1,0,True,,False,0.15000000000000013,0.0,-0.047619047619047616,-0.75,-0.6476190476190471,4.440892098500626e-16,5.178571428571429,4.530952380952381,11,-9,0,0,0,0,-4,0,-6,-6,False,14,0.0,1,False,best_rejected_stop,marginal_utility_negative,11,8-8-6-6-6,61,8,"{""EF1"": 1, ""EF2"": 4, ""EF3"": 4, ""EF4"": 2, ""EF5"": 1, ""SL5"": 1, ""Seuil3"": 6, ""Seuil4"": 1}",delta_fatigue_term,0.03412698412698417,,
37,7,3,weighted_greedy,8-8-6-6-6,8,-6,16,10,6,EF1,EF,1,1,5,1,0,True,,False,0.1875,0.0,-0.06666666666666668,-0.75,-0.6291666666666664,2.220446049250313e-16,5.625,4.995833333333334,11,-9,0,0,0,0,-4,0,-10,-8,False,16,0.0,1,False,best_rejected_stop,marginal_utility_negative,12,8-8-6-6-6,71,9,"{""EF1"": 1, ""EF2"": 4, ""EF3"": 4, ""EF4"": 2, ""EF5"": 2, ""SL5"": 2, ""Seuil3"": 6, ""Seuil4"": 1}",delta_fatigue_term,0.04027777777777777,,
37,8,3,weighted_greedy,8-8-6-6-6,8,-8,22,11,11,EF5,EF,5,5,6,5,0,True,,False,0.6818181818181817,0.0,-0.0069444444444444475,-1.0,-0.3251262626262621,6.661338147750939e-16,4.479166666666667,4.154040404040404,16,-4,0,0,0,0,-1,3,-9,-8,False,16,0.0,1,False,best_rejected_stop,marginal_utility_negative,12,8-8-6-6-6,81,10,"{""EF1"": 1, ""EF2"": 4, ""EF3"": 4, ""EF4"": 2, ""EF5"": 3, ""SL5"": 3, ""Seuil3"": 6, ""Seuil4"": 1}",delta_fatigue_term,0.1687184343434343,,
37,9,3,weighted_greedy,8-8-6-6-6,8,-8,15,10,5,EF1,EF,1,1,5,1,0,True,,False,0.19999999999999973,0.0,-0.06666666666666668,-0.75,-0.6166666666666671,-2.220446049250313e-16,5.75,5.133333333333333,11,-9,0,0,0,0,-4,0,-12,-8,False,16,0.0,1,False,best_rejected_stop,marginal_utility_negative,12,8-8-6-6-6,92,11,"{""EF1"": 1, ""EF2"": 4, ""EF3"": 4, ""EF4"": 2, ""EF5"": 4, ""SL5"": 3, ""SL6"": 1, ""Seuil3"": 6, ""Seuil4"": 1}",delta_fatigue_term,0.04444444444444435,,
37,10,6,weighted_greedy,8-8-8-6-6-6,8,-8,23,22,1,EF1,EF,1,1,6,1,0,True,,False,0.13043478260869534,0.0,-0.02361111111111111,-0.25,-0.1431763285024159,-1.3877787807814457e-16,6.052898550724638,5.909722222222222,23,-1,0,0,0,0,0,0,-8,-8,False,16,0.0,1,False,best_rejected_stop,marginal_utility_negative,12,8-8-8-6-6-6,102,12,"{""EF1"": 1, ""EF2"": 4, ""EF3"": 4, ""EF4"": 2, ""EF5"": 5, ""SL5"": 4, ""SL6"": 1, ""Seuil3"": 6, ""Seuil4"": 1}",delta_fatigue_term,0.10682367149758423,0.01757246376811672,0.16074879227053263
37,11,6,weighted_greedy,8-8-8-6-6-6,8,-8,21,20,1,EF1,EF,1,1,6,1,0,True,,False,0.14285714285714324,0.0,-0.020833333333333315,-0.25,-0.1279761904761907,-6.106226635438361e-16,6.273809523809524,6.145833333333333,21,-3,0,0,0,0,0,1,-8,-8,False,16,0.0,1,False,best_rejected_stop,marginal_utility_negative,14,8-8-8-6-6-6,124,14,"{""EF1"": 1, ""EF2"": 4, ""EF3"": 5, ""EF4"": 3, ""EF5"": 6, ""SL5"": 4, ""SL6"": 2, ""Seuil3"": 6, ""Seuil4"": 2}",delta_fatigue_term,0.12202380952380992,0.01488095238095255,0.14285714285714324
37,15,5,weighted_greedy,8-8-8-8-6-6,8,-8,22,19,3,EF2,EF,2,2,6,2,0,True,,False,0.27272727272727293,0.0,-0.02291666666666664,-0.25,-0.00018939393939465532,-9.43689570931383e-16,6.288825757575758,6.288636363636364,21,-4,0,0,0,0,-1,2,-9,-8,False,16,0.0,1,False,best_rejected_stop,marginal_utility_negative,14,8-8-8-8-6-6,211,22,"{""EF1"": 1, ""EF2"": 6, ""EF3"": 7, ""EF4"": 5, ""EF5"": 12, ""SL5"": 6, ""SL6"": 3, ""SL7"": 1, ""Seuil3"": 6, ""Seuil4"": 6}",delta_fatigue_term,0.2498106060606063,0.5350378787878789,0.5352272727272736
37,16,5,weighted_greedy,8-8-8-8-6-6,8,-8,20,19,1,EF1,EF,1,1,6,1,0,True,,False,0.15000000000000036,0.0,-0.03125,-0.25,-0.13124999999999964,0.0,6.547916666666667,6.416666666666667,20,-5,0,0,0,0,-2,1,-10,-8,False,16,0.0,1,False,best_rejected_stop,marginal_utility_negative,14,8-8-8-8-6-6,230,24,"{""EF1"": 1, ""EF2"": 6, ""EF3"": 7, ""EF4"": 6, ""EF5"": 13, ""SL5"": 6, ""SL6"": 4, ""SL7"": 1, ""Seuil3"": 6, ""Seuil4"": 7}",delta_fatigue_term,0.11875000000000036,0.5895833333333327,0.7208333333333323
38,1,3,weighted_greedy,6-6-6-6,6,0,14,4,10,EF1,EF,1,1,6,1,0,True,,False,0.2142857142857143,0.0,-0.013888888888888881,-0.75,-0.5496031746031749,-3.3306690738754696e-16,2.9404761904761902,2.390873015873016,5,-9,0,0,0,0,-4,0,-4,-4,False,10,0.0,1,False,best_rejected_stop,marginal_utility_negative,2,6-6-6-6,0,0,{},delta_fatigue_term,0.0667989417989418,0.4285714285714288,0.9781746031746037
38,4,4,weighted_greedy,6-6-6-6,6,-5,13,12,1,EF1,EF,1,1,6,1,0,True,,False,0.23076923076923084,0.0,-0.03125,-0.25,-0.05048076923076916,0.0,4.435897435897436,4.385416666666667,13,-1,0,0,0,0,0,0,-5,-5,False,11,0.0,1,False,best_rejected_stop,marginal_utility_negative,9,6-6-6-6,27,3,"{""EF1"": 1, ""EF2"": 2, ""EF3"": 3, ""EF4"": 1, ""Seuil3"": 3}",delta_fatigue_term,0.19951923076923084,0.42307692307692335,0.4735576923076925
38,5,5,weighted_greedy,8-6-6-6,8,-5,18,16,2,EF1,EF,1,1,6,1,0,True,,False,0.16666666666666652,0.0,-0.024999999999999994,-0.5,-0.3583333333333334,1.1102230246251565e-16,5.083333333333333,4.725,17,2,2,1,0,0,0,0,-3,-3,False,11,0.0,1,False,best_rejected_stop,marginal_utility_negative,11,8-6-6-6,39,4,"{""EF1"": 1, ""EF2"": 2, ""EF3"": 3, ""EF4"": 3, ""Seuil3"": 3, ""Seuil4"": 1}",delta_fatigue_term,0.07083333333333326,1.2361111111111112,1.5944444444444446
38,6,3,weighted_greedy,8-6-6-6-6,8,-4,19,10,9,EF5,EF,5,5,6,5,0,True,,False,0.7894736842105261,0.0,0.0,-1.0,-0.21052631578947434,-4.440892098500626e-16,4.537280701754386,4.326754385964912,15,-4,0,0,0,0,-1,3,-5,-5,False,13,0.0,1,False,best_rejected_stop,marginal_utility_negative,11,8-6-6-6-6,55,6,"{""EF1"": 1, ""EF2"": 2, ""EF3"": 4, ""EF4"": 3, ""EF5"": 1, ""SL5"": 1, ""Seuil3"": 4, ""Seuil4"": 1}",delta_fatigue_term,0.19736842105263153,,
38,7,5,weighted_greedy,8-6-6-6-6,8,-8,19,18,1,EF1,EF,1,1,7,1,0,True,,False,0.1578947368421053,0.0,-0.025000000000000022,-0.5,-0.36710526315789416,5.551115123125783e-16,5.75281954887218,5.385714285714286,19,1,1,1,0,0,0,0,-7,-7,False,15,0.0,1,False,best_rejected_stop,marginal_utility_negative,12,8-6-6-6-6,65,7,"{""EF1"": 1, ""EF2"": 2, ""EF3"": 4, ""EF4"": 3, ""EF5"": 2, ""SL5"": 2, ""Seuil3"": 4, ""Seuil4"": 1}",delta_fatigue_term,0.06644736842105264,1.4558270676691727,1.8229323308270668
38,8,3,weighted_greedy,8-8-6-6-6,8,-8,17,11,6,EF5,EF,5,5,8,5,0,True,,False,0.8823529411764701,0.0,-0.005208333333333343,-1.0,-0.12285539215686292,3.0531133177191805e-16,4.8630514705882355,4.740196078431373,16,-4,0,0,0,0,-1,3,-9,-8,False,16,0.0,1,False,best_rejected_stop,marginal_utility_negative,12,8-8-6-6-6,83,9,"{""EF1"": 1, ""EF2"": 2, ""EF3"": 4, ""EF4"": 4, ""EF5"": 3, ""SL5"": 2, ""SL6"": 1, ""Seuil3"": 5, ""Seuil4"": 1}",delta_fatigue_term,0.2192861519607842,,
38,11,5,weighted_greedy,8-8-8-6-6-6,8,-8,24,18,6,EF4,EF,4,4,8,4,0,True,,False,0.5,0.0,-0.003124999999999989,-0.5,-0.0031249999999998224,1.6653345369377348e-16,5.890625,5.8875,22,-2,0,0,0,0,0,3,-8,-8,False,16,0.0,1,False,best_rejected_stop,marginal_utility_negative,15,8-8-8-6-6-6,135,14,"{""EF1"": 1, ""EF2"": 3, ""EF3"": 4, ""EF4"": 6, ""EF5"": 6, ""SL5"": 2, ""SL6"": 2, ""SL7"": 2, ""Seuil3"": 6, ""Seuil4"": 2}",delta_fatigue_term,0.2484375,0.4947916666666661,0.4979166666666659
38,12,5,weighted_greedy,8-8-8-8-6-6,8,-8,26,19,7,EF2,EF,2,2,8,2,0,True,,False,0.23076923076923128,0.0,-0.017187499999999994,-0.25,-0.03641826923076863,8.326672684688674e-17,5.840745192307692,5.804326923076923,21,-4,0,0,0,0,-1,2,-9,-8,False,16,0.0,1,False,best_rejected_stop,marginal_utility_negative,15,8-8-8-8-6-6,153,16,"{""EF1"": 2, ""EF2"": 3, ""EF3"": 4, ""EF4"": 6, ""EF5"": 7, ""SL5"": 2, ""SL6"": 2, ""SL7"": 2, ""SL8"": 1, ""Seuil3"": 6, ""Seuil4"": 3}",delta_fatigue_term,0.2135817307692313,0.4537259615384608,0.4901442307692294
38,13,5,weighted_greedy,8-8-8-8-6-6,8,-8,26,19,7,EF2,EF,2,2,7,2,0,True,,False,0.23076923076923128,0.0,-0.019642857142857156,-0.25,-0.03887362637362468,1.1934897514720433e-15,5.861950549450549,5.823076923076924,21,-4,0,0,0,0,-1,2,-9,-8,False,16,0.0,1,False,best_rejected_stop,marginal_utility_negative,16,8-8-8-8-6-6,172,18,"{""EF1"": 2, ""EF2"": 4, ""EF3"": 4, ""EF4"": 6, ""EF5"": 8, ""SL5"": 2, ""SL6"": 2, ""SL7"": 2, ""SL8"": 2, ""Seuil3"": 6, ""Seuil4"": 4}",delta_fatigue_term,0.21112637362637413,0.4526098901098896,0.4914835164835143
38,14,5,weighted_greedy,8-8-8-8-6-6,8,-8,24,19,5,EF4,EF,4,4,6,4,0,True,,False,0.5,0.0,-0.0062500000000000056,-0.5,-0.006250000000000533,-5.273559366969494e-16,6.072916666666667,6.066666666666666,23,-2,0,0,0,0,0,3,-8,-8,False,16,0.0,1,False,best_rejected_stop,marginal_utility_negative,16,8-8-8-8-6-6,191,20,"{""EF1"": 2, ""EF2"": 4, ""EF3"": 5, ""EF4"": 6, ""EF5"": 9, ""SL5"": 2, ""SL6"": 2, ""SL7"": 3, ""SL8"": 2, ""Seuil3"": 6, ""Seuil4"": 5}",delta_fatigue_term,0.246875,0.48958333333333304,0.49583333333333357
38,15,6,weighted_greedy,8-8-8-8-6-6,8,-8,22,21,1,EF1,EF,1,1,7,1,0,True,,False,0.13636363636363624,0.0,-0.019047619047619035,-0.25,-0.1326839826839823,4.996003610813204e-16,6.263636363636364,6.130952380952381,22,-3,0,0,0,0,0,1,-8,-8,False,16,0.0,1,False,best_rejected_stop,marginal_utility_negative,16,8-8-8-8-6-6,210,22,"{""EF1"": 2, ""EF2"": 4, ""EF3"": 5, ""EF4"": 7, ""EF5"": 10, ""SL5"": 2, ""SL6"": 3, ""SL7"": 3, ""SL8"": 2, ""Seuil3"": 6, ""Seuil4"": 6}",delta_fatigue_term,0.11731601731601721,0.003084415584416078,0.13576839826839837
38,16,5,weighted_greedy,8-8-8-8-6-6,8,-8,24,19,5,EF4,EF,4,4,8,4,0,True,,False,0.5,0.0,-0.004687500000000011,-0.5,-0.004687500000000178,-1.6653345369377348e-16,6.0234375,6.01875,23,-2,0,0,0,0,0,3,-8,-8,False,16,0.0,1,False,best_rejected_stop,marginal_utility_negative,16,8-8-8-8-6-6,231,24,"{""EF1"": 2, ""EF2"": 5, ""EF3"": 6, ""EF4"": 7, ""EF5"": 11, ""SL5"": 2, ""SL6"": 3, ""SL7"": 4, ""SL8"": 2, ""Seuil3"": 6, ""Seuil4"": 7}",delta_fatigue_term,0.24765625,0.4921875,0.4968750000000002
39,1,3,weighted_greedy,6-6-6-6,6,0,9,4,5,EF1,EF,1,1,4,1,0,True,,False,0.3333333333333335,0.0,-0.02083333333333333,-0.75,-0.43749999999999956,2.7755575615628914e-16,3.458333333333333,3.0208333333333335,5,-9,0,0,0,0,-4,0,-4,-4,False,10,0.0,1,False,best_rejected_stop,marginal_utility_negative,2,6-6-6-6,0,0,{},delta_fatigue_term,0.10416666666666673,0.6666666666666665,1.104166666666666
39,3,5,weighted_greedy,6-6-6-6,6,-3,15,12,3,EF1,EF,1,1,6,1,0,True,,False,0.19999999999999973,0.0,-0.016666666666666663,-0.25,-0.06666666666666732,-3.885780586188048e-16,5.525,5.458333333333333,13,-1,0,0,0,0,0,0,-3,-3,False,9,0.0,1,False,best_rejected_stop,marginal_utility_negative,8,6-6-6-6,19,3,"{""EF1"": 1, ""EF2"": 3, ""EF3"": 1, ""Seuil3"": 3}",delta_fatigue_term,0.18333333333333307,1.813888888888889,1.8805555555555564
39,6,3,weighted_greedy,8-8-6-6-6,8,-4,17,10,7,EF1,EF,1,1,6,1,0,True,,False,0.17647058823529438,0.0,-0.05555555555555558,-0.75,-0.629084967320261,2.220446049250313e-16,5.473039215686274,4.843954248366013,11,-9,0,0,0,0,-4,0,-8,-8,False,16,0.0,1,False,best_rejected_stop,marginal_utility_negative,11,8-8-6-6-6,56,8,"{""EF1"": 2, ""EF2"": 4, ""EF3"": 2, ""EF4"": 2, ""EF5"": 1, ""SL5"": 1, ""Seuil3"": 6, ""Seuil4"": 1}",delta_fatigue_term,0.040305010893246264,,
39,7,3,weighted_greedy,8-8-6-6-6,8,-8,19,11,8,EF5,EF,5,5,7,5,0,True,,False,0.7894736842105261,0.0,-0.005952380952380959,-1.0,-0.21647869674185483,2.7755575615628914e-17,4.68327067669173,4.466791979949875,16,-4,0,0,0,0,-1,3,-9,-8,False,16,0.0,1,False,best_rejected_stop,marginal_utility_negative,12,8-8-6-6-6,66,9,"{""EF1"": 2, ""EF2"": 4, ""EF3"": 2, ""EF4"": 2, ""EF5"": 2, ""SL5"": 2, ""Seuil3"": 6, ""Seuil4"": 1}",delta_fatigue_term,0.1958803258145363,,
39,8,3,weighted_greedy,8-8-6-6-6,8,-8,17,11,6,EF5,EF,5,5,6,5,0,True,,False,0.8823529411764701,0.0,-0.0069444444444444475,-1.0,-0.12459150326797364,6.938893903907228e-16,4.9203431372549025,4.795751633986928,16,-4,0,0,0,0,-1,3,-9,-8,False,16,0.0,1,False,best_rejected_stop,marginal_utility_negative,12,8-8-6-6-6,77,10,"{""EF1"": 2, ""EF2"": 4, ""EF3"": 2, ""EF4"": 2, ""EF5"": 3, ""SL5"": 2, ""SL6"": 1, ""Seuil3"": 6, ""Seuil4"": 1}",delta_fatigue_term,0.21885212418300642,,
39,9,5,weighted_greedy,8-8-6-6-6,8,-8,21,19,2,EF1,EF,1,1,7,1,0,True,,False,0.14285714285714235,0.0,-0.0267857142857143,-0.5,-0.3839285714285712,7.771561172376096e-16,5.633928571428571,5.25,20,1,1,1,0,0,0,0,-7,-7,False,15,0.0,1,False,best_rejected_stop,marginal_utility_negative,13,8-8-6-6-6,88,11,"{""EF1"": 2, ""EF2"": 4, ""EF3"": 2, ""EF4"": 2, ""EF5"": 4, ""SL5"": 2, ""SL6"": 2, ""Seuil3"": 6, ""Seuil4"": 1}",delta_fatigue_term,0.058035714285714024,1.407738095238095,1.791666666666666
39,10,6,weighted_greedy,8-8-8-6-6-6,8,-8,23,22,1,EF1,EF,1,1,7,1,0,True,,False,0.13043478260869534,0.0,-0.02023809523809525,-0.25,-0.13980331262940027,-3.608224830031759e-16,6.026708074534162,5.886904761904762,23,-1,0,0,0,0,0,0,-8,-8,False,16,0.0,1,False,best_rejected_stop,marginal_utility_negative,13,8-8-8-6-6-6,107,13,"{""EF1"": 2, ""EF2"": 4, ""EF3"": 2, ""EF4"": 3, ""EF5"": 5, ""SL5"": 2, ""SL6"": 2, ""SL7"": 1, ""Seuil3"": 7, ""Seuil4"": 1}",delta_fatigue_term,0.1101966873706001,0.018167701863355035,0.1579710144927553
39,11,5,weighted_greedy,8-8-8-6-6-6,8,-8,25,18,7,EF4,EF,4,4,7,4,0,True,,False,0.48,0.0,-0.0035714285714285587,-0.5,-0.02357142857142769,8.881784197001252e-16,5.820714285714286,5.797142857142857,22,-2,0,0,0,0,0,3,-8,-8,False,16,0.0,1,False,best_rejected_stop,marginal_utility_negative,15,8-8-8-6-6-6,129,15,"{""EF1"": 2, ""EF2"": 5, ""EF3"": 2, ""EF4"": 4, ""EF5"": 6, ""SL5"": 2, ""SL6"": 2, ""SL7"": 2, ""Seuil3"": 7, ""Seuil4"": 2}",delta_fatigue_term,0.2382142857142857,0.47404761904761905,0.49761904761904674
39,12,5,weighted_greedy,8-8-8-8-6-6,8,-8,24,19,5,EF4,EF,4,4,7,4,0,True,,False,0.5,0.0,-0.005357142857142866,-0.5,-0.005357142857142172,6.938893903907228e-16,6.044642857142857,6.039285714285715,23,-2,0,0,0,0,0,3,-8,-8,False,16,0.0,1,False,best_rejected_stop,marginal_utility_negative,15,8-8-8-8-6-6,147,17,"{""EF1"": 2, ""EF2"": 6, ""EF3"": 2, ""EF4"": 4, ""EF5"": 7, ""SL5"": 2, ""SL6"": 2, ""SL7"": 3, ""Seuil3"": 7, ""Seuil4"": 3}",delta_fatigue_term,0.24732142857142858,0.49107142857142794,0.4964285714285701
39,13,5,weighted_greedy,8-8-8-8-6-6,8,-8,26,19,7,EF2,EF,2,2,8,2,0,True,,False,0.23076923076923128,0.0,-0.017187499999999994,-0.25,-0.03641826923076863,8.326672684688674e-17,5.840745192307692,5.804326923076923,21,-4,0,0,0,0,-1,2,-9,-8,False,16,0.0,1,False,best_rejected_stop,marginal_utility_negative,15,8-8-8-8-6-6,166,19,"{""EF1"": 2, ""EF2"": 6, ""EF3"": 3, ""EF4"": 4, ""EF5"": 8, ""SL5"": 2, ""SL6"": 2, ""SL7"": 4, ""Seuil3"": 7, ""Seuil4"": 4}",delta_fatigue_term,0.2135817307692313,0.4537259615384608,0.4901442307692294
39,14,5,weighted_greedy,8-8-8-8-6-6,8,-8,28,19,9,EF2,EF,2,2,7,2,0,True,,False,0.2142857142857144,0.0,-0.019642857142857156,-0.25,-0.055357142857141994,7.494005416219807e-16,5.705357142857142,5.65,21,-4,0,0,0,0,-1,2,-9,-8,False,16,0.0,1,False,best_rejected_stop,marginal_utility_negative,15,8-8-8-8-6-6,185,21,"{""EF1"": 2, ""EF2"": 7, ""EF3"": 3, ""EF4"": 4, ""EF5"": 9, ""SL5"": 2, ""SL6"": 2, ""SL7"": 4, ""SL8"": 1, ""Seuil3"": 7, ""Seuil4"": 5}",delta_fatigue_term,0.19464285714285726,0.41964285714285676,0.47499999999999876
39,15,5,weighted_greedy,8-8-8-8-6-6,8,-8,27,19,8,EF2,EF,2,2,8,2,0,True,,False,0.22222222222222232,0.0,-0.017187499999999994,-0.25,-0.044965277777777146,5.273559366969494e-16,5.759548611111111,5.714583333333334,21,-4,0,0,0,0,-1,2,-9,-8,False,16,0.0,1,False,best_rejected_stop,marginal_utility_negative,15,8-8-8-8-6-6,204,23,"{""EF1"": 2, ""EF2"": 7, ""EF3"": 4, ""EF4"": 4, ""EF5"": 10, ""SL5"": 2, ""SL6"": 2, ""SL7"": 5, ""SL8"": 1, ""Seuil3"": 7, ""Seuil4"": 6}",delta_fatigue_term,0.20503472222222233,0.43663194444444375,0.4815972222222209
40,1,3,weighted_greedy,6-6-6-6,6,0,14,4,10,EF1,EF,1,1,5,1,0,True,,False,0.2142857142857143,0.0,-0.016666666666666663,-0.75,-0.5523809523809526,-2.220446049250313e-16,2.9571428571428573,2.4047619047619047,5,-9,0,0,0,0,-4,0,-4,-4,False,10,0.0,1,False,best_rejected_stop,marginal_utility_negative,2,6-6-6-6,0,0,{},delta_fatigue_term,0.06587301587301587,0.4285714285714288,0.9809523809523815
40,3,4,weighted_greedy,6-6-6-6,6,-3,11,10,1,EF1,EF,1,1,6,1,0,True,,False,0.27272727272727293,0.0,-0.024305555555555566,-0.25,-0.0015782828282828731,-2.3592239273284576e-16,4.616161616161616,4.614583333333333,11,-3,0,0,0,0,0,1,-3,-3,False,9,0.0,1,False,best_rejected_stop,marginal_utility_negative,8,6-6-6-6,19,3,"{""EF1"": 1, ""EF2"": 3, ""EF3"": 1, ""Seuil3"": 3}",delta_fatigue_term,0.24842171717171735,0.5612373737373737,0.5628156565656566
40,4,5,weighted_greedy,8-6-6-6,8,-4,15,14,1,EF1,EF,1,1,6,1,0,True,,False,0.20000000000000018,0.0,-0.020833333333333343,-0.25,-0.07083333333333286,3.0531133177191805e-16,5.695833333333333,5.625,15,0,0,0,0,0,0,0,-4,-4,False,12,0.0,1,False,best_rejected_stop,marginal_utility_negative,9,8-6-6-6,29,4,"{""EF1"": 1, ""EF2"": 3, ""EF3"": 3, ""Seuil3"": 3, ""Seuil4"": 1}",delta_fatigue_term,0.17916666666666684,1.593055555555555,1.6638888888888879
40,6,3,weighted_greedy,8-6-6-6-6,8,-5,17,10,7,EF5,EF,5,5,8,5,0,True,,False,0.8823529411764706,0.0,0.0,-1.0,-0.11764705882352988,-4.440892098500626e-16,4.670955882352941,4.553308823529411,15,-4,0,0,0,0,-1,3,-6,-6,False,14,0.0,1,False,best_rejected_stop,marginal_utility_negative,11,8-6-6-6-6,54,7,"{""EF1"": 2, ""EF2"": 3, ""EF3"": 3, ""EF4"": 2, ""EF5"": 1, ""SL5"": 1, ""Seuil3"": 5, ""Seuil4"": 1}",delta_fatigue_term,0.22058823529411764,,
40,7,3,weighted_greedy,8-8-6-6-6,8,-8,17,10,7,EF1,EF,1,1,5,1,0,True,,False,0.17647058823529438,0.0,-0.06666666666666668,-0.75,-0.640196078431372,2.220446049250313e-16,5.514705882352941,4.874509803921569,11,-9,0,0,0,0,-4,0,-12,-8,False,16,0.0,1,False,best_rejected_stop,marginal_utility_negative,12,8-8-6-6-6,64,8,"{""EF1"": 2, ""EF2"": 3, ""EF3"": 3, ""EF4"": 2, ""EF5"": 2, ""SL5"": 2, ""Seuil3"": 5, ""Seuil4"": 1}",delta_fatigue_term,0.03660130718954257,,
40,8,3,weighted_greedy,8-8-6-6-6,8,-8,17,11,6,EF5,EF,5,5,7,5,0,True,,False,0.8823529411764701,0.0,-0.005952380952380959,-1.0,-0.12359943977591037,4.718447854656915e-16,4.887605042016807,4.764005602240896,16,-4,0,0,0,0,-1,3,-9,-8,False,16,0.0,1,False,best_rejected_stop,marginal_utility_negative,12,8-8-6-6-6,74,9,"{""EF1"": 2, ""EF2"": 3, ""EF3"": 3, ""EF4"": 2, ""EF5"": 3, ""SL5"": 3, ""Seuil3"": 5, ""Seuil4"": 1}",delta_fatigue_term,0.2191001400560223,,
40,9,3,weighted_greedy,8-8-6-6-6,8,-8,18,10,8,EF1,EF,1,1,5,1,0,True,,False,0.16666666666666674,0.0,-0.06666666666666668,-0.75,-0.6500000000000004,-4.440892098500626e-16,5.416666666666667,4.766666666666667,11,-9,0,0,0,0,-4,0,-12,-8,False,16,0.0,1,False,best_rejected_stop,marginal_utility_negative,12,8-8-6-6-6,85,10,"{""EF1"": 2, ""EF2"": 3, ""EF3"": 3, ""EF4"": 2, ""EF5"": 4, ""SL5"": 3, ""SL6"": 1, ""Seuil3"": 5, ""Seuil4"": 1}",delta_fatigue_term,0.033333333333333354,,
40,10,3,weighted_greedy,8-8-6-6-6,8,-8,20,11,9,EF5,EF,5,5,8,5,0,True,,False,0.7500000000000002,0.0,-0.005208333333333343,-1.0,-0.25520833333333304,1.1102230246251565e-16,4.571875,4.316666666666667,16,-4,0,0,0,0,-1,3,-9,-8,False,16,0.0,1,False,best_rejected_stop,marginal_utility_negative,12,8-8-6-6-6,95,11,"{""EF1"": 2, ""EF2"": 3, ""EF3"": 3, ""EF4"": 2, ""EF5"": 5, ""SL5"": 4, ""SL6"": 1, ""Seuil3"": 5, ""Seuil4"": 1}",delta_fatigue_term,0.1861979166666667,,
40,11,5,weighted_greedy,8-8-8-6-6-6,8,-8,25,18,7,EF4,EF,4,4,8,4,0,True,,False,0.48,0.0,-0.003124999999999989,-0.5,-0.023124999999999396,6.106226635438361e-16,5.800625,5.7775,22,-2,0,0,0,0,0,3,-8,-8,False,16,0.0,1,False,best_rejected_stop,marginal_utility_negative,13,8-8-8-6-6-6,106,12,"{""EF1"": 2, ""EF2"": 3, ""EF3"": 3, ""EF4"": 2, ""EF5"": 6, ""SL5"": 4, ""SL6"": 2, ""Seuil3"": 5, ""Seuil4"": 1}",delta_fatigue_term,0.2384375,0.4747916666666665,0.4979166666666659
40,14,5,weighted_greedy,8-8-8-8-6-6,8,-8,28,19,9,EF2,EF,2,2,8,2,0,True,,False,0.2142857142857144,0.0,-0.017187499999999994,-0.25,-0.05290178571428594,-3.608224830031759e-16,5.684151785714286,5.63125,21,-4,0,0,0,0,-1,2,-9,-8,False,16,0.0,1,False,best_rejected_stop,marginal_utility_negative,15,8-8-8-8-6-6,167,18,"{""EF1"": 2, ""EF2"": 5, ""EF3"": 4, ""EF4"": 4, ""EF5"": 9, ""SL5"": 5, ""SL6"": 2, ""SL7"": 2, ""Seuil3"": 5, ""Seuil4"": 4}",delta_fatigue_term,0.19709821428571442,0.42075892857142794,0.4736607142857139
40,16,5,weighted_greedy,8-8-8-8-6-6,8,-8,26,19,7,EF2,EF,2,2,8,2,0,True,,False,0.23076923076923128,0.0,-0.017187499999999994,-0.25,-0.03641826923076863,8.326672684688674e-17,5.840745192307692,5.804326923076923,21,-4,0,0,0,0,-1,2,-9,-8,False,16,0.0,1,False,best_rejected_stop,marginal_utility_negative,15,8-8-8-8-6-6,201,21,"{""EF1"": 2, ""EF2"": 6, ""EF3"": 5, ""EF4"": 4, ""EF5"": 11, ""SL5"": 5, ""SL6"": 2, ""SL7"": 3, ""SL8"": 1, ""Seuil3"": 5, ""Seuil4"": 5}",delta_fatigue_term,0.2135817307692313,0.4537259615384608,0.4901442307692294
41,1,3,weighted_greedy,6-6-6-6,6,0,11,4,7,EF1,EF,1,1,4,1,0,True,,False,0.2727272727272727,0.0,-0.02083333333333333,-0.75,-0.49810606060606055,5.551115123125783e-17,3.215909090909091,2.7178030303030303,5,-9,0,0,0,0,-4,0,-4,-4,False,10,0.0,1,False,best_rejected_stop,marginal_utility_negative,2,6-6-6-6,0,0,{},delta_fatigue_term,0.08396464646464646,0.5454545454545454,1.043560606060606
41,2,6,weighted_greedy,6-6-6-6,6,-4,14,12,2,EF1,EF,1,1,6,1,0,True,,False,0.2142857142857144,0.0,-0.009722222222222215,-0.25,-0.04543650793650755,2.498001805406602e-16,5.671428571428571,5.625992063492063,13,-1,0,0,0,0,0,0,-4,-4,False,10,0.0,1,False,best_rejected_stop,marginal_utility_negative,6,6-6-6-6,4,0,"{""EF2"": 2}",delta_fatigue_term,0.2045634920634922,0.19970238095238013,0.24513888888888768
41,3,5,weighted_greedy,6-6-6-6,6,-4,15,12,3,EF1,EF,1,1,6,1,0,True,,False,0.19999999999999973,0.0,-0.016666666666666663,-0.25,-0.06666666666666732,-3.885780586188048e-16,5.525,5.458333333333333,13,-1,0,0,0,0,0,0,-4,-4,False,10,0.0,1,False,best_rejected_stop,marginal_utility_negative,8,6-6-6-6,16,2,"{""EF1"": 1, ""EF2"": 3, ""EF3"": 1, ""Seuil3"": 2}",delta_fatigue_term,0.18333333333333307,1.813888888888889,1.8805555555555564
41,6,3,weighted_greedy,8-6-6-6-6,8,-6,17,10,7,EF5,EF,5,5,6,5,0,True,,False,0.8823529411764706,0.0,0.0,-1.0,-0.11764705882352988,-4.440892098500626e-16,4.723039215686274,4.605392156862745,15,-4,0,0,0,0,-1,3,-7,-7,False,15,0.0,1,False,best_rejected_stop,marginal_utility_negative,12,8-6-6-6-6,53,7,"{""EF1"": 2, ""EF2"": 4, ""EF3"": 2, ""EF4"": 3, ""Seuil3"": 4, ""Seuil4"": 2, ""Seuil5"": 1}",delta_fatigue_term,0.22058823529411764,,
41,7,3,weighted_greedy,8-8-6-6-6,8,-8,16,10,6,EF1,EF,1,1,5,1,0,True,,False,0.1875,0.0,-0.06666666666666668,-0.75,-0.6291666666666664,2.220446049250313e-16,5.625,4.995833333333334,11,-9,0,0,0,0,-4,0,-12,-8,False,16,0.0,1,False,best_rejected_stop,marginal_utility_negative,12,8-8-6-6-6,63,8,"{""EF1"": 2, ""EF2"": 4, ""EF3"": 2, ""EF4"": 3, ""EF5"": 1, ""SL5"": 1, ""Seuil3"": 4, ""Seuil4"": 2, ""Seuil5"": 1}",delta_fatigue_term,0.04027777777777777,,
41,8,3,weighted_greedy,8-8-6-6-6,8,-8,19,11,8,EF5,EF,5,5,6,5,0,True,,False,0.7894736842105261,0.0,-0.0069444444444444475,-1.0,-0.2174707602339181,2.498001805406602e-16,4.7160087719298245,4.498538011695906,16,-4,0,0,0,0,-1,3,-9,-8,False,16,0.0,1,False,best_rejected_stop,marginal_utility_negative,13,8-8-6-6-6,73,9,"{""EF1"": 2, ""EF2"": 4, ""EF3"": 2, ""EF4"": 3, ""EF5"": 2, ""SL5"": 2, ""Seuil3"": 4, ""Seuil4"": 2, ""Seuil5"": 1}",delta_fatigue_term,0.19563230994152042,,
41,9,3,weighted_greedy,8-8-6-6-6,8,-8,17,11,6,EF5,EF,5,5,8,5,0,True,,False,0.8823529411764701,0.0,-0.005208333333333343,-1.0,-0.12285539215686292,3.0531133177191805e-16,4.8630514705882355,4.740196078431373,16,-4,0,0,0,0,-1,3,-9,-8,False,16,0.0,1,False,best_rejected_stop,marginal_utility_negative,13,8-8-6-6-6,84,10,"{""EF1"": 2, ""EF2"": 4, ""EF3"": 2, ""EF4"": 3, ""EF5"": 3, ""SL5"": 2, ""SL6"": 1, ""Seuil3"": 4, ""Seuil4"": 2, ""Seuil5"": 1}",delta_fatigue_term,0.2192861519607842,,
41,10,3,weighted_greedy,8-8-6-6-6,8,-8,14,11,3,EF3,EF,3,3,6,3,0,True,,False,0.6428571428571428,0.0,-0.03472222222222221,-0.75,-0.14186507936507908,3.3306690738754696e-16,5.336309523809524,5.194444444444445,14,-6,0,0,0,0,-3,1,-11,-8,False,16,0.0,1,False,best_rejected_stop,marginal_utility_negative,14,8-8-6-6-6,95,11,"{""EF1"": 2, ""EF2"": 4, ""EF3"": 2, ""EF4"": 3, ""EF5"": 4, ""SL5"": 2, ""SL6"": 2, ""Seuil3"": 4, ""Seuil4"": 2, ""Seuil5"": 1}",delta_fatigue_term,0.2027116402116402,,
41,11,5,weighted_greedy,8-8-8-6-6-6,8,-8,19,18,1,EF1,EF,1,1,6,1,0,True,,False,0.1578947368421053,0.0,-0.029166666666666674,-0.25,-0.12127192982456148,-1.1102230246251565e-16,6.529605263157895,6.408333333333333,19,-5,0,0,0,0,-2,1,-10,-8,False,16,0.0,1,False,best_rejected_stop,marginal_utility_negative,14,8-8-8-6-6-6,106,12,"{""EF1"": 2, ""EF2"": 4, ""EF3"": 2, ""EF4"": 3, ""EF5"": 5, ""SL5"": 2, ""SL6"": 3, ""Seuil3"": 4, ""Seuil4"": 2, ""Seuil5"": 1}",delta_fatigue_term,0.12872807017543864,0.6246345029239766,0.7459064327485381
41,13,5,weighted_greedy,8-8-8-8-6-6,8,-8,25,19,6,EF4,EF,4,4,8,4,0,True,,False,0.48,0.0,-0.004687500000000011,-0.5,-0.02468750000000064,-6.106226635438361e-16,5.9284375,5.9037500000000005,23,-2,0,0,0,0,0,3,-8,-8,False,16,0.0,1,False,best_rejected_stop,marginal_utility_negative,14,8-8-8-8-6-6,144,16,"{""EF1"": 2, ""EF2"": 6, ""EF3"": 3, ""EF4"": 3, ""EF5"": 7, ""SL5"": 2, ""SL6"": 4, ""SL7"": 1, ""Seuil3"": 4, ""Seuil4"": 4, ""Seuil5"": 1}",delta_fatigue_term,0.23765624999999999,0.4721875000000004,0.49687500000000107
41,15,5,weighted_greedy,8-8-8-8-6-6,8,-8,27,19,8,EF2,EF,2,2,7,2,0,True,,False,0.22222222222222232,0.0,-0.019642857142857156,-0.25,-0.0474206349206332,1.6375789613221059e-15,5.780753968253968,5.733333333333333,21,-4,0,0,0,0,-1,2,-9,-8,False,16,0.0,1,False,best_rejected_stop,marginal_utility_negative,15,8-8-8-8-6-6,186,20,"{""EF1"": 2, ""EF2"": 7, ""EF3"": 4, ""EF4"": 4, ""EF5"": 9, ""SL5"": 2, ""SL6"": 4, ""SL7"": 2, ""SL8"": 1, ""Seuil3"": 4, ""Seuil4"": 6, ""Seuil5"": 1}",delta_fatigue_term,0.20257936507936516,0.4355158730158726,0.4829365079365058
41,16,5,weighted_greedy,8-8-8-8-6-6,8,-8,26,19,7,EF2,EF,2,2,8,2,0,True,,False,0.23076923076923128,0.0,-0.017187499999999994,-0.25,-0.03641826923076863,8.326672684688674e-17,5.840745192307692,5.804326923076923,21,-4,0,0,0,0,-1,2,-9,-8,False,16,0.0,1,False,best_rejected_stop,marginal_utility_negative,15,8-8-8-8-6-6,205,22,"{""EF1"": 2, ""EF2"": 7, ""EF3"": 5, ""EF4"": 4, ""EF5"": 10, ""SL5"": 2, ""SL6"": 4, ""SL7"": 3, ""SL8"": 1, ""Seuil3"": 4, ""Seuil4"": 7, ""Seuil5"": 1}",delta_fatigue_term,0.2135817307692313,0.4537259615384608,0.4901442307692294
42,1,3,weighted_greedy,6-6-6-6,6,0,14,4,10,EF1,EF,1,1,6,1,0,True,,False,0.2142857142857143,0.0,-0.013888888888888881,-0.75,-0.5496031746031749,-3.3306690738754696e-16,2.9404761904761902,2.390873015873016,5,-9,0,0,0,0,-4,0,-4,-4,False,10,0.0,1,False,best_rejected_stop,marginal_utility_negative,2,6-6-6-6,0,0,{},delta_fatigue_term,0.0667989417989418,0.4285714285714288,0.9781746031746037
42,3,4,weighted_greedy,6-6-6-6,6,-4,13,12,1,EF1,EF,1,1,6,1,0,True,,False,0.23076923076923084,0.0,-0.03125,-0.25,-0.05048076923076916,0.0,4.435897435897436,4.385416666666667,13,-1,0,0,0,0,0,0,-4,-4,False,10,0.0,1,False,best_rejected_stop,marginal_utility_negative,9,6-6-6-6,16,2,"{""EF2"": 2, ""EF3"": 2, ""Seuil3"": 2}",delta_fatigue_term,0.19951923076923084,0.42307692307692335,0.4735576923076925
42,4,4,weighted_greedy,6-6-6-6,6,-4,14,12,2,EF1,EF,1,1,5,1,0,True,,False,0.2142857142857144,0.0,-0.037500000000000006,-0.25,-0.07321428571428612,-5.273559366969494e-16,4.271428571428571,4.198214285714285,13,-1,0,0,0,0,0,0,-4,-4,False,10,0.0,1,False,best_rejected_stop,marginal_utility_negative,11,6-6-6-6,28,3,"{""EF2"": 2, ""EF3"": 2, ""EF4"": 2, ""Seuil3"": 2, ""Seuil4"": 1}",delta_fatigue_term,0.1767857142857144,0.128571428571429,0.20178571428571512
42,6,5,weighted_greedy,8-6-6-6,8,-8,18,16,2,EF1,EF,1,1,7,1,0,True,,False,0.16666666666666652,0.0,-0.021428571428571422,-0.5,-0.3547619047619053,-3.885780586188048e-16,5.059523809523809,4.704761904761904,17,2,2,1,0,0,0,0,-6,-6,False,14,0.0,1,False,best_rejected_stop,marginal_utility_negative,11,8-6-6-6,47,5,"{""EF2"": 3, ""EF3"": 2, ""EF4"": 3, ""EF5"": 1, ""SL5"": 1, ""Seuil3"": 3, ""Seuil4"": 1}",delta_fatigue_term,0.07261904761904756,1.2380952380952381,1.5928571428571434
42,7,3,weighted_greedy,8-6-6-6-6,8,-7,14,10,4,EF3,EF,3,3,5,3,0,True,,False,0.6428571428571428,0.0,-0.033333333333333354,-0.75,-0.14047619047618998,5.828670879282072e-16,5.142857142857142,5.002380952380952,13,-6,0,0,0,0,-3,1,-10,-8,False,16,0.0,1,False,best_rejected_stop,marginal_utility_negative,12,8-6-6-6-6,63,7,"{""EF2"": 3, ""EF3"": 3, ""EF4"": 3, ""EF5"": 2, ""SL5"": 2, ""Seuil3"": 4, ""Seuil4"": 1}",delta_fatigue_term,0.20317460317460315,,
42,8,3,weighted_greedy,8-8-6-6-6,8,-8,16,11,5,EF5,EF,5,5,7,5,0,True,,False,0.9375,0.0,-0.005952380952380959,-1.0,-0.06845238095238049,4.718447854656915e-16,5.008928571428571,4.940476190476191,16,-4,0,0,0,0,-1,3,-9,-8,False,16,0.0,1,False,best_rejected_stop,marginal_utility_negative,12,8-8-6-6-6,73,8,"{""EF2"": 3, ""EF3"": 3, ""EF4"": 3, ""EF5"": 3, ""SL5"": 3, ""Seuil3"": 4, ""Seuil4"": 1}",delta_fatigue_term,0.23288690476190477,,
42,9,3,weighted_greedy,8-8-6-6-6,8,-8,15,11,4,EF3,EF,3,3,7,3,0,True,,False,0.6000000000000001,0.0,-0.02976190476190474,-0.75,-0.17976190476190457,8.326672684688674e-17,5.146428571428571,4.966666666666667,14,-6,0,0,0,0,-3,1,-11,-8,False,16,0.0,1,False,best_rejected_stop,marginal_utility_negative,12,8-8-6-6-6,84,9,"{""EF2"": 3, ""EF3"": 3, ""EF4"": 3, ""EF5"": 4, ""SL5"": 3, ""SL6"": 1, ""Seuil3"": 4, ""Seuil4"": 1}",delta_fatigue_term,0.1900793650793651,,
42,10,3,weighted_greedy,8-8-6-6-6,8,-8,17,11,6,EF5,EF,5,5,6,5,0,True,,False,0.8823529411764701,0.0,-0.0069444444444444475,-1.0,-0.12459150326797364,6.938893903907228e-16,4.9203431372549025,4.795751633986928,16,-4,0,0,0,0,-1,3,-9,-8,False,16,0.0,1,False,best_rejected_stop,marginal_utility_negative,13,8-8-6-6-6,95,10,"{""EF2"": 3, ""EF3"": 3, ""EF4"": 3, ""EF5"": 5, ""SL5"": 3, ""SL6"": 2, ""Seuil3"": 4, ""Seuil4"": 1}",delta_fatigue_term,0.21885212418300642,,
42,11,6,weighted_greedy,8-8-6-6-6-6,8,-8,20,19,1,EF1,EF,1,1,8,1,0,True,,False,0.15000000000000036,0.0,-0.014583333333333323,-0.25,-0.11458333333333304,-6.938893903907228e-17,6.21875,6.104166666666667,20,-3,0,0,0,0,0,1,-8,-8,False,16,0.0,1,False,best_rejected_stop,marginal_utility_negative,13,8-8-6-6-6-6,106,11,"{""EF2"": 3, ""EF3"": 3, ""EF4"": 3, ""EF5"": 6, ""SL5"": 3, ""SL6"": 3, ""Seuil3"": 4, ""Seuil4"": 1}",delta_fatigue_term,0.13541666666666702,0.03593750000000018,0.15052083333333321
42,13,5,weighted_greedy,8-8-8-6-6-6,8,-8,19,18,1,EF1,EF,1,1,7,1,0,True,,False,0.1578947368421053,0.0,-0.025000000000000022,-0.25,-0.11710526315789416,5.551115123125783e-16,6.50281954887218,6.385714285714286,19,-5,0,0,0,0,-2,1,-10,-8,False,16,0.0,1,False,best_rejected_stop,marginal_utility_negative,14,8-8-8-6-6-6,147,15,"{""EF1"": 1, ""EF2"": 4, ""EF3"": 4, ""EF4"": 4, ""EF5"": 8, ""SL5"": 3, ""SL6"": 4, ""SL7"": 1, ""Seuil3"": 4, ""Seuil4"": 3}",delta_fatigue_term,0.1328947368421053,0.6256265664160399,0.742731829573934
42,14,5,weighted_greedy,8-8-8-8-6-6,8,-8,25,19,6,EF4,EF,4,4,8,4,0,True,,False,0.48,0.0,-0.004687500000000011,-0.5,-0.02468750000000064,-6.106226635438361e-16,5.9284375,5.9037500000000005,23,-2,0,0,0,0,0,3,-8,-8,False,16,0.0,1,False,best_rejected_stop,marginal_utility_negative,15,8-8-8-8-6-6,165,17,"{""EF1"": 1, ""EF2"": 5, ""EF3"": 4, ""EF4"": 4, ""EF5"": 9, ""SL5"": 3, ""SL6"": 4, ""SL7"": 2, ""Seuil3"": 4, ""Seuil4"": 4}",delta_fatigue_term,0.23765624999999999,0.4721875000000004,0.49687500000000107
42,16,5,weighted_greedy,8-8-8-8-6-6,8,-8,25,19,6,EF4,EF,4,4,8,4,0,True,,False,0.48,0.0,-0.004687500000000011,-0.5,-0.02468750000000064,-6.106226635438361e-16,5.9284375,5.9037500000000005,23,-2,0,0,0,0,0,3,-8,-8,False,16,0.0,1,False,best_rejected_stop,marginal_utility_negative,15,8-8-8-8-6-6,205,21,"{""EF1"": 1, ""EF2"": 7, ""EF3"": 4, ""EF4"": 5, ""EF5"": 11, ""SL5"": 3, ""SL6"": 5, ""SL7"": 2, ""SL8"": 1, ""Seuil3"": 4, ""Seuil4"": 6}",delta_fatigue_term,0.23765624999999999,0.4721875000000004,0.49687500000000107
43,1,3,weighted_greedy,6-6-6-6,6,0,11,4,7,EF1,EF,1,1,6,1,0,True,,False,0.2727272727272727,0.0,-0.013888888888888881,-0.75,-0.4911616161616159,2.7755575615628914e-16,3.1742424242424243,2.683080808080808,5,-9,0,0,0,0,-4,0,-4,-4,False,10,0.0,1,False,best_rejected_stop,marginal_utility_negative,2,6-6-6-6,0,0,{},delta_fatigue_term,0.08627946127946128,0.545454545454545,1.0366161616161609
43,2,7,weighted_greedy,6-6-6-6,6,-4,16,15,1,EF1,EF,1,1,6,1,0,True,,False,0.1875,0.0,-0.008928571428571438,-0.5,-0.32142857142857206,-6.106226635438361e-16,6.666666666666667,6.345238095238095,16,2,2,1,0,0,0,0,-2,-2,False,8,0.0,1,False,best_rejected_stop,marginal_utility_negative,6,6-6-6-6,4,0,"{""EF2"": 2}",delta_fatigue_term,0.08928571428571427,1.3166666666666673,1.6380952380952394
43,4,5,weighted_greedy,8-6-6-6,8,-3,16,14,2,EF1,EF,1,1,6,1,0,True,,False,0.1875,0.0,-0.020833333333333343,-0.25,-0.08333333333333304,3.0531133177191805e-16,5.520833333333333,5.4375,15,0,0,0,0,0,0,0,-3,-3,False,11,0.0,1,False,best_rejected_stop,marginal_utility_negative,9,8-6-6-6,32,5,"{""EF1"": 1, ""EF2"": 3, ""EF3"": 3, ""Seuil3"": 4, ""Seuil4"": 1}",delta_fatigue_term,0.16666666666666666,1.5555555555555554,1.6388888888888884
43,6,4,weighted_greedy,8-8-6-6-6,8,-3,11,10,1,EF1,EF,1,1,4,1,0,True,,False,0.27272727272727293,0.0,-0.03645833333333334,-0.75,-0.5137310606060597,7.771561172376096e-16,6.4356060606060606,5.921875,11,-9,0,0,0,0,-4,0,-7,-7,False,15,0.0,1,False,best_rejected_stop,marginal_utility_negative,11,8-8-6-6-6,59,8,"{""EF1"": 1, ""EF2"": 3, ""EF3"": 4, ""EF4"": 2, ""EF5"": 1, ""SL5"": 1, ""Seuil3"": 6, ""Seuil4"": 1}",delta_fatigue_term,0.07875631313131319,0.503787878787878,1.0175189393939377
43,7,3,weighted_greedy,8-8-6-6-6,8,-7,20,10,10,EF1,EF,1,1,8,1,0,True,,False,0.15000000000000013,0.0,-0.04166666666666667,-0.75,-0.6416666666666657,7.771561172376096e-16,5.15625,4.514583333333333,11,-9,0,0,0,0,-4,0,-11,-8,False,16,0.0,1,False,best_rejected_stop,marginal_utility_negative,12,8-8-6-6-6,69,9,"{""EF1"": 1, ""EF2"": 4, ""EF3"": 4, ""EF4"": 3, ""EF5"": 1, ""SL5"": 1, ""Seuil3"": 6, ""Seuil4"": 2}",delta_fatigue_term,0.036111111111111156,,
43,8,3,weighted_greedy,8-8-6-6-6,8,-8,12,10,2,EF1,EF,1,1,5,1,0,True,,False,0.25,0.0,-0.06666666666666668,-0.75,-0.5666666666666664,2.220446049250313e-16,6.25,5.683333333333334,11,-9,0,0,0,0,-4,0,-12,-8,False,16,0.0,1,False,best_rejected_stop,marginal_utility_negative,13,8-8-6-6-6,79,10,"{""EF1"": 1, ""EF2"": 4, ""EF3"": 4, ""EF4"": 3, ""EF5"": 2, ""SL5"": 2, ""Seuil3"": 6, ""Seuil4"": 2}",delta_fatigue_term,0.06111111111111111,,
43,9,5,weighted_greedy,8-8-6-6-6,8,-8,13,12,1,EF1,EF,1,1,3,1,0,True,,False,0.23076923076923084,0.0,-0.033333333333333326,-0.25,-0.05256410256410238,1.1102230246251565e-16,6.769230769230769,6.716666666666667,13,-7,0,0,0,0,-4,0,-12,-8,False,16,0.0,1,False,best_rejected_stop,marginal_utility_negative,13,8-8-6-6-6,89,11,"{""EF1"": 1, ""EF2"": 4, ""EF3"": 4, ""EF4"": 3, ""EF5"": 3, ""SL5"": 3, ""Seuil3"": 6, ""Seuil4"": 2}",delta_fatigue_term,0.1974358974358975,0.9423076923076925,0.9948717948717949
43,11,5,weighted_greedy,8-8-8-6-6-6,8,-8,24,18,6,EF4,EF,4,4,8,4,0,True,,False,0.5,0.0,-0.003124999999999989,-0.5,-0.0031249999999998224,1.6653345369377348e-16,5.890625,5.8875,22,-2,0,0,0,0,0,3,-8,-8,False,16,0.0,1,False,best_rejected_stop,marginal_utility_negative,13,8-8-8-6-6-6,115,14,"{""EF1"": 1, ""EF2"": 4, ""EF3"": 6, ""EF4"": 4, ""EF5"": 4, ""SL5"": 4, ""Seuil3"": 8, ""Seuil4"": 2}",delta_fatigue_term,0.2484375,0.4947916666666661,0.4979166666666659
43,12,5,weighted_greedy,8-8-8-8-6-6,8,-8,25,19,6,EF4,EF,4,4,6,4,0,True,,False,0.48,0.0,-0.0062500000000000056,-0.5,-0.026250000000000995,-9.71445146547012e-16,5.977916666666667,5.951666666666667,23,-2,0,0,0,0,0,3,-8,-8,False,16,0.0,1,False,best_rejected_stop,marginal_utility_negative,13,8-8-8-8-6-6,133,16,"{""EF1"": 1, ""EF2"": 4, ""EF3"": 7, ""EF4"": 4, ""EF5"": 5, ""SL5"": 4, ""SL6"": 1, ""Seuil3"": 8, ""Seuil4"": 3}",delta_fatigue_term,0.236875,0.46958333333333435,0.49583333333333535
43,14,5,weighted_greedy,8-8-8-8-6-6,8,-8,26,19,7,EF2,EF,2,2,8,2,0,True,,False,0.23076923076923128,0.0,-0.017187499999999994,-0.25,-0.03641826923076863,8.326672684688674e-17,5.840745192307692,5.804326923076923,21,-4,0,0,0,0,-1,2,-9,-8,False,16,0.0,1,False,best_rejected_stop,marginal_utility_negative,14,8-8-8-8-6-6,175,20,"{""EF1"": 1, ""EF2"": 4, ""EF3"": 8, ""EF4"": 6, ""EF5"": 7, ""SL5"": 4, ""SL6"": 2, ""SL7"": 1, ""Seuil3"": 8, ""Seuil4"": 5}",delta_fatigue_term,0.2135817307692313,0.4537259615384608,0.4901442307692294
43,15,5,weighted_greedy,8-8-8-8-6-6,8,-8,25,19,6,EF4,EF,4,4,6,4,0,True,,False,0.48,0.0,-0.0062500000000000056,-0.5,-0.026250000000000995,-9.71445146547012e-16,5.977916666666667,5.951666666666667,23,-2,0,0,0,0,0,3,-8,-8,False,16,0.0,1,False,best_rejected_stop,marginal_utility_negative,15,8-8-8-8-6-6,194,22,"{""EF1"": 1, ""EF2"": 4, ""EF3"": 9, ""EF4"": 6, ""EF5"": 8, ""SL5"": 4, ""SL6"": 2, ""SL7"": 2, ""Seuil3"": 8, ""Seuil4"": 6}",delta_fatigue_term,0.236875,0.46958333333333435,0.49583333333333535
43,16,5,weighted_greedy,8-8-8-8-6-6,8,-8,24,19,5,EF4,EF,4,4,7,4,0,True,,False,0.5,0.0,-0.005357142857142866,-0.5,-0.005357142857142172,6.938893903907228e-16,6.044642857142857,6.039285714285715,23,-2,0,0,0,0,0,3,-8,-8,False,16,0.0,1,False,best_rejected_stop,marginal_utility_negative,15,8-8-8-8-6-6,213,24,"{""EF1"": 1, ""EF2"": 4, ""EF3"": 9, ""EF4"": 7, ""EF5"": 9, ""SL5"": 4, ""SL6"": 3, ""SL7"": 2, ""Seuil3"": 8, ""Seuil4"": 7}",delta_fatigue_term,0.24732142857142858,0.49107142857142794,0.4964285714285701
44,1,3,weighted_greedy,6-6-6-6,6,0,14,4,10,EF1,EF,1,1,5,1,0,True,,False,0.2142857142857143,0.0,-0.016666666666666663,-0.75,-0.5523809523809526,-2.220446049250313e-16,2.9571428571428573,2.4047619047619047,5,-9,0,0,0,0,-4,0,-4,-4,False,10,0.0,1,False,best_rejected_stop,marginal_utility_negative,2,6-6-6-6,0,0,{},delta_fatigue_term,0.06587301587301587,0.4285714285714288,0.9809523809523815
44,5,4,weighted_greedy,8-6-6-6,8,-6,15,13,2,EF1,EF,1,1,6,1,0,True,,False,0.19999999999999973,0.0,-0.03472222222222221,-0.25,-0.08472222222222214,3.3306690738754696e-16,4.280555555555556,4.195833333333333,14,-1,0,0,0,0,0,0,-6,-6,False,14,0.0,1,False,best_rejected_stop,marginal_utility_negative,11,8-6-6-6,35,4,"{""EF1"": 1, ""EF2"": 2, ""EF3"": 3, ""EF4"": 2, ""Seuil3"": 3, ""Seuil4"": 1}",delta_fatigue_term,0.16527777777777752,0.3222222222222215,0.40694444444444366
44,8,3,weighted_greedy,8-8-6-6-6,8,-5,15,10,5,EF1,EF,1,1,5,1,0,True,,False,0.19999999999999973,0.0,-0.06666666666666668,-0.75,-0.6166666666666671,-2.220446049250313e-16,5.75,5.133333333333333,11,-9,0,0,0,0,-4,0,-9,-8,False,16,0.0,1,False,best_rejected_stop,marginal_utility_negative,12,8-8-6-6-6,81,8,"{""EF1"": 1, ""EF2"": 3, ""EF3"": 5, ""EF4"": 3, ""EF5"": 3, ""SL5"": 2, ""SL6"": 1, ""Seuil3"": 4, ""Seuil4"": 1}",delta_fatigue_term,0.04444444444444435,,
44,9,3,weighted_greedy,8-8-6-6-6,8,-8,18,11,7,EF5,EF,5,5,6,5,0,True,,False,0.833333333333333,0.0,-0.0069444444444444475,-1.0,-0.1736111111111116,-1.942890293094024e-16,4.8125,4.638888888888888,16,-4,0,0,0,0,-1,3,-9,-8,False,16,0.0,1,False,best_rejected_stop,marginal_utility_negative,12,8-8-6-6-6,91,9,"{""EF1"": 1, ""EF2"": 3, ""EF3"": 5, ""EF4"": 3, ""EF5"": 4, ""SL5"": 3, ""SL6"": 1, ""Seuil3"": 4, ""Seuil4"": 1}",delta_fatigue_term,0.20659722222222215,,
44,10,5,weighted_greedy,8-8-6-6-6-6,8,-8,24,17,7,EF4,EF,4,4,8,4,0,True,,False,0.5,0.0,-0.0015624999999999944,-0.5,-0.0015625000000003553,-3.608224830031759e-16,5.7578125,5.75625,21,-2,0,0,0,0,0,3,-8,-8,False,16,0.0,1,False,best_rejected_stop,marginal_utility_negative,13,8-8-6-6-6-6,102,10,"{""EF1"": 1, ""EF2"": 3, ""EF3"": 5, ""EF4"": 3, ""EF5"": 5, ""SL5"": 3, ""SL6"": 2, ""Seuil3"": 4, ""Seuil4"": 1}",delta_fatigue_term,0.24921875,0.4973958333333339,0.4989583333333343
44,12,5,weighted_greedy,8-8-8-6-6-6,8,-8,27,18,9,EF2,EF,2,2,7,2,0,True,,False,0.22222222222222232,0.0,-0.017857142857142877,-0.25,-0.04563492063492003,5.273559366969494e-16,5.660714285714286,5.615079365079366,20,-4,0,0,0,0,-1,2,-9,-8,False,16,0.0,1,False,best_rejected_stop,marginal_utility_negative,14,8-8-8-6-6-6,141,14,"{""EF1"": 2, ""EF2"": 3, ""EF3"": 6, ""EF4"": 4, ""EF5"": 7, ""SL5"": 3, ""SL6"": 3, ""SL7"": 1, ""Seuil3"": 4, ""Seuil4"": 3}",delta_fatigue_term,0.20436507936507944,0.43849206349206415,0.4841269841269842
44,13,5,weighted_greedy,8-8-8-8-6-6,8,-8,28,19,9,EF2,EF,2,2,8,2,0,True,,False,0.2142857142857144,0.0,-0.017187499999999994,-0.25,-0.05290178571428594,-3.608224830031759e-16,5.684151785714286,5.63125,21,-4,0,0,0,0,-1,2,-9,-8,False,16,0.0,1,False,best_rejected_stop,marginal_utility_negative,15,8-8-8-8-6-6,159,16,"{""EF1"": 2, ""EF2"": 4, ""EF3"": 6, ""EF4"": 4, ""EF5"": 8, ""SL5"": 3, ""SL6"": 3, ""SL7"": 2, ""Seuil3"": 4, ""Seuil4"": 4}",delta_fatigue_term,0.19709821428571442,0.42075892857142794,0.4736607142857139
44,14,5,weighted_greedy,8-8-8-8-6-6,8,-8,24,19,5,EF4,EF,4,4,8,4,0,True,,False,0.5,0.0,-0.004687500000000011,-0.5,-0.004687500000000178,-1.6653345369377348e-16,6.0234375,6.01875,23,-2,0,0,0,0,0,3,-8,-8,False,16,0.0,1,False,best_rejected_stop,marginal_utility_negative,15,8-8-8-8-6-6,178,18,"{""EF1"": 2, ""EF2"": 5, ""EF3"": 6, ""EF4"": 4, ""EF5"": 9, ""SL5"": 3, ""SL6"": 3, ""SL7"": 2, ""SL8"": 1, ""Seuil3"": 4, ""Seuil4"": 5}",delta_fatigue_term,0.24765625,0.4921875,0.4968750000000002
45,1,3,weighted_greedy,6-6-6-6,6,0,14,4,10,EF1,EF,1,1,4,1,0,True,,False,0.2142857142857143,0.0,-0.02083333333333333,-0.75,-0.5565476190476191,0.0,2.982142857142857,2.425595238095238,5,-9,0,0,0,0,-4,0,-4,-4,False,10,0.0,1,False,best_rejected_stop,marginal_utility_negative,2,6-6-6-6,0,0,{},delta_fatigue_term,0.06448412698412699,0.4285714285714284,0.9851190476190474
45,8,4,weighted_greedy,8-6-6-6-6,8,-5,14,13,1,EF1,EF,1,1,6,1,0,True,,False,0.2142857142857144,0.0,-0.03472222222222221,-0.25,-0.07043650793650791,-1.1102230246251565e-16,4.966269841269841,4.895833333333333,14,-5,0,0,0,0,-2,1,-7,-7,False,15,0.0,1,False,best_rejected_stop,marginal_utility_negative,12,8-6-6-6-6,77,7,"{""EF2"": 6, ""EF3"": 3, ""EF4"": 3, ""EF5"": 3, ""SL5"": 2, ""SL6"": 1, ""Seuil3"": 3, ""Seuil4"": 1}",delta_fatigue_term,0.1795634920634922,0.12996031746031722,0.20039682539682513
45,9,3,weighted_greedy,8-8-6-6-6,8,-8,15,11,4,EF3,EF,3,3,6,3,0,True,,False,0.6000000000000001,0.0,-0.03472222222222221,-0.75,-0.1847222222222218,3.3306690738754696e-16,5.179166666666666,4.9944444444444445,14,-6,0,0,0,0,-3,1,-11,-8,False,16,0.0,1,False,best_rejected_stop,marginal_utility_negative,13,8-8-6-6-6,90,8,"{""EF2"": 7, ""EF3"": 3, ""EF4"": 3, ""EF5"": 4, ""SL5"": 2, ""SL6"": 2, ""Seuil3"": 3, ""Seuil4"": 1}",delta_fatigue_term,0.18842592592592597,,
45,10,5,weighted_greedy,8-8-6-6-6-6,8,-8,30,17,13,EF2,EF,2,2,7,2,0,True,,False,0.19999999999999996,0.0,-0.01607142857142857,-0.25,-0.06607142857142811,4.996003610813204e-16,5.351785714285715,5.285714285714286,19,-4,0,0,0,0,-1,2,-9,-8,False,16,0.0,1,False,best_rejected_stop,marginal_utility_negative,13,8-8-6-6-6-6,101,9,"{""EF2"": 7, ""EF3"": 3, ""EF4"": 3, ""EF5"": 5, ""SL5"": 2, ""SL6"": 3, ""Seuil3"": 3, ""Seuil4"": 1}",delta_fatigue_term,0.18392857142857139,0.39702380952381056,0.46309523809523867
45,11,6,weighted_greedy,8-8-6-6-6-6,8,-8,20,19,1,EF1,EF,1,1,5,1,0,True,,False,0.15000000000000036,0.0,-0.023333333333333317,-0.25,-0.12333333333333307,-1.1102230246251565e-16,6.29,6.166666666666667,20,-3,0,0,0,0,0,1,-8,-8,False,16,0.0,1,False,best_rejected_stop,marginal_utility_negative,14,8-8-6-6-6-6,118,11,"{""EF1"": 1, ""EF2"": 7, ""EF3"": 3, ""EF4"": 3, ""EF5"": 6, ""SL5"": 2, ""SL6"": 3, ""SL7"": 1, ""Seuil3"": 3, ""Seuil4"": 2}",delta_fatigue_term,0.12666666666666704,0.027499999999999858,0.15083333333333293
45,12,6,weighted_greedy,8-8-8-6-6-6,8,-8,23,22,1,EF1,EF,1,1,8,1,0,True,,False,0.13043478260869534,0.0,-0.01770833333333334,-0.25,-0.13727355072463787,1.1102230246251565e-16,6.007065217391305,5.869791666666667,23,-1,0,0,0,0,0,0,-8,-8,False,16,0.0,1,False,best_rejected_stop,marginal_utility_negative,14,8-8-8-6-6-6,137,13,"{""EF1"": 1, ""EF2"": 8, ""EF3"": 4, ""EF4"": 3, ""EF5"": 7, ""SL5"": 3, ""SL6"": 3, ""SL7"": 1, ""Seuil3"": 3, ""Seuil4"": 3}",delta_fatigue_term,0.112726449275362,0.018614130434783327,0.1558876811594212
45,13,5,weighted_greedy,8-8-8-6-6-6,8,-8,24,18,6,EF4,EF,4,4,7,4,0,True,,False,0.5,0.0,-0.0035714285714285587,-0.5,-0.0035714285714281147,4.440892098500626e-16,5.910714285714286,5.9071428571428575,22,-2,0,0,0,0,0,3,-8,-8,False,16,0.0,1,False,best_rejected_stop,marginal_utility_negative,15,8-8-8-6-6-6,159,15,"{""EF1"": 1, ""EF2"": 9, ""EF3"": 4, ""EF4"": 4, ""EF5"": 8, ""SL5"": 3, ""SL6"": 3, ""SL7"": 2, ""Seuil3"": 3, ""Seuil4"": 4}",delta_fatigue_term,0.24821428571428572,0.4940476190476195,0.4976190476190476
45,14,5,weighted_greedy,8-8-8-8-6-6,8,-8,25,19,6,EF4,EF,4,4,8,4,0,True,,False,0.48,0.0,-0.004687500000000011,-0.5,-0.02468750000000064,-6.106226635438361e-16,5.9284375,5.9037500000000005,23,-2,0,0,0,0,0,3,-8,-8,False,16,0.0,1,False,best_rejected_stop,marginal_utility_negative,15,8-8-8-8-6-6,177,17,"{""EF1"": 1, ""EF2"": 10, ""EF3"": 4, ""EF4"": 4, ""EF5"": 9, ""SL5"": 3, ""SL6"": 3, ""SL7"": 3, ""Seuil3"": 3, ""Seuil4"": 5}",delta_fatigue_term,0.23765624999999999,0.4721875000000004,0.49687500000000107
46,1,3,weighted_greedy,6-6-6-6,6,0,14,4,10,EF1,EF,1,1,5,1,0,True,,False,0.2142857142857143,0.0,-0.016666666666666663,-0.75,-0.5523809523809526,-2.220446049250313e-16,2.9571428571428573,2.4047619047619047,5,-9,0,0,0,0,-4,0,-4,-4,False,10,0.0,1,False,best_rejected_stop,marginal_utility_negative,2,6-6-6-6,0,0,{},delta_fatigue_term,0.06587301587301587,0.4285714285714288,0.9809523809523815
46,2,6,weighted_greedy,6-6-6-6,6,-4,13,12,1,EF1,EF,1,1,6,1,0,True,,False,0.23076923076923084,0.0,-0.009722222222222215,-0.25,-0.028952991452991128,2.498001805406602e-16,5.869230769230769,5.840277777777778,13,-1,0,0,0,0,0,0,-4,-4,False,10,0.0,1,False,best_rejected_stop,marginal_utility_negative,6,6-6-6-6,4,0,"{""EF2"": 2}",delta_fatigue_term,0.22104700854700862,0.21618589743589745,0.24513888888888857
46,6,3,weighted_greedy,8-6-6-6-6,8,-5,17,10,7,EF5,EF,5,5,6,5,0,True,,False,0.8823529411764706,0.0,0.0,-1.0,-0.11764705882352988,-4.440892098500626e-16,4.723039215686274,4.605392156862745,15,-4,0,0,0,0,-1,3,-6,-6,False,14,0.0,1,False,best_rejected_stop,marginal_utility_negative,12,8-6-6-6-6,50,5,"{""EF1"": 1, ""EF2"": 5, ""EF3"": 4, ""EF4"": 2, ""Seuil3"": 2, ""Seuil4"": 2, ""Seuil5"": 1}",delta_fatigue_term,0.22058823529411764,,
46,7,3,weighted_greedy,8-6-6-6-6,8,-8,17,10,7,EF5,EF,5,5,8,5,0,True,,False,0.8823529411764706,0.0,0.0,-1.0,-0.11764705882352988,-4.440892098500626e-16,4.670955882352941,4.553308823529411,15,-4,0,0,0,0,-1,3,-9,-8,False,16,0.0,1,False,best_rejected_stop,marginal_utility_negative,12,8-6-6-6-6,60,6,"{""EF1"": 1, ""EF2"": 5, ""EF3"": 4, ""EF4"": 2, ""EF5"": 1, ""SL5"": 1, ""Seuil3"": 2, ""Seuil4"": 2, ""Seuil5"": 1}",delta_fatigue_term,0.22058823529411764,,
46,8,5,weighted_greedy,8-6-6-6-6,8,-8,19,18,1,EF1,EF,1,1,8,1,0,True,,False,0.1578947368421053,0.0,-0.021875000000000006,-0.5,-0.36398026315789433,3.3306690738754696e-16,5.732730263157895,5.36875,19,1,1,1,0,0,0,0,-7,-7,False,15,0.0,1,False,best_rejected_stop,marginal_utility_negative,13,8-6-6-6-6,70,7,"{""EF1"": 1, ""EF2"": 5, ""EF3"": 4, ""EF4"": 2, ""EF5"": 2, ""SL5"": 2, ""Seuil3"": 2, ""Seuil4"": 2, ""Seuil5"": 1}",delta_fatigue_term,0.06800986842105265,1.458059210526316,1.8220394736842103
46,9,3,weighted_greedy,8-8-6-6-6,8,-8,17,11,6,EF5,EF,5,5,7,5,0,True,,False,0.8823529411764701,0.0,-0.005952380952380959,-1.0,-0.12359943977591037,4.718447854656915e-16,4.887605042016807,4.764005602240896,16,-4,0,0,0,0,-1,3,-9,-8,False,16,0.0,1,False,best_rejected_stop,marginal_utility_negative,13,8-8-6-6-6,88,9,"{""EF1"": 1, ""EF2"": 5, ""EF3"": 4, ""EF4"": 3, ""EF5"": 3, ""SL5"": 2, ""SL6"": 1, ""Seuil3"": 3, ""Seuil4"": 2, ""Seuil5"": 1}",delta_fatigue_term,0.2191001400560223,,
46,10,5,weighted_greedy,8-8-6-6-6,8,-8,20,19,1,EF1,EF,1,1,8,1,0,True,,False,0.15000000000000036,0.0,-0.0234375,-0.5,-0.37343749999999964,0.0,5.7484375,5.375,20,1,1,1,0,0,0,0,-7,-7,False,15,0.0,1,False,best_rejected_stop,marginal_utility_negative,14,8-8-6-6-6,99,10,"{""EF1"": 1, ""EF2"": 5, ""EF3"": 4, ""EF4"": 3, ""EF5"": 4, ""SL5"": 2, ""SL6"": 2, ""Seuil3"": 3, ""Seuil4"": 2, ""Seuil5"": 1}",delta_fatigue_term,0.06328125000000018,1.4317708333333323,1.805208333333332
47,1,3,weighted_greedy,6-6-6-6,6,0,13,4,9,EF1,EF,1,1,5,1,0,True,,False,0.23076923076923084,0.0,-0.016666666666666663,-0.75,-0.5358974358974358,0.0,3.023076923076923,2.4871794871794872,5,-9,0,0,0,0,-4,0,-4,-4,False,10,0.0,1,False,best_rejected_stop,marginal_utility_negative,2,6-6-6-6,0,0,{},delta_fatigue_term,0.07136752136752139,0.4615384615384617,0.9974358974358974
47,2,7,weighted_greedy,6-6-6-6,6,-4,16,15,1,EF1,EF,1,1,5,1,0,True,,False,0.1875,0.0,-0.010714285714285718,-0.5,-0.3232142857142861,-3.885780586188048e-16,6.6875,6.364285714285714,16,2,2,1,0,0,0,0,-2,-2,False,8,0.0,1,False,best_rejected_stop,marginal_utility_negative,6,6-6-6-6,4,0,"{""EF2"": 2}",delta_fatigue_term,0.08839285714285713,1.3175,1.640714285714286
47,6,3,weighted_greedy,8-6-6-6-6,8,-8,17,10,7,EF5,EF,5,5,6,5,0,True,,False,0.8823529411764706,0.0,0.0,-1.0,-0.11764705882352988,-4.440892098500626e-16,4.723039215686274,4.605392156862745,15,-4,0,0,0,0,-1,3,-9,-8,False,16,0.0,1,False,best_rejected_stop,marginal_utility_negative,12,8-6-6-6-6,51,7,"{""EF1"": 1, ""EF2"": 3, ""EF3"": 4, ""EF4"": 2, ""Seuil3"": 4, ""Seuil4"": 3}",delta_fatigue_term,0.22058823529411764,,
47,7,3,weighted_greedy,8-8-6-6-6,8,-8,15,10,5,EF1,EF,1,1,6,1,0,True,,False,0.19999999999999973,0.0,-0.05555555555555558,-0.75,-0.6055555555555561,-2.220446049250313e-16,5.708333333333333,5.102777777777778,11,-9,0,0,0,0,-4,0,-12,-8,False,16,0.0,1,False,best_rejected_stop,marginal_utility_negative,12,8-8-6-6-6,61,8,"{""EF1"": 1, ""EF2"": 3, ""EF3"": 4, ""EF4"": 2, ""EF5"": 1, ""SL5"": 1, ""Seuil3"": 4, ""Seuil4"": 3}",delta_fatigue_term,0.04814814814814805,,
47,8,3,weighted_greedy,8-8-6-6-6,8,-8,20,11,9,EF5,EF,5,5,6,5,0,True,,False,0.7500000000000002,0.0,-0.0069444444444444475,-1.0,-0.25694444444444375,4.440892098500626e-16,4.629166666666666,4.372222222222223,16,-4,0,0,0,0,-1,3,-9,-8,False,16,0.0,1,False,best_rejected_stop,marginal_utility_negative,13,8-8-6-6-6,71,9,"{""EF1"": 1, ""EF2"": 3, ""EF3"": 4, ""EF4"": 2, ""EF5"": 2, ""SL5"": 2, ""Seuil3"": 4, ""Seuil4"": 3}",delta_fatigue_term,0.18576388888888895,,
47,9,3,weighted_greedy,8-8-6-6-6,8,-8,16,11,5,EF5,EF,5,5,6,5,0,True,,False,0.9375,0.0,-0.0069444444444444475,-1.0,-0.06944444444444375,6.938893903907228e-16,5.041666666666667,4.972222222222222,16,-4,0,0,0,0,-1,3,-9,-8,False,16,0.0,1,False,best_rejected_stop,marginal_utility_negative,13,8-8-6-6-6,82,10,"{""EF1"": 1, ""EF2"": 3, ""EF3"": 4, ""EF4"": 2, ""EF5"": 3, ""SL5"": 2, ""SL6"": 1, ""Seuil3"": 4, ""Seuil4"": 3}",delta_fatigue_term,0.2326388888888889,,
47,10,3,weighted_greedy,8-8-6-6-6,8,-8,18,11,7,EF5,EF,5,5,6,5,0,True,,False,0.833333333333333,0.0,-0.0069444444444444475,-1.0,-0.1736111111111116,-1.942890293094024e-16,4.8125,4.638888888888888,16,-4,0,0,0,0,-1,3,-9,-8,False,16,0.0,1,False,best_rejected_stop,marginal_utility_negative,14,8-8-6-6-6,93,11,"{""EF1"": 1, ""EF2"": 3, ""EF3"": 4, ""EF4"": 2, ""EF5"": 4, ""SL5"": 2, ""SL6"": 2, ""Seuil3"": 4, ""Seuil4"": 3}",delta_fatigue_term,0.20659722222222215,,
47,11,6,weighted_greedy,8-8-8-6-6-6,8,-8,23,22,1,EF1,EF,1,1,8,1,0,True,,False,0.13043478260869534,0.0,-0.01770833333333334,-0.25,-0.13727355072463787,1.1102230246251565e-16,6.007065217391305,5.869791666666667,23,-1,0,0,0,0,0,0,-8,-8,False,16,0.0,1,False,best_rejected_stop,marginal_utility_negative,14,8-8-8-6-6-6,104,12,"{""EF1"": 1, ""EF2"": 3, ""EF3"": 4, ""EF4"": 2, ""EF5"": 5, ""SL5"": 2, ""SL6"": 3, ""Seuil3"": 4, ""Seuil4"": 3}",delta_fatigue_term,0.112726449275362,0.018614130434783327,0.1558876811594212
47,12,5,weighted_greedy,8-8-8-6-6-6,8,-8,24,18,6,EF4,EF,4,4,7,4,0,True,,False,0.5,0.0,-0.0035714285714285587,-0.5,-0.0035714285714281147,4.440892098500626e-16,5.910714285714286,5.9071428571428575,22,-2,0,0,0,0,0,3,-8,-8,False,16,0.0,1,False,best_rejected_stop,marginal_utility_negative,14,8-8-8-6-6-6,126,14,"{""EF1"": 1, ""EF2"": 4, ""EF3"": 4, ""EF4"": 3, ""EF5"": 6, ""SL5"": 2, ""SL6"": 3, ""SL7"": 1, ""Seuil3"": 4, ""Seuil4"": 4}",delta_fatigue_term,0.24821428571428572,0.4940476190476195,0.4976190476190476
47,13,5,weighted_greedy,8-8-8-8-6-6,8,-8,24,19,5,EF4,EF,4,4,6,4,0,True,,False,0.5,0.0,-0.0062500000000000056,-0.5,-0.006250000000000533,-5.273559366969494e-16,6.072916666666667,6.066666666666666,23,-2,0,0,0,0,0,3,-8,-8,False,16,0.0,1,False,best_rejected_stop,marginal_utility_negative,15,8-8-8-8-6-6,144,16,"{""EF1"": 1, ""EF2"": 5, ""EF3"": 4, ""EF4"": 3, ""EF5"": 7, ""SL5"": 2, ""SL6"": 3, ""SL7"": 2, ""Seuil3"": 4, ""Seuil4"": 5}",delta_fatigue_term,0.246875,0.48958333333333304,0.49583333333333357
47,14,5,weighted_greedy,8-8-8-8-6-6,8,-8,24,19,5,EF4,EF,4,4,7,4,0,True,,False,0.5,0.0,-0.005357142857142866,-0.5,-0.005357142857142172,6.938893903907228e-16,6.044642857142857,6.039285714285715,23,-2,0,0,0,0,0,3,-8,-8,False,16,0.0,1,False,best_rejected_stop,marginal_utility_negative,15,8-8-8-8-6-6,163,18,"{""EF1"": 1, ""EF2"": 5, ""EF3"": 4, ""EF4"": 4, ""EF5"": 8, ""SL5"": 2, ""SL6"": 4, ""SL7"": 2, ""Seuil3"": 4, ""Seuil4"": 6}",delta_fatigue_term,0.24732142857142858,0.49107142857142794,0.4964285714285701
47,15,5,weighted_greedy,8-8-8-8-6-6,8,-8,25,19,6,EF4,EF,4,4,8,4,0,True,,False,0.48,0.0,-0.004687500000000011,-0.5,-0.02468750000000064,-6.106226635438361e-16,5.9284375,5.9037500000000005,23,-2,0,0,0,0,0,3,-8,-8,False,16,0.0,1,False,best_rejected_stop,marginal_utility_negative,15,8-8-8-8-6-6,182,20,"{""EF1"": 1, ""EF2"": 5, ""EF3"": 5, ""EF4"": 4, ""EF5"": 9, ""SL5"": 2, ""SL6"": 4, ""SL7"": 3, ""Seuil3"": 4, ""Seuil4"": 7}",delta_fatigue_term,0.23765624999999999,0.4721875000000004,0.49687500000000107
47,16,5,weighted_greedy,8-8-8-8-6-6,8,-8,27,19,8,EF2,EF,2,2,8,2,0,True,,False,0.22222222222222232,0.0,-0.017187499999999994,-0.25,-0.044965277777777146,5.273559366969494e-16,5.759548611111111,5.714583333333334,21,-4,0,0,0,0,-1,2,-9,-8,False,16,0.0,1,False,best_rejected_stop,marginal_utility_negative,15,8-8-8-8-6-6,201,22,"{""EF1"": 1, ""EF2"": 6, ""EF3"": 5, ""EF4"": 4, ""EF5"": 10, ""SL5"": 2, ""SL6"": 4, ""SL7"": 3, ""SL8"": 1, ""Seuil3"": 4, ""Seuil4"": 8}",delta_fatigue_term,0.20503472222222233,0.43663194444444375,0.4815972222222209
48,1,3,weighted_greedy,6-6-6-6,6,0,16,4,12,EF1,EF,1,1,6,1,0,True,,False,0.1875,0.0,-0.013888888888888881,-0.75,-0.5763888888888888,0.0,2.8333333333333335,2.2569444444444446,5,-9,0,0,0,0,-4,0,-4,-4,False,10,0.0,1,False,best_rejected_stop,marginal_utility_negative,2,6-6-6-6,0,0,{},delta_fatigue_term,0.05787037037037037,0.375,0.9513888888888888
48,2,6,weighted_greedy,6-6-6-6,6,-4,13,12,1,EF1,EF,1,1,5,1,0,True,,False,0.23076923076923084,0.0,-0.011666666666666672,-0.25,-0.030897435897435876,-4.163336342344337e-17,5.889230769230769,5.858333333333333,13,-1,0,0,0,0,0,0,-4,-4,False,10,0.0,1,False,best_rejected_stop,marginal_utility_negative,6,6-6-6-6,4,0,"{""EF2"": 2}",delta_fatigue_term,0.21910256410256418,0.21326923076923077,0.24416666666666664
48,9,6,weighted_greedy,8-8-6-6-6-6,8,-6,22,21,1,EF1,EF,1,1,6,1,0,True,,False,0.13636363636363624,0.0,-0.022222222222222254,-0.25,-0.13585858585858546,5.551115123125783e-16,6.038636363636364,5.902777777777778,22,-1,0,0,0,0,0,0,-6,-6,False,14,0.0,1,False,best_rejected_stop,marginal_utility_negative,14,8-8-6-6-6-6,100,8,"{""EF1"": 1, ""EF2"": 5, ""EF3"": 4, ""EF4"": 4, ""EF5"": 5, ""SL5"": 2, ""SL6"": 2, ""Seuil3"": 2, ""Seuil4"": 2}",delta_fatigue_term,0.11414141414141399,0.043371212121211755,0.1792297979797972
48,10,6,weighted_greedy,8-8-6-6-6-6,8,-6,23,21,2,EF1,EF,1,1,7,1,0,True,,False,0.13043478260869623,0.0,-0.019047619047619035,-0.25,-0.13861283643892275,5.551115123125783e-17,5.889130434782609,5.750517598343686,22,-1,0,0,0,0,0,0,-6,-6,False,14,0.0,1,False,best_rejected_stop,marginal_utility_negative,14,8-8-6-6-6-6,121,10,"{""EF1"": 1, ""EF2"": 6, ""EF3"": 4, ""EF4"": 5, ""EF5"": 6, ""SL5"": 2, ""SL6"": 3, ""Seuil3"": 2, ""Seuil4"": 3}",delta_fatigue_term,0.1113871635610772,0.019953416149068204,0.15856625258799095
48,12,5,weighted_greedy,8-8-8-6-6-6,8,-6,25,18,7,EF4,EF,4,4,8,4,0,True,,False,0.48,0.0,-0.003124999999999989,-0.5,-0.023124999999999396,6.106226635438361e-16,5.800625,5.7775,22,-2,0,0,0,0,0,3,-6,-6,False,14,0.0,1,False,best_rejected_stop,marginal_utility_negative,15,8-8-8-6-6-6,164,14,"{""EF1"": 2, ""EF2"": 7, ""EF3"": 4, ""EF4"": 7, ""EF5"": 8, ""SL5"": 2, ""SL6"": 3, ""SL7"": 2, ""Seuil3"": 2, ""Seuil4"": 5}",delta_fatigue_term,0.2384375,0.4747916666666665,0.4979166666666659
48,13,5,weighted_greedy,8-8-8-8-6-6,8,-8,22,19,3,EF2,EF,2,2,6,2,0,True,,False,0.27272727272727293,0.0,-0.02291666666666664,-0.25,-0.00018939393939465532,-9.43689570931383e-16,6.288825757575758,6.288636363636364,21,-4,0,0,0,0,-1,2,-9,-8,False,16,0.0,1,False,best_rejected_stop,marginal_utility_negative,15,8-8-8-8-6-6,182,16,"{""EF1"": 3, ""EF2"": 7, ""EF3"": 4, ""EF4"": 7, ""EF5"": 9, ""SL5"": 2, ""SL6"": 3, ""SL7"": 2, ""SL8"": 1, ""Seuil3"": 2, ""Seuil4"": 6}",delta_fatigue_term,0.2498106060606063,0.5350378787878789,0.5352272727272736
48,14,5,weighted_greedy,8-8-8-8-6-6,8,-8,26,19,7,EF2,EF,2,2,7,2,0,True,,False,0.23076923076923128,0.0,-0.019642857142857156,-0.25,-0.03887362637362468,1.1934897514720433e-15,5.861950549450549,5.823076923076924,21,-4,0,0,0,0,-1,2,-9,-8,False,16,0.0,1,False,best_rejected_stop,marginal_utility_negative,15,8-8-8-8-6-6,201,18,"{""EF1"": 3, ""EF2"": 7, ""EF3"": 4, ""EF4"": 8, ""EF5"": 10, ""SL5"": 2, ""SL6"": 4, ""SL7"": 2, ""SL8"": 1, ""Seuil3"": 2, ""Seuil4"": 7}",delta_fatigue_term,0.21112637362637413,0.4526098901098896,0.4914835164835143
48,15,5,weighted_greedy,8-8-8-8-6-6,8,-8,26,19,7,EF2,EF,2,2,8,2,0,True,,False,0.23076923076923128,0.0,-0.017187499999999994,-0.25,-0.03641826923076863,8.326672684688674e-17,5.840745192307692,5.804326923076923,21,-4,0,0,0,0,-1,2,-9,-8,False,16,0.0,1,False,best_rejected_stop,marginal_utility_negative,15,8-8-8-8-6-6,220,20,"{""EF1"": 3, ""EF2"": 7, ""EF3"": 5, ""EF4"": 8, ""EF5"": 11, ""SL5"": 2, ""SL6"": 4, ""SL7"": 3, ""SL8"": 1, ""Seuil3"": 2, ""Seuil4"": 8}",delta_fatigue_term,0.2135817307692313,0.4537259615384608,0.4901442307692294
49,1,3,weighted_greedy,6-6-6-6,6,0,10,4,6,EF1,EF,1,1,4,1,0,True,,False,0.2999999999999998,0.0,-0.02083333333333333,-0.75,-0.4708333333333332,2.7755575615628914e-16,3.325,2.8541666666666665,5,-9,0,0,0,0,-4,0,-4,-4,False,10,0.0,1,False,best_rejected_stop,marginal_utility_negative,2,6-6-6-6,0,0,{},delta_fatigue_term,0.0930555555555555,0.6000000000000001,1.0708333333333333
49,2,7,weighted_greedy,6-6-6-6,6,-4,16,15,1,EF1,EF,1,1,6,1,0,True,,False,0.1875,0.0,-0.008928571428571438,-0.5,-0.32142857142857206,-6.106226635438361e-16,6.666666666666667,6.345238095238095,16,2,2,1,0,0,0,0,-2,-2,False,8,0.0,1,False,best_rejected_stop,marginal_utility_negative,6,6-6-6-6,4,0,"{""EF2"": 2}",delta_fatigue_term,0.08928571428571427,1.3166666666666673,1.6380952380952394
49,3,4,weighted_greedy,6-6-6-6,6,-3,11,10,1,EF1,EF,1,1,6,1,0,True,,False,0.27272727272727293,0.0,-0.024305555555555566,-0.25,-0.0015782828282828731,-2.3592239273284576e-16,4.616161616161616,4.614583333333333,11,-3,0,0,0,0,0,1,-3,-3,False,9,0.0,1,False,best_rejected_stop,marginal_utility_negative,8,6-6-6-6,19,3,"{""EF1"": 1, ""EF2"": 3, ""EF3"": 1, ""Seuil3"": 3}",delta_fatigue_term,0.24842171717171735,0.5612373737373737,0.5628156565656566
49,4,5,weighted_greedy,8-6-6-6,8,-4,15,14,1,EF1,EF,1,1,8,1,0,True,,False,0.20000000000000018,0.0,-0.015625,-0.25,-0.06562499999999982,0.0,5.659375,5.59375,15,0,0,0,0,0,0,0,-4,-4,False,12,0.0,1,False,best_rejected_stop,marginal_utility_negative,9,8-6-6-6,29,4,"{""EF1"": 1, ""EF2"": 3, ""EF3"": 3, ""Seuil3"": 3, ""Seuil4"": 1}",delta_fatigue_term,0.18437500000000018,1.5947916666666666,1.6604166666666664
49,6,3,weighted_greedy,8-8-6-6-6,8,-3,17,10,7,EF1,EF,1,1,7,1,0,True,,False,0.17647058823529438,0.0,-0.047619047619047616,-0.75,-0.6211484593837522,1.1102230246251565e-15,5.44327731092437,4.822128851540617,11,-9,0,0,0,0,-4,0,-7,-7,False,15,0.0,1,False,best_rejected_stop,marginal_utility_negative,11,8-8-6-6-6,59,8,"{""EF1"": 1, ""EF2"": 3, ""EF3"": 4, ""EF4"": 2, ""EF5"": 1, ""SL5"": 1, ""Seuil3"": 6, ""Seuil4"": 1}",delta_fatigue_term,0.04295051353874892,,
49,7,3,weighted_greedy,8-8-6-6-6,8,-7,19,11,8,EF5,EF,5,5,7,5,0,True,,False,0.7894736842105261,0.0,-0.005952380952380959,-1.0,-0.21647869674185483,2.7755575615628914e-17,4.68327067669173,4.466791979949875,16,-4,0,0,0,0,-1,3,-8,-8,False,16,0.0,1,False,best_rejected_stop,marginal_utility_negative,12,8-8-6-6-6,69,9,"{""EF1"": 1, ""EF2"": 3, ""EF3"": 4, ""EF4"": 2, ""EF5"": 2, ""SL5"": 2, ""Seuil3"": 6, ""Seuil4"": 1}",delta_fatigue_term,0.1958803258145363,,
49,8,3,weighted_greedy,8-8-6-6-6,8,-8,19,11,8,EF5,EF,5,5,6,5,0,True,,False,0.7894736842105261,0.0,-0.0069444444444444475,-1.0,-0.2174707602339181,2.498001805406602e-16,4.7160087719298245,4.498538011695906,16,-4,0,0,0,0,-1,3,-9,-8,False,16,0.0,1,False,best_rejected_stop,marginal_utility_negative,12,8-8-6-6-6,80,10,"{""EF1"": 1, ""EF2"": 3, ""EF3"": 4, ""EF4"": 2, ""EF5"": 3, ""SL5"": 2, ""SL6"": 1, ""Seuil3"": 6, ""Seuil4"": 1}",delta_fatigue_term,0.19563230994152042,,
49,10,6,weighted_greedy,8-8-8-6-6-6,8,-8,23,22,1,EF1,EF,1,1,6,1,0,True,,False,0.13043478260869534,0.0,-0.02361111111111111,-0.25,-0.1431763285024159,-1.3877787807814457e-16,6.052898550724638,5.909722222222222,23,-1,0,0,0,0,0,0,-8,-8,False,16,0.0,1,False,best_rejected_stop,marginal_utility_negative,13,8-8-8-6-6-6,110,13,"{""EF1"": 1, ""EF2"": 3, ""EF3"": 4, ""EF4"": 3, ""EF5"": 5, ""SL5"": 2, ""SL6"": 2, ""SL7"": 1, ""Seuil3"": 7, ""Seuil4"": 1}",delta_fatigue_term,0.10682367149758423,0.01757246376811672,0.16074879227053263
49,11,5,weighted_greedy,8-8-8-6-6-6,8,-8,26,18,8,EF2,EF,2,2,8,2,0,True,,False,0.23076923076923128,0.0,-0.015625,-0.25,-0.034855769230768274,4.440892098500626e-16,5.717548076923077,5.682692307692308,20,-4,0,0,0,0,-1,2,-9,-8,False,16,0.0,1,False,best_rejected_stop,marginal_utility_negative,14,8-8-8-6-6-6,132,15,"{""EF1"": 1, ""EF2"": 3, ""EF3"": 5, ""EF4"": 4, ""EF5"": 6, ""SL5"": 2, ""SL6"": 3, ""SL7"": 1, ""Seuil3"": 7, ""Seuil4"": 2}",delta_fatigue_term,0.21514423076923128,0.45633012820512775,0.491185897435896
49,12,5,weighted_greedy,8-8-8-8-6-6,8,-8,26,19,7,EF2,EF,2,2,8,2,0,True,,False,0.23076923076923128,0.0,-0.017187499999999994,-0.25,-0.03641826923076863,8.326672684688674e-17,5.840745192307692,5.804326923076923,21,-4,0,0,0,0,-1,2,-9,-8,False,16,0.0,1,False,best_rejected_stop,marginal_utility_negative,15,8-8-8-8-6-6,150,17,"{""EF1"": 1, ""EF2"": 4, ""EF3"": 5, ""EF4"": 4, ""EF5"": 7, ""SL5"": 2, ""SL6"": 3, ""SL7"": 2, ""Seuil3"": 7, ""Seuil4"": 3}",delta_fatigue_term,0.2135817307692313,0.4537259615384608,0.4901442307692294
49,14,5,weighted_greedy,8-8-8-8-6-6,8,-8,25,19,6,EF4,EF,4,4,7,4,0,True,,False,0.48,0.0,-0.005357142857142866,-0.5,-0.025357142857142634,2.498001805406602e-16,5.949642857142857,5.924285714285714,23,-2,0,0,0,0,0,3,-8,-8,False,16,0.0,1,False,best_rejected_stop,marginal_utility_negative,15,8-8-8-8-6-6,183,20,"{""EF1"": 1, ""EF2"": 6, ""EF3"": 5, ""EF4"": 6, ""EF5"": 8, ""SL5"": 2, ""SL6"": 3, ""SL7"": 2, ""SL8"": 1, ""Seuil3"": 7, ""Seuil4"": 5}",delta_fatigue_term,0.23732142857142857,0.47107142857142925,0.4964285714285719
49,15,5,weighted_greedy,8-8-8-8-6-6,8,-8,26,19,7,EF2,EF,2,2,8,2,0,True,,False,0.23076923076923128,0.0,-0.017187499999999994,-0.25,-0.03641826923076863,8.326672684688674e-17,5.840745192307692,5.804326923076923,21,-4,0,0,0,0,-1,2,-9,-8,False,16,0.0,1,False,best_rejected_stop,marginal_utility_negative,15,8-8-8-8-6-6,202,22,"{""EF1"": 1, ""EF2"": 6, ""EF3"": 6, ""EF4"": 6, ""EF5"": 9, ""SL5"": 2, ""SL6"": 3, ""SL7"": 3, ""SL8"": 1, ""Seuil3"": 7, ""Seuil4"": 6}",delta_fatigue_term,0.2135817307692313,0.4537259615384608,0.4901442307692294
49,16,5,weighted_greedy,8-8-8-8-6-6,8,-8,27,19,8,EF2,EF,2,2,8,2,0,True,,False,0.22222222222222232,0.0,-0.017187499999999994,-0.25,-0.044965277777777146,5.273559366969494e-16,5.759548611111111,5.714583333333334,21,-4,0,0,0,0,-1,2,-9,-8,False,16,0.0,1,False,best_rejected_stop,marginal_utility_negative,16,8-8-8-8-6-6,221,24,"{""EF1"": 1, ""EF2"": 7, ""EF3"": 6, ""EF4"": 6, ""EF5"": 10, ""SL5"": 2, ""SL6"": 3, ""SL7"": 3, ""SL8"": 2, ""Seuil3"": 7, ""Seuil4"": 7}",delta_fatigue_term,0.20503472222222233,0.43663194444444375,0.4815972222222209
50,1,3,weighted_greedy,6-6-6-6,6,0,13,4,9,EF1,EF,1,1,6,1,0,True,,False,0.23076923076923084,0.0,-0.013888888888888881,-0.75,-0.533119658119658,0.0,3.0064102564102564,2.4732905982905984,5,-9,0,0,0,0,-4,0,-4,-4,False,10,0.0,1,False,best_rejected_stop,marginal_utility_negative,2,6-6-6-6,0,0,{},delta_fatigue_term,0.07229344729344732,0.4615384615384617,0.9946581196581197
50,2,6,weighted_greedy,6-6-6-6,6,-4,13,12,1,EF1,EF,1,1,6,1,0,True,,False,0.23076923076923084,0.0,-0.009722222222222215,-0.25,-0.028952991452991128,2.498001805406602e-16,5.869230769230769,5.840277777777778,13,-1,0,0,0,0,0,0,-4,-4,False,10,0.0,1,False,best_rejected_stop,marginal_utility_negative,6,6-6-6-6,4,0,"{""EF2"": 2}",delta_fatigue_term,0.22104700854700862,0.21618589743589745,0.24513888888888857
50,3,5,weighted_greedy,6-6-6-6,6,-4,14,12,2,EF1,EF,1,1,6,1,0,True,,False,0.2142857142857144,0.0,-0.016666666666666663,-0.25,-0.052380952380952195,5.551115123125783e-17,5.696428571428571,5.644047619047619,13,-1,0,0,0,0,0,0,-4,-4,False,10,0.0,1,False,best_rejected_stop,marginal_utility_negative,8,6-6-6-6,16,2,"{""EF1"": 1, ""EF2"": 3, ""EF3"": 1, ""Seuil3"": 2}",delta_fatigue_term,0.19761904761904775,1.8710317460317456,1.9234126984126978
50,7,3,weighted_greedy,8-8-6-6-6,8,-6,20,10,10,EF1,EF,1,1,7,1,0,True,,False,0.15000000000000013,0.0,-0.047619047619047616,-0.75,-0.6476190476190471,4.440892098500626e-16,5.178571428571429,4.530952380952381,11,-9,0,0,0,0,-4,0,-10,-8,False,16,0.0,1,False,best_rejected_stop,marginal_utility_negative,12,8-8-6-6-6,65,8,"{""EF1"": 2, ""EF2"": 4, ""EF3"": 4, ""EF4"": 2, ""EF5"": 1, ""SL5"": 1, ""Seuil3"": 4, ""Seuil4"": 2, ""Seuil5"": 1}",delta_fatigue_term,0.03412698412698417,,
50,8,3,weighted_greedy,8-8-6-6-6,8,-8,18,11,7,EF5,EF,5,5,7,5,0,True,,False,0.833333333333333,0.0,-0.005952380952380959,-1.0,-0.17261904761904834,-4.163336342344337e-16,4.779761904761905,4.607142857142857,16,-4,0,0,0,0,-1,3,-9,-8,False,16,0.0,1,False,best_rejected_stop,marginal_utility_negative,13,8-8-6-6-6,75,9,"{""EF1"": 2, ""EF2"": 4, ""EF3"": 4, ""EF4"": 2, ""EF5"": 2, ""SL5"": 2, ""Seuil3"": 4, ""Seuil4"": 2, ""Seuil5"": 1}",delta_fatigue_term,0.20684523809523803,,
50,9,3,weighted_greedy,8-8-6-6-6,8,-8,19,11,8,EF5,EF,5,5,7,5,0,True,,False,0.7894736842105261,0.0,-0.005952380952380959,-1.0,-0.21647869674185483,2.7755575615628914e-17,4.68327067669173,4.466791979949875,16,-4,0,0,0,0,-1,3,-9,-8,False,16,0.0,1,False,best_rejected_stop,marginal_utility_negative,13,8-8-6-6-6,86,10,"{""EF1"": 2, ""EF2"": 4, ""EF3"": 4, ""EF4"": 2, ""EF5"": 3, ""SL5"": 2, ""SL6"": 1, ""Seuil3"": 4, ""Seuil4"": 2, ""Seuil5"": 1}",delta_fatigue_term,0.1958803258145363,,
50,10,5,weighted_greedy,8-8-6-6-6,8,-8,20,19,1,EF1,EF,1,1,8,1,0,True,,False,0.15000000000000036,0.0,-0.0234375,-0.5,-0.37343749999999964,0.0,5.7484375,5.375,20,1,1,1,0,0,0,0,-7,-7,False,15,0.0,1,False,best_rejected_stop,marginal_utility_negative,14,8-8-6-6-6,97,11,"{""EF1"": 2, ""EF2"": 4, ""EF3"": 4, ""EF4"": 2, ""EF5"": 4, ""SL5"": 2, ""SL6"": 2, ""Seuil3"": 4, ""Seuil4"": 2, ""Seuil5"": 1}",delta_fatigue_term,0.06328125000000018,1.4317708333333323,1.805208333333332
50,11,6,weighted_greedy,8-8-8-6-6-6,8,-8,23,22,1,EF1,EF,1,1,8,1,0,True,,False,0.13043478260869534,0.0,-0.01770833333333334,-0.25,-0.13727355072463787,1.1102230246251565e-16,6.007065217391305,5.869791666666667,23,-1,0,0,0,0,0,0,-8,-8,False,16,0.0,1,False,best_rejected_stop,marginal_utility_negative,14,8-8-8-6-6-6,116,13,"{""EF1"": 2, ""EF2"": 4, ""EF3"": 4, ""EF4"": 3, ""EF5"": 5, ""SL5"": 2, ""SL6"": 2, ""SL7"": 1, ""Seuil3"": 5, ""Seuil4"": 2, ""Seuil5"": 1}",delta_fatigue_term,0.112726449275362,0.018614130434783327,0.1558876811594212
50,13,5,weighted_greedy,8-8-8-8-6-6,8,-8,28,19,9,EF2,EF,2,2,8,2,0,True,,False,0.2142857142857144,0.0,-0.017187499999999994,-0.25,-0.05290178571428594,-3.608224830031759e-16,5.684151785714286,5.63125,21,-4,0,0,0,0,-1,2,-9,-8,False,16,0.0,1,False,best_rejected_stop,marginal_utility_negative,15,8-8-8-8-6-6,160,17,"{""EF1"": 2, ""EF2"": 6, ""EF3"": 4, ""EF4"": 5, ""EF5"": 7, ""SL5"": 2, ""SL6"": 2, ""SL7"": 3, ""Seuil3"": 5, ""Seuil4"": 4, ""Seuil5"": 1}",delta_fatigue_term,0.19709821428571442,0.42075892857142794,0.4736607142857139
50,15,5,weighted_greedy,8-8-8-8-6-6,8,-8,27,19,8,EF2,EF,2,2,8,2,0,True,,False,0.22222222222222232,0.0,-0.017187499999999994,-0.25,-0.044965277777777146,5.273559366969494e-16,5.759548611111111,5.714583333333334,21,-4,0,0,0,0,-1,2,-9,-8,False,16,0.0,1,False,best_rejected_stop,marginal_utility_negative,15,8-8-8-8-6-6,194,20,"{""EF1"": 2, ""EF2"": 7, ""EF3"": 4, ""EF4"": 6, ""EF5"": 9, ""SL5"": 2, ""SL6"": 3, ""SL7"": 3, ""SL8"": 1, ""Seuil3"": 5, ""Seuil4"": 5, ""Seuil5"": 1}",delta_fatigue_term,0.20503472222222233,0.43663194444444375,0.4815972222222209
50,16,6,weighted_greedy,8-8-8-8-6-6,8,-8,22,21,1,EF1,EF,1,1,7,1,0,True,,False,0.13636363636363624,0.0,-0.019047619047619035,-0.25,-0.1326839826839823,4.996003610813204e-16,6.263636363636364,6.130952380952381,22,-3,0,0,0,0,0,1,-8,-8,False,16,0.0,1,False,best_rejected_stop,marginal_utility_negative,16,8-8-8-8-6-6,213,22,"{""EF1"": 2, ""EF2"": 8, ""EF3"": 4, ""EF4"": 6, ""EF5"": 10, ""SL5"": 2, ""SL6"": 3, ""SL7"": 3, ""SL8"": 2, ""Seuil3"": 5, ""Seuil4"": 6, ""Seuil5"": 1}",delta_fatigue_term,0.11731601731601721,0.003084415584416078,0.13576839826839837
51,1,3,weighted_greedy,6-6-6-6,6,0,12,4,8,EF1,EF,1,1,5,1,0,True,,False,0.25,0.0,-0.016666666666666663,-0.75,-0.516666666666667,-4.440892098500626e-16,3.1,2.5833333333333335,5,-9,0,0,0,0,-4,0,-4,-4,False,10,0.0,1,False,best_rejected_stop,marginal_utility_negative,2,6-6-6-6,0,0,{},delta_fatigue_term,0.07777777777777778,0.5,1.016666666666667
51,4,5,weighted_greedy,6-6-6-6,6,-5,16,15,1,EF1,EF,1,1,6,1,0,True,,False,0.1875,0.0,-0.02291666666666667,-0.5,-0.33541666666666625,4.440892098500626e-16,5.21875,4.883333333333334,16,2,2,1,0,0,0,0,-3,-3,False,9,0.0,1,False,best_rejected_stop,marginal_utility_negative,9,6-6-6-6,27,3,"{""EF1"": 1, ""EF2"": 2, ""EF3"": 3, ""EF4"": 1, ""Seuil3"": 3}",delta_fatigue_term,0.08229166666666667,1.3020833333333335,1.6374999999999997
51,5,4,weighted_greedy,8-6-6-6,8,-4,15,13,2,EF1,EF,1,1,6,1,0,True,,False,0.19999999999999973,0.0,-0.03472222222222221,-0.25,-0.08472222222222214,3.3306690738754696e-16,4.280555555555556,4.195833333333333,14,-1,0,0,0,0,0,0,-4,-4,False,12,0.0,1,False,best_rejected_stop,marginal_utility_negative,11,8-6-6-6,42,5,"{""EF1"": 1, ""EF2"": 2, ""EF3"": 3, ""EF4"": 3, ""Seuil3"": 4, ""Seuil4"": 1}",delta_fatigue_term,0.16527777777777752,0.3222222222222215,0.40694444444444366
51,8,3,weighted_greedy,8-8-6-6-6,8,-5,17,11,6,EF5,EF,5,5,6,5,0,True,,False,0.8823529411764701,0.0,-0.0069444444444444475,-1.0,-0.12459150326797364,6.938893903907228e-16,4.9203431372549025,4.795751633986928,16,-4,0,0,0,0,-1,3,-6,-6,False,14,0.0,1,False,best_rejected_stop,marginal_utility_negative,12,8-8-6-6-6,87,8,"{""EF1"": 1, ""EF2"": 3, ""EF3"": 4, ""EF4"": 4, ""EF5"": 4, ""SL5"": 2, ""SL6"": 1, ""Seuil3"": 4, ""Seuil4"": 1}",delta_fatigue_term,0.21885212418300642,,
51,9,4,weighted_greedy,8-8-6-6-6,8,-8,17,16,1,EF1,EF,1,1,8,1,0,True,,False,0.17647058823529438,0.0,-0.03385416666666666,-0.25,-0.10738357843137258,-3.0531133177191805e-16,4.740196078431373,4.6328125,17,-3,0,0,0,0,0,1,-8,-8,False,16,0.0,1,False,best_rejected_stop,marginal_utility_negative,13,8-8-6-6-6,98,9,"{""EF1"": 1, ""EF2"": 3, ""EF3"": 4, ""EF4"": 4, ""EF5"": 5, ""SL5"": 2, ""SL6"": 2, ""Seuil3"": 4, ""Seuil4"": 1}",delta_fatigue_term,0.14261642156862772,0.1850490196078436,0.2924325980392162
51,10,5,weighted_greedy,8-8-6-6-6-6,8,-8,18,17,1,EF1,EF,1,1,8,1,0,True,,False,0.16666666666666696,0.0,-0.020312499999999997,-0.25,-0.10364583333333321,-1.8041124150158794e-16,6.466145833333333,6.3625,18,-5,0,0,0,0,-2,1,-10,-8,False,16,0.0,1,False,best_rejected_stop,marginal_utility_negative,13,8-8-6-6-6-6,114,10,"{""EF1"": 1, ""EF2"": 3, ""EF3"": 4, ""EF4"": 5, ""EF5"": 6, ""SL5"": 2, ""SL6"": 2, ""SL7"": 1, ""Seuil3"": 4, ""Seuil4"": 1}",delta_fatigue_term,0.14635416666666695,0.6640625,0.7677083333333332
51,11,6,weighted_greedy,8-8-8-6-6-6,8,-8,23,22,1,EF1,EF,1,1,8,1,0,True,,False,0.13043478260869534,0.0,-0.01770833333333334,-0.25,-0.13727355072463787,1.1102230246251565e-16,6.007065217391305,5.869791666666667,23,-1,0,0,0,0,0,0,-8,-8,False,16,0.0,1,False,best_rejected_stop,marginal_utility_negative,15,8-8-8-6-6-6,131,12,"{""EF1"": 2, ""EF2"": 3, ""EF3"": 4, ""EF4"": 5, ""EF5"": 7, ""SL5"": 2, ""SL6"": 2, ""SL7"": 2, ""Seuil3"": 4, ""Seuil4"": 2}",delta_fatigue_term,0.112726449275362,0.018614130434783327,0.1558876811594212
51,13,5,weighted_greedy,8-8-8-8-6-6,8,-8,26,19,7,EF2,EF,2,2,8,2,0,True,,False,0.23076923076923128,0.0,-0.017187499999999994,-0.25,-0.03641826923076863,8.326672684688674e-17,5.840745192307692,5.804326923076923,21,-4,0,0,0,0,-1,2,-9,-8,False,16,0.0,1,False,best_rejected_stop,marginal_utility_negative,15,8-8-8-8-6-6,175,16,"{""EF1"": 3, ""EF2"": 4, ""EF3"": 4, ""EF4"": 7, ""EF5"": 9, ""SL5"": 2, ""SL6"": 2, ""SL7"": 3, ""SL8"": 1, ""Seuil3"": 4, ""Seuil4"": 4}",delta_fatigue_term,0.2135817307692313,0.4537259615384608,0.4901442307692294
51,14,5,weighted_greedy,8-8-8-8-6-6,8,-8,25,19,6,EF4,EF,4,4,8,4,0,True,,False,0.48,0.0,-0.004687500000000011,-0.5,-0.02468750000000064,-6.106226635438361e-16,5.9284375,5.9037500000000005,23,-2,0,0,0,0,0,3,-8,-8,False,16,0.0,1,False,best_rejected_stop,marginal_utility_negative,16,8-8-8-8-6-6,194,18,"{""EF1"": 3, ""EF2"": 5, ""EF3"": 4, ""EF4"": 7, ""EF5"": 10, ""SL5"": 2, ""SL6"": 2, ""SL7"": 3, ""SL8"": 2, ""Seuil3"": 4, ""Seuil4"": 5}",delta_fatigue_term,0.23765624999999999,0.4721875000000004,0.49687500000000107
51,15,5,weighted_greedy,8-8-8-8-6-6,8,-8,24,19,5,EF4,EF,4,4,8,4,0,True,,False,0.5,0.0,-0.004687500000000011,-0.5,-0.004687500000000178,-1.6653345369377348e-16,6.0234375,6.01875,23,-2,0,0,0,0,0,3,-8,-8,False,16,0.0,1,False,best_rejected_stop,marginal_utility_negative,16,8-8-8-8-6-6,213,20,"{""EF1"": 3, ""EF2"": 6, ""EF3"": 4, ""EF4"": 7, ""EF5"": 11, ""SL5"": 2, ""SL6"": 2, ""SL7"": 3, ""SL8"": 3, ""Seuil3"": 4, ""Seuil4"": 6}",delta_fatigue_term,0.24765625,0.4921875,0.4968750000000002
51,16,5,weighted_greedy,8-8-8-8-6-6,8,-8,27,19,8,EF2,EF,2,2,7,2,0,True,,False,0.22222222222222232,0.0,-0.019642857142857156,-0.25,-0.0474206349206332,1.6375789613221059e-15,5.780753968253968,5.733333333333333,21,-4,0,0,0,0,-1,2,-9,-8,False,16,0.0,1,False,best_rejected_stop,marginal_utility_negative,16,8-8-8-8-6-6,232,22,"{""EF1"": 3, ""EF2"": 7, ""EF3"": 4, ""EF4"": 7, ""EF5"": 12, ""SL5"": 2, ""SL6"": 2, ""SL7"": 3, ""SL8"": 4, ""Seuil3"": 4, ""Seuil4"": 7}",delta_fatigue_term,0.20257936507936516,0.4355158730158726,0.4829365079365058
52,1,3,weighted_greedy,6-6-6-6,6,0,14,4,10,EF1,EF,1,1,6,1,0,True,,False,0.2142857142857143,0.0,-0.013888888888888881,-0.75,-0.5496031746031749,-3.3306690738754696e-16,2.9404761904761902,2.390873015873016,5,-9,0,0,0,0,-4,0,-4,-4,False,10,0.0,1,False,best_rejected_stop,marginal_utility_negative,2,6-6-6-6,0,0,{},delta_fatigue_term,0.0667989417989418,0.4285714285714288,0.9781746031746037
52,5,4,weighted_greedy,6-6-6-6,6,-6,13,12,1,EF1,EF,1,1,5,1,0,True,,False,0.23076923076923084,0.0,-0.037500000000000006,-0.25,-0.056730769230769695,-5.273559366969494e-16,4.469230769230769,4.4125,13,-1,0,0,0,0,0,0,-6,-6,False,12,0.0,1,False,best_rejected_stop,marginal_utility_negative,11,6-6-6-6,35,3,"{""EF2"": 4, ""EF3"": 3, ""EF4"": 2, ""Seuil3"": 2, ""Seuil4"": 1}",delta_fatigue_term,0.19326923076923083,0.16153846153846096,0.21826923076923066
52,6,3,weighted_greedy,8-6-6-6,8,-6,7,6,1,EF1,EF,1,1,3,1,0,True,,False,0.4285714285714288,0.0,-0.05555555555555555,-0.5,-0.12698412698412653,1.942890293094024e-16,5.571428571428571,5.444444444444445,7,-8,0,0,0,0,-4,0,-10,-8,False,16,0.0,1,False,best_rejected_stop,marginal_utility_negative,11,8-6-6-6,47,4,"{""EF2"": 5, ""EF3"": 3, ""EF4"": 2, ""EF5"": 1, ""SL5"": 1, ""Seuil3"": 2, ""Seuil4"": 1}",delta_fatigue_term,0.18650793650793662,2.0357142857142856,2.162698412698412
52,7,3,weighted_greedy,8-6-6-6-6,8,-8,17,10,7,EF5,EF,5,5,8,5,0,True,,False,0.8823529411764706,0.0,0.0,-1.0,-0.11764705882352988,-4.440892098500626e-16,4.670955882352941,4.553308823529411,15,-4,0,0,0,0,-1,3,-9,-8,False,16,0.0,1,False,best_rejected_stop,marginal_utility_negative,11,8-6-6-6-6,53,5,"{""EF2"": 5, ""EF3"": 4, ""EF4"": 2, ""EF5"": 1, ""SL5"": 1, ""Seuil3"": 3, ""Seuil4"": 1}",delta_fatigue_term,0.22058823529411764,,
52,9,3,weighted_greedy,8-8-6-6-6,8,-8,18,11,7,EF5,EF,5,5,7,5,0,True,,False,0.833333333333333,0.0,-0.005952380952380959,-1.0,-0.17261904761904834,-4.163336342344337e-16,4.779761904761905,4.607142857142857,16,-4,0,0,0,0,-1,3,-9,-8,False,16,0.0,1,False,best_rejected_stop,marginal_utility_negative,12,8-8-6-6-6,81,8,"{""EF2"": 5, ""EF3"": 4, ""EF4"": 3, ""EF5"": 3, ""SL5"": 2, ""SL6"": 1, ""Seuil3"": 4, ""Seuil4"": 1}",delta_fatigue_term,0.20684523809523803,,
52,10,3,weighted_greedy,8-8-6-6-6,8,-8,18,11,7,EF5,EF,5,5,6,5,0,True,,False,0.833333333333333,0.0,-0.0069444444444444475,-1.0,-0.1736111111111116,-1.942890293094024e-16,4.8125,4.638888888888888,16,-4,0,0,0,0,-1,3,-9,-8,False,16,0.0,1,False,best_rejected_stop,marginal_utility_negative,13,8-8-6-6-6,92,9,"{""EF2"": 5, ""EF3"": 4, ""EF4"": 3, ""EF5"": 4, ""SL5"": 2, ""SL6"": 2, ""Seuil3"": 4, ""Seuil4"": 1}",delta_fatigue_term,0.20659722222222215,,
52,12,5,weighted_greedy,8-8-8-6-6-6,8,-8,27,18,9,EF2,EF,2,2,8,2,0,True,,False,0.22222222222222232,0.0,-0.015625,-0.25,-0.04340277777777768,0.0,5.640625,5.597222222222222,20,-4,0,0,0,0,-1,2,-9,-8,False,16,0.0,1,False,best_rejected_stop,marginal_utility_negative,14,8-8-8-6-6-6,124,12,"{""EF2"": 6, ""EF3"": 4, ""EF4"": 4, ""EF5"": 6, ""SL5"": 2, ""SL6"": 4, ""Seuil3"": 4, ""Seuil4"": 2}",delta_fatigue_term,0.20659722222222232,0.4392361111111107,0.4826388888888884
52,14,5,weighted_greedy,8-8-8-8-6-6,8,-8,25,19,6,EF4,EF,4,4,7,4,0,True,,False,0.48,0.0,-0.005357142857142866,-0.5,-0.025357142857142634,2.498001805406602e-16,5.949642857142857,5.924285714285714,23,-2,0,0,0,0,0,3,-8,-8,False,16,0.0,1,False,best_rejected_stop,marginal_utility_negative,15,8-8-8-8-6-6,164,16,"{""EF2"": 8, ""EF3"": 4, ""EF4"": 5, ""EF5"": 8, ""SL5"": 2, ""SL6"": 4, ""SL7"": 2, ""Seuil3"": 4, ""Seuil4"": 4}",delta_fatigue_term,0.23732142857142857,0.47107142857142925,0.4964285714285719
52,16,5,weighted_greedy,8-8-8-8-6-6,8,-8,24,19,5,EF4,EF,4,4,7,4,0,True,,False,0.5,0.0,-0.005357142857142866,-0.5,-0.005357142857142172,6.938893903907228e-16,6.044642857142857,6.039285714285715,23,-2,0,0,0,0,0,3,-8,-8,False,16,0.0,1,False,best_rejected_stop,marginal_utility_negative,15,8-8-8-8-6-6,206,20,"{""EF2"": 9, ""EF3"": 5, ""EF4"": 6, ""EF5"": 10, ""SL5"": 2, ""SL6"": 4, ""SL7"": 3, ""SL8"": 1, ""Seuil3"": 4, ""Seuil4"": 6}",delta_fatigue_term,0.24732142857142858,0.49107142857142794,0.4964285714285701
53,1,3,weighted_greedy,6-6-6-6,6,0,14,4,10,EF1,EF,1,1,5,1,0,True,,False,0.2142857142857143,0.0,-0.016666666666666663,-0.75,-0.5523809523809526,-2.220446049250313e-16,2.9571428571428573,2.4047619047619047,5,-9,0,0,0,0,-4,0,-4,-4,False,10,0.0,1,False,best_rejected_stop,marginal_utility_negative,2,6-6-6-6,0,0,{},delta_fatigue_term,0.06587301587301587,0.4285714285714288,0.9809523809523815
53,3,5,weighted_greedy,6-6-6-6,6,-3,16,12,4,EF1,EF,1,1,6,1,0,True,,False,0.1875,0.0,-0.016666666666666663,-0.25,-0.07916666666666661,5.551115123125783e-17,5.375,5.295833333333333,13,-1,0,0,0,0,0,0,-3,-3,False,9,0.0,1,False,best_rejected_stop,marginal_utility_negative,8,6-6-6-6,19,3,"{""EF1"": 1, ""EF2"": 3, ""EF3"": 1, ""Seuil3"": 3}",delta_fatigue_term,0.17083333333333334,1.7638888888888888,1.8430555555555554
53,4,3,weighted_greedy,8-6-6-6,8,-3,8,6,2,EF2,EF,2,2,3,2,0,True,,False,0.75,0.0,-0.02777777777777779,-0.75,-0.02777777777777768,1.1102230246251565e-16,5.25,5.222222222222222,8,-7,0,0,0,0,-4,0,-7,-7,False,15,0.0,1,False,best_rejected_stop,marginal_utility_negative,9,8-6-6-6,31,5,"{""EF1"": 1, ""EF2"": 4, ""EF3"": 2, ""Seuil3"": 4, ""Seuil4"": 1}",delta_fatigue_term,0.24074074074074073,1.875,1.9027777777777777
53,7,3,weighted_greedy,8-8-6-6-6,8,-8,20,10,10,EF1,EF,1,1,6,1,0,True,,False,0.15000000000000013,0.0,-0.05555555555555558,-0.75,-0.6555555555555559,-4.440892098500626e-16,5.208333333333333,4.552777777777778,11,-9,0,0,0,0,-4,0,-12,-8,False,16,0.0,1,False,best_rejected_stop,marginal_utility_negative,12,8-8-6-6-6,65,9,"{""EF1"": 2, ""EF2"": 6, ""EF3"": 4, ""EF4"": 2, ""Seuil3"": 5, ""Seuil4"": 4}",delta_fatigue_term,0.03148148148148152,,
53,8,3,weighted_greedy,8-8-6-6-6,8,-8,17,10,7,EF1,EF,1,1,7,1,0,True,,False,0.17647058823529438,0.0,-0.047619047619047616,-0.75,-0.6211484593837522,1.1102230246251565e-15,5.44327731092437,4.822128851540617,11,-9,0,0,0,0,-4,0,-12,-8,False,16,0.0,1,False,best_rejected_stop,marginal_utility_negative,12,8-8-6-6-6,75,10,"{""EF1"": 2, ""EF2"": 6, ""EF3"": 4, ""EF4"": 2, ""EF5"": 1, ""SL5"": 1, ""Seuil3"": 5, ""Seuil4"": 4}",delta_fatigue_term,0.04295051353874892,,
53,9,3,weighted_greedy,8-8-6-6-6,8,-8,18,11,7,EF5,EF,5,5,6,5,0,True,,False,0.833333333333333,0.0,-0.0069444444444444475,-1.0,-0.1736111111111116,-1.942890293094024e-16,4.8125,4.638888888888888,16,-4,0,0,0,0,-1,3,-9,-8,False,16,0.0,1,False,best_rejected_stop,marginal_utility_negative,13,8-8-6-6-6,85,11,"{""EF1"": 2, ""EF2"": 6, ""EF3"": 4, ""EF4"": 2, ""EF5"": 2, ""SL5"": 2, ""Seuil3"": 5, ""Seuil4"": 4}",delta_fatigue_term,0.20659722222222215,,
53,10,3,weighted_greedy,8-8-8-6-6,8,-8,20,11,9,EF1,EF,1,1,7,1,0,True,,False,0.1499999999999997,0.0,-0.053571428571428575,-0.75,-0.6535714285714285,4.440892098500626e-16,5.3464285714285715,4.692857142857143,12,-9,0,0,0,0,-4,0,-12,-8,False,16,0.0,1,False,best_rejected_stop,marginal_utility_negative,13,8-8-8-6-6,96,12,"{""EF1"": 2, ""EF2"": 6, ""EF3"": 4, ""EF4"": 2, ""EF5"": 3, ""SL5"": 2, ""SL6"": 1, ""Seuil3"": 5, ""Seuil4"": 4}",delta_fatigue_term,0.032142857142857036,,
53,12,4,weighted_greedy,8-8-8-6-6-6,8,-8,16,14,2,EF1,EF,1,1,6,1,0,True,,False,0.1875,0.0,-0.03819444444444445,-0.75,-0.6006944444444446,-2.220446049250313e-16,6.319444444444445,5.71875,15,-9,0,0,0,0,-4,0,-12,-8,False,16,0.0,1,False,best_rejected_stop,marginal_utility_negative,14,8-8-8-6-6-6,129,15,"{""EF1"": 2, ""EF2"": 7, ""EF3"": 4, ""EF4"": 3, ""EF5"": 5, ""SL5"": 2, ""SL6"": 2, ""SL7"": 1, ""Seuil3"": 5, ""Seuil4"": 5}",delta_fatigue_term,0.04976851851851852,0.5277777777777786,1.1284722222222232
53,13,6,weighted_greedy,8-8-8-8-6-6,8,-8,22,21,1,EF1,EF,1,1,8,1,0,True,,False,0.13636363636363624,0.0,-0.016666666666666677,-0.25,-0.13030303030302992,4.996003610813204e-16,6.244886363636364,6.114583333333333,22,-3,0,0,0,0,0,1,-8,-8,False,16,0.0,1,False,best_rejected_stop,marginal_utility_negative,14,8-8-8-8-6-6,143,16,"{""EF1"": 2, ""EF2"": 7, ""EF3"": 5, ""EF4"": 3, ""EF5"": 6, ""SL5"": 2, ""SL6"": 3, ""SL7"": 1, ""Seuil3"": 5, ""Seuil4"": 5}",delta_fatigue_term,0.11969696969696957,0.00553977272727213,0.13584280303030205
53,14,5,weighted_greedy,8-8-8-8-6-6,8,-8,25,19,6,EF4,EF,4,4,7,4,0,True,,False,0.48,0.0,-0.005357142857142866,-0.5,-0.025357142857142634,2.498001805406602e-16,5.949642857142857,5.924285714285714,23,-2,0,0,0,0,0,3,-8,-8,False,16,0.0,1,False,best_rejected_stop,marginal_utility_negative,15,8-8-8-8-6-6,164,18,"{""EF1"": 2, ""EF2"": 8, ""EF3"": 6, ""EF4"": 3, ""EF5"": 7, ""SL5"": 2, ""SL6"": 3, ""SL7"": 2, ""Seuil3"": 5, ""Seuil4"": 6}",delta_fatigue_term,0.23732142857142857,0.47107142857142925,0.4964285714285719
53,15,5,weighted_greedy,8-8-8-8-6-6,8,-8,26,19,7,EF2,EF,2,2,8,2,0,True,,False,0.23076923076923128,0.0,-0.017187499999999994,-0.25,-0.03641826923076863,8.326672684688674e-17,5.840745192307692,5.804326923076923,21,-4,0,0,0,0,-1,2,-9,-8,False,16,0.0,1,False,best_rejected_stop,marginal_utility_negative,15,8-8-8-8-6-6,183,20,"{""EF1"": 2, ""EF2"": 8, ""EF3"": 7, ""EF4"": 3, ""EF5"": 8, ""SL5"": 2, ""SL6"": 3, ""SL7"": 3, ""Seuil3"": 5, ""Seuil4"": 7}",delta_fatigue_term,0.2135817307692313,0.4537259615384608,0.4901442307692294
53,16,5,weighted_greedy,8-8-8-8-6-6,8,-8,27,19,8,EF2,EF,2,2,8,2,0,True,,False,0.22222222222222232,0.0,-0.017187499999999994,-0.25,-0.044965277777777146,5.273559366969494e-16,5.759548611111111,5.714583333333334,21,-4,0,0,0,0,-1,2,-9,-8,False,16,0.0,1,False,best_rejected_stop,marginal_utility_negative,15,8-8-8-8-6-6,202,22,"{""EF1"": 2, ""EF2"": 9, ""EF3"": 7, ""EF4"": 3, ""EF5"": 9, ""SL5"": 2, ""SL6"": 3, ""SL7"": 3, ""SL8"": 1, ""Seuil3"": 5, ""Seuil4"": 8}",delta_fatigue_term,0.20503472222222233,0.43663194444444375,0.4815972222222209
54,1,3,weighted_greedy,6-6-6-6,6,0,12,4,8,EF1,EF,1,1,5,1,0,True,,False,0.25,0.0,-0.016666666666666663,-0.75,-0.516666666666667,-4.440892098500626e-16,3.1,2.5833333333333335,5,-9,0,0,0,0,-4,0,-4,-4,False,10,0.0,1,False,best_rejected_stop,marginal_utility_negative,2,6-6-6-6,0,0,{},delta_fatigue_term,0.07777777777777778,0.5,1.016666666666667
54,4,4,weighted_greedy,8-6-6-6,8,-3,15,13,2,EF1,EF,1,1,7,1,0,True,,False,0.19999999999999973,0.0,-0.02976190476190474,-0.25,-0.07976190476190492,8.326672684688674e-17,4.254761904761905,4.175,14,-1,0,0,0,0,0,0,-3,-3,False,11,0.0,1,False,best_rejected_stop,marginal_utility_negative,11,8-6-6-6,31,4,"{""EF2"": 2, ""EF3"": 2, ""EF4"": 2, ""Seuil3"": 3, ""Seuil4"": 1}",delta_fatigue_term,0.170238095238095,0.32619047619047636,0.4059523809523813
54,5,5,weighted_greedy,8-6-6-6,8,-3,17,16,1,EF1,EF,1,1,8,1,0,True,,False,0.17647058823529438,0.0,-0.018750000000000003,-0.5,-0.34227941176470544,1.6653345369377348e-16,5.198529411764706,4.85625,17,2,2,1,0,0,0,0,-1,-1,False,9,0.0,1,False,best_rejected_stop,marginal_utility_negative,11,8-6-6-6,44,5,"{""EF2"": 2, ""EF3"": 3, ""EF4"": 2, ""EF5"": 1, ""SL5"": 1, ""Seuil3"": 3, ""Seuil4"": 1}",delta_fatigue_term,0.0788602941176472,1.2689950980392157,1.6112745098039212
54,6,3,weighted_greedy,8-6-6-6-6,8,-2,18,10,8,EF5,EF,5,5,5,5,0,True,,False,0.8333333333333333,0.0,0.0,-1.0,-0.16666666666666696,-2.220446049250313e-16,4.666666666666667,4.5,15,-4,0,0,0,0,-1,3,-3,-3,False,11,0.0,1,False,best_rejected_stop,marginal_utility_negative,12,8-6-6-6-6,60,7,"{""EF2"": 2, ""EF3"": 4, ""EF4"": 2, ""EF5"": 2, ""SL5"": 2, ""Seuil3"": 4, ""Seuil4"": 1}",delta_fatigue_term,0.20833333333333331,,
54,7,3,weighted_greedy,8-8-6-6-6,8,-6,19,11,8,EF5,EF,5,5,7,5,0,True,,False,0.7894736842105261,0.0,-0.005952380952380959,-1.0,-0.21647869674185483,2.7755575615628914e-17,4.68327067669173,4.466791979949875,16,-4,0,0,0,0,-1,3,-7,-7,False,15,0.0,1,False,best_rejected_stop,marginal_utility_negative,12,8-8-6-6-6,70,8,"{""EF2"": 2, ""EF3"": 4, ""EF4"": 2, ""EF5"": 3, ""SL5"": 3, ""Seuil3"": 4, ""Seuil4"": 1}",delta_fatigue_term,0.1958803258145363,,
54,8,3,weighted_greedy,8-8-6-6-6,8,-8,17,10,7,EF1,EF,1,1,5,1,0,True,,False,0.17647058823529438,0.0,-0.06666666666666668,-0.75,-0.640196078431372,2.220446049250313e-16,5.514705882352941,4.874509803921569,11,-9,0,0,0,0,-4,0,-12,-8,False,16,0.0,1,False,best_rejected_stop,marginal_utility_negative,12,8-8-6-6-6,81,9,"{""EF2"": 2, ""EF3"": 4, ""EF4"": 2, ""EF5"": 4, ""SL5"": 3, ""SL6"": 1, ""Seuil3"": 4, ""Seuil4"": 1}",delta_fatigue_term,0.03660130718954257,,
54,9,3,weighted_greedy,8-8-6-6-6,8,-8,14,11,3,EF3,EF,3,3,7,3,0,True,,False,0.6428571428571428,0.0,-0.02976190476190474,-0.75,-0.13690476190476186,8.326672684688674e-17,5.303571428571429,5.166666666666667,14,-6,0,0,0,0,-3,1,-11,-8,False,16,0.0,1,False,best_rejected_stop,marginal_utility_negative,12,8-8-6-6-6,91,10,"{""EF2"": 2, ""EF3"": 4, ""EF4"": 2, ""EF5"": 5, ""SL5"": 4, ""SL6"": 1, ""Seuil3"": 4, ""Seuil4"": 1}",delta_fatigue_term,0.20436507936507933,,
54,10,6,weighted_greedy,8-8-6-6-6-6,8,-8,22,21,1,EF1,EF,1,1,6,1,0,True,,False,0.13636363636363624,0.0,-0.022222222222222254,-0.25,-0.13585858585858546,5.551115123125783e-16,6.038636363636364,5.902777777777778,22,-1,0,0,0,0,0,0,-8,-8,False,16,0.0,1,False,best_rejected_stop,marginal_utility_negative,13,8-8-6-6-6-6,102,11,"{""EF2"": 2, ""EF3"": 4, ""EF4"": 2, ""EF5"": 6, ""SL5"": 4, ""SL6"": 2, ""Seuil3"": 4, ""Seuil4"": 1}",delta_fatigue_term,0.11414141414141399,0.043371212121211755,0.1792297979797972
54,13,5,weighted_greedy,8-8-8-8-6-6,8,-8,28,19,9,EF2,EF,2,2,7,2,0,True,,False,0.2142857142857144,0.0,-0.019642857142857156,-0.25,-0.055357142857141994,7.494005416219807e-16,5.705357142857142,5.65,21,-4,0,0,0,0,-1,2,-9,-8,False,16,0.0,1,False,best_rejected_stop,marginal_utility_negative,15,8-8-8-8-6-6,167,17,"{""EF2"": 5, ""EF3"": 4, ""EF4"": 5, ""EF5"": 9, ""SL5"": 4, ""SL6"": 3, ""SL7"": 2, ""Seuil3"": 4, ""Seuil4"": 4}",delta_fatigue_term,0.19464285714285726,0.41964285714285676,0.47499999999999876
54,14,5,weighted_greedy,8-8-8-8-6-6,8,-8,26,19,7,EF2,EF,2,2,8,2,0,True,,False,0.23076923076923128,0.0,-0.017187499999999994,-0.25,-0.03641826923076863,8.326672684688674e-17,5.840745192307692,5.804326923076923,21,-4,0,0,0,0,-1,2,-9,-8,False,16,0.0,1,False,best_rejected_stop,marginal_utility_negative,15,8-8-8-8-6-6,186,19,"{""EF2"": 5, ""EF3"": 5, ""EF4"": 5, ""EF5"": 10, ""SL5"": 4, ""SL6"": 3, ""SL7"": 3, ""Seuil3"": 4, ""Seuil4"": 5}",delta_fatigue_term,0.2135817307692313,0.4537259615384608,0.4901442307692294
54,15,5,weighted_greedy,8-8-8-8-6-6,8,-8,26,19,7,EF2,EF,2,2,8,2,0,True,,False,0.23076923076923128,0.0,-0.017187499999999994,-0.25,-0.03641826923076863,8.326672684688674e-17,5.840745192307692,5.804326923076923,21,-4,0,0,0,0,-1,2,-9,-8,False,16,0.0,1,False,best_rejected_stop,marginal_utility_negative,15,8-8-8-8-6-6,205,21,"{""EF2"": 6, ""EF3"": 5, ""EF4"": 5, ""EF5"": 11, ""SL5"": 4, ""SL6"": 3, ""SL7"": 3, ""SL8"": 1, ""Seuil3"": 4, ""Seuil4"": 6}",delta_fatigue_term,0.2135817307692313,0.4537259615384608,0.4901442307692294
55,1,3,weighted_greedy,6-6-6-6,6,0,11,4,7,EF1,EF,1,1,6,1,0,True,,False,0.2727272727272727,0.0,-0.013888888888888881,-0.75,-0.4911616161616159,2.7755575615628914e-16,3.1742424242424243,2.683080808080808,5,-9,0,0,0,0,-4,0,-4,-4,False,10,0.0,1,False,best_rejected_stop,marginal_utility_negative,2,6-6-6-6,0,0,{},delta_fatigue_term,0.08627946127946128,0.545454545454545,1.0366161616161609
55,3,5,weighted_greedy,6-6-6-6,6,-4,15,13,2,EF1,EF,1,1,6,1,0,True,,False,0.19999999999999973,0.0,-0.018750000000000003,-0.25,-0.06875000000000053,-2.636779683484747e-16,5.485416666666667,5.416666666666666,14,0,0,0,0,0,0,0,-4,-4,False,10,0.0,1,False,best_rejected_stop,marginal_utility_negative,7,6-6-6-6,15,1,"{""EF2"": 3, ""EF3"": 2, ""Seuil3"": 1}",delta_fatigue_term,0.18124999999999974,1.5965277777777778,1.6652777777777783
55,4,4,weighted_greedy,6-6-6-6,6,-4,13,12,1,EF1,EF,1,1,5,1,0,True,,False,0.23076923076923084,0.0,-0.037500000000000006,-0.25,-0.056730769230769695,-5.273559366969494e-16,4.469230769230769,4.4125,13,-1,0,0,0,0,0,0,-4,-4,False,10,0.0,1,False,best_rejected_stop,marginal_utility_negative,9,6-6-6-6,28,3,"{""EF2"": 3, ""EF3"": 3, ""EF4"": 1, ""Seuil3"": 3}",delta_fatigue_term,0.19326923076923083,0.42307692307692335,0.47980769230769305
55,6,3,weighted_greedy,8-6-6-6-6,8,-3,21,10,11,EF5,EF,5,5,6,5,0,True,,False,0.7142857142857144,0.0,0.0,-1.0,-0.2857142857142856,0.0,4.386904761904762,4.101190476190476,15,-4,0,0,0,0,-1,3,-4,-4,False,12,0.0,1,False,best_rejected_stop,marginal_utility_negative,11,8-6-6-6-6,56,6,"{""EF2"": 3, ""EF3"": 4, ""EF4"": 3, ""EF5"": 1, ""SL5"": 1, ""Seuil3"": 4, ""Seuil4"": 1}",delta_fatigue_term,0.1785714285714286,,
55,7,4,weighted_greedy,8-6-6-6-6,8,-7,14,13,1,EF1,EF,1,1,6,1,0,True,,False,0.2142857142857144,0.0,-0.03472222222222221,-0.25,-0.07043650793650791,-1.1102230246251565e-16,4.966269841269841,4.895833333333333,14,-5,0,0,0,0,-2,1,-9,-8,False,16,0.0,1,False,best_rejected_stop,marginal_utility_negative,12,8-6-6-6-6,66,7,"{""EF2"": 3, ""EF3"": 4, ""EF4"": 3, ""EF5"": 2, ""SL5"": 2, ""Seuil3"": 4, ""Seuil4"": 1}",delta_fatigue_term,0.1795634920634922,0.12996031746031722,0.20039682539682513
55,8,3,weighted_greedy,8-8-6-6-6,8,-8,15,11,4,EF3,EF,3,3,8,3,0,True,,False,0.6000000000000001,0.0,-0.026041666666666657,-0.75,-0.17604166666666643,1.3877787807814457e-16,5.121874999999999,4.945833333333333,14,-6,0,0,0,0,-3,1,-11,-8,False,16,0.0,1,False,best_rejected_stop,marginal_utility_negative,12,8-8-6-6-6,79,8,"{""EF2"": 4, ""EF3"": 4, ""EF4"": 3, ""EF5"": 3, ""SL5"": 2, ""SL6"": 1, ""Seuil3"": 4, ""Seuil4"": 1}",delta_fatigue_term,0.1913194444444445,,
55,9,4,weighted_greedy,8-8-6-6-6,8,-8,15,14,1,EF1,EF,1,1,7,1,0,True,,False,0.20000000000000018,0.0,-0.03273809523809526,-0.25,-0.08273809523809561,-5.273559366969494e-16,4.966666666666667,4.883928571428571,15,-5,0,0,0,0,-2,1,-10,-8,False,16,0.0,1,False,best_rejected_stop,marginal_utility_negative,13,8-8-6-6-6,90,9,"{""EF2"": 4, ""EF3"": 4, ""EF4"": 3, ""EF5"": 4, ""SL5"": 2, ""SL6"": 2, ""Seuil3"": 4, ""Seuil4"": 1}",delta_fatigue_term,0.16726190476190492,0.10238095238095202,0.18511904761904763
55,10,5,weighted_greedy,8-8-6-6-6-6,8,-8,18,17,1,EF1,EF,1,1,7,1,0,True,,False,0.16666666666666696,0.0,-0.023214285714285687,-0.25,-0.10654761904761845,2.7755575615628914e-16,6.4851190476190474,6.378571428571429,18,-5,0,0,0,0,-2,1,-10,-8,False,16,0.0,1,False,best_rejected_stop,marginal_utility_negative,13,8-8-6-6-6-6,104,10,"{""EF2"": 5, ""EF3"": 4, ""EF4"": 3, ""EF5"": 5, ""SL5"": 2, ""SL6"": 2, ""SL7"": 1, ""Seuil3"": 4, ""Seuil4"": 1}",delta_fatigue_term,0.14345238095238128,0.6636904761904763,0.7702380952380947
55,11,5,weighted_greedy,8-8-8-6-6-6,8,-8,26,18,8,EF2,EF,2,2,7,2,0,True,,False,0.23076923076923128,0.0,-0.017857142857142877,-0.25,-0.037087912087910624,9.71445146547012e-16,5.737637362637362,5.700549450549451,20,-4,0,0,0,0,-1,2,-9,-8,False,16,0.0,1,False,best_rejected_stop,marginal_utility_negative,15,8-8-8-6-6-6,121,12,"{""EF1"": 1, ""EF2"": 5, ""EF3"": 4, ""EF4"": 3, ""EF5"": 6, ""SL5"": 2, ""SL6"": 2, ""SL7"": 2, ""Seuil3"": 4, ""Seuil4"": 2}",delta_fatigue_term,0.2129120879120884,0.4555860805860803,0.4926739926739909
55,14,5,weighted_greedy,8-8-8-8-6-6,8,-8,24,19,5,EF4,EF,4,4,8,4,0,True,,False,0.5,0.0,-0.004687500000000011,-0.5,-0.004687500000000178,-1.6653345369377348e-16,6.0234375,6.01875,23,-2,0,0,0,0,0,3,-8,-8,False,16,0.0,1,False,best_rejected_stop,marginal_utility_negative,16,8-8-8-8-6-6,184,18,"{""EF1"": 2, ""EF2"": 7, ""EF3"": 4, ""EF4"": 5, ""EF5"": 9, ""SL5"": 2, ""SL6"": 2, ""SL7"": 3, ""SL8"": 2, ""Seuil3"": 4, ""Seuil4"": 5}",delta_fatigue_term,0.24765625,0.4921875,0.4968750000000002
55,16,5,weighted_greedy,8-8-8-8-6-6,8,-8,24,19,5,EF4,EF,4,4,8,4,0,True,,False,0.5,0.0,-0.004687500000000011,-0.5,-0.004687500000000178,-1.6653345369377348e-16,6.0234375,6.01875,23,-2,0,0,0,0,0,3,-8,-8,False,16,0.0,1,False,best_rejected_stop,marginal_utility_negative,16,8-8-8-8-6-6,226,22,"{""EF1"": 2, ""EF2"": 8, ""EF3"": 4, ""EF4"": 6, ""EF5"": 12, ""SL5"": 3, ""SL6"": 2, ""SL7"": 3, ""SL8"": 3, ""Seuil3"": 4, ""Seuil4"": 7}",delta_fatigue_term,0.24765625,0.4921875,0.4968750000000002
56,1,3,weighted_greedy,6-6-6-6,6,0,15,4,11,EF1,EF,1,1,6,1,0,True,,False,0.19999999999999996,0.0,-0.013888888888888881,-0.75,-0.5638888888888887,2.220446049250313e-16,2.8833333333333333,2.3194444444444446,5,-9,0,0,0,0,-4,0,-4,-4,False,10,0.0,1,False,best_rejected_stop,marginal_utility_negative,2,6-6-6-6,0,0,{},delta_fatigue_term,0.06203703703703702,0.3999999999999999,0.9638888888888886
56,2,6,weighted_greedy,6-6-6-6,6,-4,13,12,1,EF1,EF,1,1,5,1,0,True,,False,0.23076923076923084,0.0,-0.011666666666666672,-0.25,-0.030897435897435876,-4.163336342344337e-17,5.889230769230769,5.858333333333333,13,-1,0,0,0,0,0,0,-4,-4,False,10,0.0,1,False,best_rejected_stop,marginal_utility_negative,6,6-6-6-6,4,0,"{""EF2"": 2}",delta_fatigue_term,0.21910256410256418,0.21326923076923077,0.24416666666666664
56,4,4,weighted_greedy,6-6-6-6,6,-4,14,12,2,EF1,EF,1,1,6,1,0,True,,False,0.2142857142857144,0.0,-0.03125,-0.25,-0.06696428571428559,0.0,4.238095238095238,4.1711309523809526,13,-1,0,0,0,0,0,0,-4,-4,False,10,0.0,1,False,best_rejected_stop,marginal_utility_negative,9,6-6-6-6,28,3,"{""EF1"": 1, ""EF2"": 4, ""EF3"": 3, ""Seuil3"": 2, ""Seuil4"": 1}",delta_fatigue_term,0.1830357142857144,0.3571428571428572,0.4241071428571428
56,6,3,weighted_greedy,8-6-6-6-6,8,-5,14,10,4,EF3,EF,3,3,5,3,0,True,,False,0.6428571428571428,0.0,-0.033333333333333354,-0.75,-0.14047619047618998,5.828670879282072e-16,5.142857142857142,5.002380952380952,13,-6,0,0,0,0,-3,1,-8,-8,False,16,0.0,1,False,best_rejected_stop,marginal_utility_negative,12,8-6-6-6-6,51,5,"{""EF1"": 2, ""EF2"": 4, ""EF3"": 3, ""EF4"": 2, ""EF5"": 1, ""SL5"": 1, ""Seuil3"": 2, ""Seuil4"": 2}",delta_fatigue_term,0.20317460317460315,,
56,8,3,weighted_greedy,8-8-6-6-6,8,-8,14,10,4,EF1,EF,1,1,5,1,0,True,,False,0.2142857142857144,0.0,-0.06666666666666668,-0.75,-0.602380952380952,2.220446049250313e-16,5.892857142857142,5.29047619047619,11,-9,0,0,0,0,-4,0,-12,-8,False,16,0.0,1,False,best_rejected_stop,marginal_utility_negative,13,8-8-6-6-6,79,8,"{""EF1"": 2, ""EF2"": 4, ""EF3"": 3, ""EF4"": 3, ""EF5"": 3, ""SL5"": 2, ""SL6"": 1, ""Seuil3"": 3, ""Seuil4"": 2}",delta_fatigue_term,0.04920634920634925,,
56,9,3,weighted_greedy,8-8-6-6-6,8,-8,17,11,6,EF5,EF,5,5,8,5,0,True,,False,0.8823529411764701,0.0,-0.005208333333333343,-1.0,-0.12285539215686292,3.0531133177191805e-16,4.8630514705882355,4.740196078431373,16,-4,0,0,0,0,-1,3,-9,-8,False,16,0.0,1,False,best_rejected_stop,marginal_utility_negative,13,8-8-6-6-6,89,9,"{""EF1"": 2, ""EF2"": 4, ""EF3"": 3, ""EF4"": 3, ""EF5"": 4, ""SL5"": 3, ""SL6"": 1, ""Seuil3"": 3, ""Seuil4"": 2}",delta_fatigue_term,0.2192861519607842,,
56,11,6,weighted_greedy,8-8-8-6-6-6,8,-8,23,22,1,EF1,EF,1,1,8,1,0,True,,False,0.13043478260869534,0.0,-0.01770833333333334,-0.25,-0.13727355072463787,1.1102230246251565e-16,6.007065217391305,5.869791666666667,23,-1,0,0,0,0,0,0,-8,-8,False,16,0.0,1,False,best_rejected_stop,marginal_utility_negative,14,8-8-8-6-6-6,121,12,"{""EF1"": 2, ""EF2"": 5, ""EF3"": 3, ""EF4"": 4, ""EF5"": 6, ""SL5"": 3, ""SL6"": 3, ""Seuil3"": 3, ""Seuil4"": 3}",delta_fatigue_term,0.112726449275362,0.018614130434783327,0.1558876811594212
56,13,6,weighted_greedy,8-8-8-6-6-6,8,-8,23,22,1,EF1,EF,1,1,8,1,0,True,,False,0.13043478260869534,0.0,-0.01770833333333334,-0.25,-0.13727355072463787,1.1102230246251565e-16,6.007065217391305,5.869791666666667,23,-1,0,0,0,0,0,0,-8,-8,False,16,0.0,1,False,best_rejected_stop,marginal_utility_negative,14,8-8-8-6-6-6,157,15,"{""EF1"": 2, ""EF2"": 6, ""EF3"": 4, ""EF4"": 5, ""EF5"": 8, ""SL5"": 3, ""SL6"": 4, ""SL7"": 1, ""Seuil3"": 3, ""Seuil4"": 4}",delta_fatigue_term,0.112726449275362,0.018614130434783327,0.1558876811594212
56,14,5,weighted_greedy,8-8-8-8-6-6,8,-8,31,19,12,EF2,EF,2,2,8,2,0,True,,False,0.19354838709677402,0.0,-0.017187499999999994,-0.25,-0.07363911290322633,-3.608224830031759e-16,5.487147177419355,5.413508064516129,21,-4,0,0,0,0,-1,2,-9,-8,False,16,0.0,1,False,best_rejected_stop,marginal_utility_negative,15,8-8-8-8-6-6,179,17,"{""EF1"": 2, ""EF2"": 7, ""EF3"": 4, ""EF4"": 6, ""EF5"": 9, ""SL5"": 3, ""SL6"": 4, ""SL7"": 2, ""Seuil3"": 3, ""Seuil4"": 5}",delta_fatigue_term,0.17636088709677403,0.37928427419354893,0.45292338709677527
56,15,5,weighted_greedy,8-8-8-8-6-6,8,-8,27,19,8,EF2,EF,2,2,8,2,0,True,,False,0.22222222222222232,0.0,-0.017187499999999994,-0.25,-0.044965277777777146,5.273559366969494e-16,5.759548611111111,5.714583333333334,21,-4,0,0,0,0,-1,2,-9,-8,False,16,0.0,1,False,best_rejected_stop,marginal_utility_negative,15,8-8-8-8-6-6,198,19,"{""EF1"": 2, ""EF2"": 8, ""EF3"": 4, ""EF4"": 6, ""EF5"": 10, ""SL5"": 3, ""SL6"": 4, ""SL7"": 2, ""SL8"": 1, ""Seuil3"": 3, ""Seuil4"": 6}",delta_fatigue_term,0.20503472222222233,0.43663194444444375,0.4815972222222209
56,16,5,weighted_greedy,8-8-8-8-6-6,8,-8,24,19,5,EF4,EF,4,4,5,4,0,True,,False,0.5,0.0,-0.007500000000000007,-0.5,-0.007499999999999396,6.106226635438361e-16,6.1125,6.105,23,-2,0,0,0,0,0,3,-8,-8,False,16,0.0,1,False,best_rejected_stop,marginal_utility_negative,16,8-8-8-8-6-6,217,21,"{""EF1"": 2, ""EF2"": 9, ""EF3"": 4, ""EF4"": 6, ""EF5"": 11, ""SL5"": 3, ""SL6"": 4, ""SL7"": 2, ""SL8"": 2, ""Seuil3"": 3, ""Seuil4"": 7}",delta_fatigue_term,0.24625,0.4874999999999998,0.4949999999999992
57,1,3,weighted_greedy,6-6-6-6,6,0,13,4,9,EF1,EF,1,1,5,1,0,True,,False,0.23076923076923084,0.0,-0.016666666666666663,-0.75,-0.5358974358974358,0.0,3.023076923076923,2.4871794871794872,5,-9,0,0,0,0,-4,0,-4,-4,False,10,0.0,1,False,best_rejected_stop,marginal_utility_negative,2,6-6-6-6,0,0,{},delta_fatigue_term,0.07136752136752139,0.4615384615384617,0.9974358974358974
57,3,4,weighted_greedy,6-6-6-6,6,-4,14,12,2,EF1,EF,1,1,6,1,0,True,,False,0.2142857142857144,0.0,-0.03125,-0.25,-0.06696428571428559,0.0,4.238095238095238,4.1711309523809526,13,-1,0,0,0,0,0,0,-4,-4,False,10,0.0,1,False,best_rejected_stop,marginal_utility_negative,9,6-6-6-6,16,2,"{""EF2"": 2, ""EF3"": 2, ""Seuil3"": 2}",delta_fatigue_term,0.1830357142857144,0.3571428571428572,0.4241071428571428
57,4,4,weighted_greedy,6-6-6-6,6,-4,13,12,1,EF1,EF,1,1,6,1,0,True,,False,0.23076923076923084,0.0,-0.03125,-0.25,-0.05048076923076916,0.0,4.435897435897436,4.385416666666667,13,-1,0,0,0,0,0,0,-4,-4,False,10,0.0,1,False,best_rejected_stop,marginal_utility_negative,11,6-6-6-6,28,3,"{""EF2"": 2, ""EF3"": 2, ""EF4"": 2, ""Seuil3"": 2, ""Seuil4"": 1}",delta_fatigue_term,0.19951923076923084,0.1698717948717947,0.22035256410256387
57,5,4,weighted_greedy,8-6-6-6,8,-4,14,13,1,EF1,EF,1,1,6,1,0,True,,False,0.2142857142857144,0.0,-0.03472222222222221,-0.25,-0.07043650793650791,-1.1102230246251565e-16,4.466269841269841,4.395833333333333,14,-1,0,0,0,0,0,0,-4,-4,False,12,0.0,1,False,best_rejected_stop,marginal_utility_negative,11,8-6-6-6,40,4,"{""EF2"": 3, ""EF3"": 2, ""EF4"": 2, ""EF5"": 1, ""SL5"": 1, ""Seuil3"": 2, ""Seuil4"": 1}",delta_fatigue_term,0.1795634920634922,0.36507936507936467,0.4355158730158726
57,6,5,weighted_greedy,8-6-6-6-6,8,-4,20,18,2,EF1,EF,1,1,6,1,0,True,,False,0.14999999999999947,0.0,-0.029166666666666674,-0.5,-0.3791666666666673,-1.1102230246251565e-16,5.6375,5.258333333333333,19,1,1,1,0,0,0,0,-3,-3,False,11,0.0,1,False,best_rejected_stop,marginal_utility_negative,12,8-6-6-6-6,53,5,"{""EF2"": 3, ""EF3"": 3, ""EF4"": 2, ""EF5"": 2, ""SL5"": 2, ""Seuil3"": 2, ""Seuil4"": 1}",delta_fatigue_term,0.060416666666666397,1.4291666666666663,1.8083333333333336
57,7,5,weighted_greedy,8-6-6-6-6,8,-4,21,18,3,EF1,EF,1,1,8,1,0,True,,False,0.14285714285714324,0.0,-0.021875000000000006,-0.5,-0.3790178571428564,3.3306690738754696e-16,5.462053571428571,5.083035714285715,19,1,1,1,0,0,0,0,-3,-3,False,11,0.0,1,False,best_rejected_stop,marginal_utility_negative,12,8-6-6-6-6,71,7,"{""EF2"": 3, ""EF3"": 3, ""EF4"": 3, ""EF5"": 3, ""SL5"": 2, ""SL6"": 1, ""Seuil3"": 3, ""Seuil4"": 1}",delta_fatigue_term,0.060491071428571616,1.4129464285714288,1.7919642857142852
57,8,3,weighted_greedy,8-8-6-6-6,8,-4,15,10,5,EF1,EF,1,1,5,1,0,True,,False,0.19999999999999973,0.0,-0.06666666666666668,-0.75,-0.6166666666666671,-2.220446049250313e-16,5.75,5.133333333333333,11,-9,0,0,0,0,-4,0,-8,-8,False,16,0.0,1,False,best_rejected_stop,marginal_utility_negative,13,8-8-6-6-6,89,9,"{""EF2"": 3, ""EF3"": 3, ""EF4"": 4, ""EF5"": 4, ""SL5"": 2, ""SL6"": 2, ""Seuil3"": 4, ""Seuil4"": 1}",delta_fatigue_term,0.04444444444444435,,
57,10,5,weighted_greedy,8-8-8-6-6-6,8,-8,27,18,9,EF2,EF,2,2,6,2,0,True,,False,0.22222222222222232,0.0,-0.020833333333333343,-0.25,-0.048611111111110716,3.0531133177191805e-16,5.6875,5.638888888888889,20,-4,0,0,0,0,-1,2,-9,-8,False,16,0.0,1,False,best_rejected_stop,marginal_utility_negative,13,8-8-8-6-6-6,118,12,"{""EF2"": 3, ""EF3"": 3, ""EF4"": 5, ""EF5"": 6, ""SL5"": 3, ""SL6"": 2, ""SL7"": 1, ""Seuil3"": 5, ""Seuil4"": 1}",delta_fatigue_term,0.20138888888888898,0.4375,0.4861111111111107
57,11,5,weighted_greedy,8-8-8-6-6-6,8,-8,24,18,6,EF4,EF,4,4,8,4,0,True,,False,0.5,0.0,-0.003124999999999989,-0.5,-0.0031249999999998224,1.6653345369377348e-16,5.890625,5.8875,22,-2,0,0,0,0,0,3,-8,-8,False,16,0.0,1,False,best_rejected_stop,marginal_utility_negative,14,8-8-8-6-6-6,136,14,"{""EF2"": 3, ""EF3"": 4, ""EF4"": 5, ""EF5"": 7, ""SL5"": 3, ""SL6"": 3, ""SL7"": 1, ""Seuil3"": 5, ""Seuil4"": 2}",delta_fatigue_term,0.2484375,0.4947916666666661,0.4979166666666659
57,12,5,weighted_greedy,8-8-8-8-6-6,8,-8,24,19,5,EF4,EF,4,4,8,4,0,True,,False,0.5,0.0,-0.004687500000000011,-0.5,-0.004687500000000178,-1.6653345369377348e-16,6.0234375,6.01875,23,-2,0,0,0,0,0,3,-8,-8,False,16,0.0,1,False,best_rejected_stop,marginal_utility_negative,15,8-8-8-8-6-6,154,16,"{""EF2"": 4, ""EF3"": 4, ""EF4"": 5, ""EF5"": 8, ""SL5"": 3, ""SL6"": 3, ""SL7"": 2, ""Seuil3"": 5, ""Seuil4"": 3}",delta_fatigue_term,0.24765625,0.4921875,0.4968750000000002
57,13,6,weighted_greedy,8-8-8-8-6-6,8,-8,22,21,1,EF1,EF,1,1,8,1,0,True,,False,0.13636363636363624,0.0,-0.016666666666666677,-0.25,-0.13030303030302992,4.996003610813204e-16,6.244886363636364,6.114583333333333,22,-3,0,0,0,0,0,1,-8,-8,False,16,0.0,1,False,best_rejected_stop,marginal_utility_negative,15,8-8-8-8-6-6,173,18,"{""EF2"": 5, ""EF3"": 4, ""EF4"": 5, ""EF5"": 9, ""SL5"": 3, ""SL6"": 3, ""SL7"": 2, ""SL8"": 1, ""Seuil3"": 5, ""Seuil4"": 4}",delta_fatigue_term,0.11969696969696957,0.00553977272727213,0.13584280303030205
57,14,5,weighted_greedy,8-8-8-8-6-6,8,-8,28,19,9,EF2,EF,2,2,6,2,0,True,,False,0.2142857142857144,0.0,-0.02291666666666664,-0.25,-0.05863095238095273,-4.996003610813204e-16,5.7336309523809526,5.675,21,-4,0,0,0,0,-1,2,-9,-8,False,16,0.0,1,False,best_rejected_stop,marginal_utility_negative,16,8-8-8-8-6-6,194,20,"{""EF2"": 7, ""EF3"": 4, ""EF4"": 5, ""EF5"": 10, ""SL5"": 3, ""SL6"": 3, ""SL7"": 2, ""SL8"": 2, ""Seuil3"": 5, ""Seuil4"": 5}",delta_fatigue_term,0.19136904761904777,0.41815476190476186,0.4767857142857146
57,16,5,weighted_greedy,8-8-8-8-6-6,8,-8,25,19,6,EF4,EF,4,4,7,4,0,True,,False,0.48,0.0,-0.005357142857142866,-0.5,-0.025357142857142634,2.498001805406602e-16,5.949642857142857,5.924285714285714,23,-2,0,0,0,0,0,3,-8,-8,False,16,0.0,1,False,best_rejected_stop,marginal_utility_negative,16,8-8-8-8-6-6,236,24,"{""EF2"": 8, ""EF3"": 4, ""EF4"": 7, ""EF5"": 12, ""SL5"": 3, ""SL6"": 4, ""SL7"": 2, ""SL8"": 3, ""Seuil3"": 5, ""Seuil4"": 7}",delta_fatigue_term,0.23732142857142857,0.47107142857142925,0.4964285714285719
58,1,3,weighted_greedy,6-6-6-6,6,0,13,4,9,EF1,EF,1,1,6,1,0,True,,False,0.23076923076923084,0.0,-0.013888888888888881,-0.75,-0.533119658119658,0.0,3.0064102564102564,2.4732905982905984,5,-9,0,0,0,0,-4,0,-4,-4,False,10,0.0,1,False,best_rejected_stop,marginal_utility_negative,2,6-6-6-6,0,0,{},delta_fatigue_term,0.07229344729344732,0.4615384615384617,0.9946581196581197
58,3,5,weighted_greedy,6-6-6-6,6,-5,14,13,1,EF1,EF,1,1,4,1,0,True,,False,0.2142857142857144,0.0,-0.02812500000000001,-0.25,-0.06383928571428577,-1.6653345369377348e-16,5.738839285714286,5.675,14,0,0,0,0,0,0,0,-5,-5,False,11,0.0,1,False,best_rejected_stop,marginal_utility_negative,7,6-6-6-6,14,1,"{""EF1"": 1, ""EF2"": 2, ""EF3"": 2, ""Seuil3"": 1}",delta_fatigue_term,0.1861607142857144,1.6376488095238093,1.701488095238095
58,4,4,weighted_greedy,6-6-6-6,6,-5,13,12,1,EF1,EF,1,1,5,1,0,True,,False,0.23076923076923084,0.0,-0.037500000000000006,-0.25,-0.056730769230769695,-5.273559366969494e-16,4.469230769230769,4.4125,13,-1,0,0,0,0,0,0,-5,-5,False,11,0.0,1,False,best_rejected_stop,marginal_utility_negative,9,6-6-6-6,27,3,"{""EF1"": 1, ""EF2"": 2, ""EF3"": 3, ""EF4"": 1, ""Seuil3"": 3}",delta_fatigue_term,0.19326923076923083,0.42307692307692335,0.47980769230769305
58,6,3,weighted_greedy,8-6-6-6-6,8,-6,18,10,8,EF5,EF,5,5,8,5,0,True,,False,0.8333333333333333,0.0,0.0,-1.0,-0.16666666666666696,-2.220446049250313e-16,4.572916666666667,4.40625,15,-4,0,0,0,0,-1,3,-7,-7,False,15,0.0,1,False,best_rejected_stop,marginal_utility_negative,11,8-6-6-6-6,50,5,"{""EF1"": 2, ""EF2"": 2, ""EF3"": 3, ""EF4"": 3, ""EF5"": 1, ""SL5"": 1, ""Seuil3"": 3, ""Seuil4"": 1}",delta_fatigue_term,0.20833333333333331,,
58,9,3,weighted_greedy,8-8-6-6-6,8,-8,17,10,7,EF1,EF,1,1,5,1,0,True,,False,0.17647058823529438,0.0,-0.06666666666666668,-0.75,-0.640196078431372,2.220446049250313e-16,5.514705882352941,4.874509803921569,11,-9,0,0,0,0,-4,0,-12,-8,False,16,0.0,1,False,best_rejected_stop,marginal_utility_negative,13,8-8-6-6-6,90,8,"{""EF1"": 2, ""EF2"": 4, ""EF3"": 3, ""EF4"": 4, ""EF5"": 4, ""SL5"": 2, ""SL6"": 2, ""Seuil3"": 3, ""Seuil4"": 1}",delta_fatigue_term,0.03660130718954257,,
58,11,5,weighted_greedy,8-8-6-6-6-6,8,-8,18,17,1,EF1,EF,1,1,6,1,0,True,,False,0.16666666666666696,0.0,-0.027083333333333348,-0.25,-0.11041666666666572,6.661338147750939e-16,6.510416666666666,6.4,18,-5,0,0,0,0,-2,1,-10,-8,False,16,0.0,1,False,best_rejected_stop,marginal_utility_negative,14,8-8-6-6-6-6,115,11,"{""EF1"": 2, ""EF2"": 4, ""EF3"": 3, ""EF4"": 6, ""EF5"": 5, ""SL5"": 3, ""SL6"": 2, ""Seuil3"": 4, ""Seuil4"": 2}",delta_fatigue_term,0.13958333333333361,0.6631944444444446,0.7736111111111104
58,12,6,weighted_greedy,8-8-8-6-6-6,8,-8,23,22,1,EF1,EF,1,1,6,1,0,True,,False,0.13043478260869534,0.0,-0.02361111111111111,-0.25,-0.1431763285024159,-1.3877787807814457e-16,6.052898550724638,5.909722222222222,23,-1,0,0,0,0,0,0,-8,-8,False,16,0.0,1,False,best_rejected_stop,marginal_utility_negative,14,8-8-8-6-6-6,132,13,"{""EF1"": 2, ""EF2"": 5, ""EF3"": 3, ""EF4"": 6, ""EF5"": 6, ""SL5"": 3, ""SL6"": 3, ""Seuil3"": 4, ""Seuil4"": 3}",delta_fatigue_term,0.10682367149758423,0.01757246376811672,0.16074879227053263
58,13,5,weighted_greedy,8-8-8-6-6-6,8,-8,25,18,7,EF4,EF,4,4,5,4,0,True,,False,0.48,0.0,-0.004999999999999977,-0.5,-0.024999999999999467,5.273559366969494e-16,5.885,5.86,22,-2,0,0,0,0,0,3,-8,-8,False,16,0.0,1,False,best_rejected_stop,marginal_utility_negative,14,8-8-8-6-6-6,154,15,"{""EF1"": 2, ""EF2"": 5, ""EF3"": 4, ""EF4"": 7, ""EF5"": 7, ""SL5"": 3, ""SL6"": 4, ""Seuil3"": 4, ""Seuil4"": 4}",delta_fatigue_term,0.2375,0.4716666666666658,0.49666666666666526
58,14,5,weighted_greedy,8-8-8-8-6-6,8,-8,25,19,6,EF4,EF,4,4,8,4,0,True,,False,0.48,0.0,-0.004687500000000011,-0.5,-0.02468750000000064,-6.106226635438361e-16,5.9284375,5.9037500000000005,23,-2,0,0,0,0,0,3,-8,-8,False,16,0.0,1,False,best_rejected_stop,marginal_utility_negative,14,8-8-8-8-6-6,172,17,"{""EF1"": 2, ""EF2"": 5, ""EF3"": 4, ""EF4"": 8, ""EF5"": 8, ""SL5"": 4, ""SL6"": 4, ""Seuil3"": 4, ""Seuil4"": 5}",delta_fatigue_term,0.23765624999999999,0.4721875000000004,0.49687500000000107
58,15,5,weighted_greedy,8-8-8-8-6-6,8,-8,30,19,11,EF2,EF,2,2,8,2,0,True,,False,0.19999999999999973,0.0,-0.017187499999999994,-0.25,-0.06718750000000107,-8.049116928532385e-16,5.5484375,5.481249999999999,21,-4,0,0,0,0,-1,2,-9,-8,False,16,0.0,1,False,best_rejected_stop,marginal_utility_negative,14,8-8-8-8-6-6,191,19,"{""EF1"": 2, ""EF2"": 5, ""EF3"": 5, ""EF4"": 8, ""EF5"": 9, ""SL5"": 4, ""SL6"": 4, ""SL7"": 1, ""Seuil3"": 4, ""Seuil4"": 6}",delta_fatigue_term,0.18281249999999974,0.39218750000000036,0.4593750000000014
58,16,4,weighted_greedy,8-8-8-8-6-6,8,-8,16,15,1,EF1,EF,1,1,5,1,0,True,,False,0.1875,0.0,-0.04999999999999999,-0.75,-0.6124999999999998,2.220446049250313e-16,6.5625,5.95,16,-9,0,0,0,0,-4,0,-12,-8,False,16,0.0,1,False,best_rejected_stop,marginal_utility_negative,15,8-8-8-8-6-6,210,21,"{""EF1"": 2, ""EF2"": 5, ""EF3"": 6, ""EF4"": 8, ""EF5"": 10, ""SL5"": 4, ""SL6"": 4, ""SL7"": 2, ""Seuil3"": 4, ""Seuil4"": 7}",delta_fatigue_term,0.04583333333333334,0.9375,1.5499999999999998
59,1,3,weighted_greedy,6-6-6-6,6,0,12,4,8,EF1,EF,1,1,6,1,0,True,,False,0.25,0.0,-0.013888888888888881,-0.75,-0.5138888888888884,4.440892098500626e-16,3.0833333333333335,2.5694444444444446,5,-9,0,0,0,0,-4,0,-4,-4,False,10,0.0,1,False,best_rejected_stop,marginal_utility_negative,2,6-6-6-6,0,0,{},delta_fatigue_term,0.0787037037037037,0.49999999999999956,1.013888888888888
59,5,5,weighted_greedy,6-6-6-6,6,-4,16,15,1,EF1,EF,1,1,6,1,0,True,,False,0.1875,0.0,-0.02291666666666667,-0.5,-0.33541666666666625,4.440892098500626e-16,5.21875,4.883333333333334,16,2,2,1,0,0,0,0,-2,-2,False,8,0.0,1,False,best_rejected_stop,marginal_utility_negative,11,6-6-6-6,39,3,"{""EF1"": 1, ""EF2"": 3, ""EF3"": 2, ""EF4"": 4, ""Seuil3"": 2, ""Seuil4"": 1}",delta_fatigue_term,0.08229166666666667,1.3020833333333335,1.6374999999999997
59,6,3,weighted_greedy,8-6-6-6-6,8,-3,15,10,5,EF5,EF,5,5,6,5,0,True,,False,1.0,0.0,0.0,-1.0,-8.881784197001252e-16,-8.881784197001252e-16,4.958333333333333,4.958333333333333,15,-4,0,0,0,0,-1,3,-4,-4,False,12,0.0,1,False,best_rejected_stop,marginal_utility_negative,11,8-6-6-6-6,54,5,"{""EF1"": 1, ""EF2"": 4, ""EF3"": 2, ""EF4"": 4, ""EF5"": 1, ""SL5"": 1, ""Seuil3"": 3, ""Seuil4"": 1}",delta_fatigue_term,0.25,,
59,7,4,weighted_greedy,8-6-6-6-6,8,-7,14,13,1,EF1,EF,1,1,6,1,0,True,,False,0.2142857142857144,0.0,-0.03472222222222221,-0.25,-0.07043650793650791,-1.1102230246251565e-16,4.966269841269841,4.895833333333333,14,-5,0,0,0,0,-2,1,-9,-8,False,16,0.0,1,False,best_rejected_stop,marginal_utility_negative,12,8-6-6-6-6,64,6,"{""EF1"": 1, ""EF2"": 4, ""EF3"": 2, ""EF4"": 4, ""EF5"": 2, ""SL5"": 2, ""Seuil3"": 3, ""Seuil4"": 1}",delta_fatigue_term,0.1795634920634922,0.12996031746031722,0.20039682539682513
59,9,3,weighted_greedy,8-8-6-6-6,8,-8,16,11,5,EF5,EF,5,5,6,5,0,True,,False,0.9375,0.0,-0.0069444444444444475,-1.0,-0.06944444444444375,6.938893903907228e-16,5.041666666666667,4.972222222222222,16,-4,0,0,0,0,-1,3,-9,-8,False,16,0.0,1,False,best_rejected_stop,marginal_utility_negative,13,8-8-6-6-6,92,8,"{""EF1"": 1, ""EF2"": 5, ""EF3"": 2, ""EF4"": 5, ""EF5"": 4, ""SL5"": 2, ""SL6"": 2, ""Seuil3"": 3, ""Seuil4"": 1}",delta_fatigue_term,0.2326388888888889,,
59,11,6,weighted_greedy,8-8-6-6-6-6,8,-8,23,21,2,EF1,EF,1,1,8,1,0,True,,False,0.13043478260869623,0.0,-0.016666666666666677,-0.25,-0.13623188405797038,5.551115123125783e-17,5.870380434782608,5.734148550724638,22,-1,0,0,0,0,0,0,-8,-8,False,16,0.0,1,False,best_rejected_stop,marginal_utility_negative,14,8-8-6-6-6-6,122,11,"{""EF1"": 1, ""EF2"": 7, ""EF3"": 2, ""EF4"": 5, ""EF5"": 6, ""SL5"": 2, ""SL6"": 4, ""Seuil3"": 3, ""Seuil4"": 2}",delta_fatigue_term,0.11376811594202955,0.020176630434781906,0.15640851449275228
59,12,5,weighted_greedy,8-8-8-6-6-6,8,-8,24,18,6,EF4,EF,4,4,7,4,0,True,,False,0.5,0.0,-0.0035714285714285587,-0.5,-0.0035714285714281147,4.440892098500626e-16,5.910714285714286,5.9071428571428575,22,-2,0,0,0,0,0,3,-8,-8,False,16,0.0,1,False,best_rejected_stop,marginal_utility_negative,14,8-8-8-6-6-6,143,13,"{""EF1"": 2, ""EF2"": 7, ""EF3"": 2, ""EF4"": 6, ""EF5"": 7, ""SL5"": 2, ""SL6"": 4, ""SL7"": 1, ""Seuil3"": 3, ""Seuil4"": 3}",delta_fatigue_term,0.24821428571428572,0.4940476190476195,0.4976190476190476
59,13,5,weighted_greedy,8-8-8-6-6-6,8,-8,24,18,6,EF4,EF,4,4,8,4,0,True,,False,0.5,0.0,-0.003124999999999989,-0.5,-0.0031249999999998224,1.6653345369377348e-16,5.890625,5.8875,22,-2,0,0,0,0,0,3,-8,-8,False,16,0.0,1,False,best_rejected_stop,marginal_utility_negative,15,8-8-8-6-6-6,161,15,"{""EF1"": 2, ""EF2"": 8, ""EF3"": 2, ""EF4"": 6, ""EF5"": 8, ""SL5"": 2, ""SL6"": 4, ""SL7"": 2, ""Seuil3"": 3, ""Seuil4"": 4}",delta_fatigue_term,0.2484375,0.4947916666666661,0.4979166666666659
59,14,5,weighted_greedy,8-8-8-8-6-6,8,-8,25,19,6,EF4,EF,4,4,8,4,0,True,,False,0.48,0.0,-0.004687500000000011,-0.5,-0.02468750000000064,-6.106226635438361e-16,5.9284375,5.9037500000000005,23,-2,0,0,0,0,0,3,-8,-8,False,16,0.0,1,False,best_rejected_stop,marginal_utility_negative,15,8-8-8-8-6-6,179,17,"{""EF1"": 3, ""EF2"": 8, ""EF3"": 2, ""EF4"": 6, ""EF5"": 9, ""SL5"": 2, ""SL6"": 4, ""SL7"": 2, ""SL8"": 1, ""Seuil3"": 3, ""Seuil4"": 5}",delta_fatigue_term,0.23765624999999999,0.4721875000000004,0.49687500000000107
59,15,5,weighted_greedy,8-8-8-8-6-6,8,-8,29,19,10,EF2,EF,2,2,8,2,0,True,,False,0.20689655172413812,0.0,-0.017187499999999994,-0.25,-0.060290948275862455,-5.828670879282072e-16,5.6139547413793105,5.553663793103448,21,-4,0,0,0,0,-1,2,-9,-8,False,16,0.0,1,False,best_rejected_stop,marginal_utility_negative,16,8-8-8-8-6-6,198,19,"{""EF1"": 3, ""EF2"": 9, ""EF3"": 2, ""EF4"": 6, ""EF5"": 10, ""SL5"": 2, ""SL6"": 4, ""SL7"": 2, ""SL8"": 2, ""Seuil3"": 3, ""Seuil4"": 6}",delta_fatigue_term,0.18970905172413813,0.4059806034482758,0.46627155172413826
59,16,5,weighted_greedy,8-8-8-8-6-6,8,-8,28,19,9,EF2,EF,2,2,6,2,0,True,,False,0.2142857142857144,0.0,-0.02291666666666664,-0.25,-0.05863095238095273,-4.996003610813204e-16,5.7336309523809526,5.675,21,-4,0,0,0,0,-1,2,-9,-8,False,16,0.0,1,False,best_rejected_stop,marginal_utility_negative,16,8-8-8-8-6-6,217,21,"{""EF1"": 3, ""EF2"": 10, ""EF3"": 2, ""EF4"": 6, ""EF5"": 11, ""SL5"": 2, ""SL6"": 4, ""SL7"": 2, ""SL8"": 3, ""Seuil3"": 3, ""Seuil4"": 7}",delta_fatigue_term,0.19136904761904777,0.41815476190476186,0.4767857142857146
60,1,3,weighted_greedy,6-6-6-6,6,0,11,4,7,EF1,EF,1,1,5,1,0,True,,False,0.2727272727272727,0.0,-0.016666666666666663,-0.75,-0.4939393939393941,-1.6653345369377348e-16,3.190909090909091,2.696969696969697,5,-9,0,0,0,0,-4,0,-4,-4,False,10,0.0,1,False,best_rejected_stop,marginal_utility_negative,2,6-6-6-6,0,0,{},delta_fatigue_term,0.08535353535353535,0.5454545454545454,1.0393939393939395
60,2,6,weighted_greedy,6-6-6-6,6,-4,14,12,2,EF1,EF,1,1,4,1,0,True,,False,0.2142857142857144,0.0,-0.014583333333333337,-0.25,-0.05029761904761898,-5.551115123125783e-17,5.7214285714285715,5.6711309523809526,13,-1,0,0,0,0,0,0,-4,-4,False,10,0.0,1,False,best_rejected_stop,marginal_utility_negative,6,6-6-6-6,4,0,"{""EF2"": 2}",delta_fatigue_term,0.19970238095238108,0.19241071428571388,0.24270833333333286
60,6,4,weighted_greedy,8-6-6-6,8,-6,14,13,1,EF1,EF,1,1,6,1,0,True,,False,0.2142857142857144,0.0,-0.03472222222222221,-0.25,-0.07043650793650791,-1.1102230246251565e-16,4.466269841269841,4.395833333333333,14,-1,0,0,0,0,0,0,-6,-6,False,14,0.0,1,False,best_rejected_stop,marginal_utility_negative,12,8-6-6-6,49,5,"{""EF1"": 1, ""EF2"": 5, ""EF3"": 2, ""EF4"": 2, ""EF5"": 1, ""SL5"": 1, ""Seuil3"": 2, ""Seuil4"": 2}",delta_fatigue_term,0.1795634920634922,0.36507936507936467,0.4355158730158726
60,7,3,weighted_greedy,8-6-6-6-6,8,-6,18,10,8,EF5,EF,5,5,5,5,0,True,,False,0.8333333333333333,0.0,0.0,-1.0,-0.16666666666666696,-2.220446049250313e-16,4.666666666666667,4.5,15,-4,0,0,0,0,-1,3,-7,-7,False,15,0.0,1,False,best_rejected_stop,marginal_utility_negative,13,8-6-6-6-6,62,6,"{""EF1"": 1, ""EF2"": 5, ""EF3"": 3, ""EF4"": 2, ""EF5"": 2, ""SL5"": 2, ""Seuil3"": 2, ""Seuil4"": 2}",delta_fatigue_term,0.20833333333333331,,
60,8,3,weighted_greedy,8-6-6-6-6,8,-8,16,10,6,EF5,EF,5,5,5,5,0,True,,False,0.9375,0.0,0.0,-1.0,-0.0625,0.0,4.875,4.8125,15,-4,0,0,0,0,-1,3,-9,-8,False,16,0.0,1,False,best_rejected_stop,marginal_utility_negative,13,8-6-6-6-6,72,7,"{""EF1"": 1, ""EF2"": 5, ""EF3"": 3, ""EF4"": 2, ""EF5"": 3, ""SL5"": 3, ""Seuil3"": 2, ""Seuil4"": 2}",delta_fatigue_term,0.234375,,
60,9,3,weighted_greedy,8-8-6-6-6,8,-8,15,10,5,EF1,EF,1,1,5,1,0,True,,False,0.19999999999999973,0.0,-0.06666666666666668,-0.75,-0.6166666666666671,-2.220446049250313e-16,5.75,5.133333333333333,11,-9,0,0,0,0,-4,0,-12,-8,False,16,0.0,1,False,best_rejected_stop,marginal_utility_negative,13,8-8-6-6-6,82,8,"{""EF1"": 1, ""EF2"": 5, ""EF3"": 3, ""EF4"": 2, ""EF5"": 4, ""SL5"": 4, ""Seuil3"": 2, ""Seuil4"": 2}",delta_fatigue_term,0.04444444444444435,,
60,10,3,weighted_greedy,8-8-6-6-6,8,-8,20,11,9,EF5,EF,5,5,6,5,0,True,,False,0.7500000000000002,0.0,-0.0069444444444444475,-1.0,-0.25694444444444375,4.440892098500626e-16,4.629166666666666,4.372222222222223,16,-4,0,0,0,0,-1,3,-9,-8,False,16,0.0,1,False,best_rejected_stop,marginal_utility_negative,13,8-8-6-6-6,92,9,"{""EF1"": 1, ""EF2"": 5, ""EF3"": 3, ""EF4"": 2, ""EF5"": 5, ""SL5"": 5, ""Seuil3"": 2, ""Seuil4"": 2}",delta_fatigue_term,0.18576388888888895,,
60,11,5,weighted_greedy,8-8-6-6-6-6,8,-8,24,17,7,EF4,EF,4,4,6,4,0,True,,False,0.5,0.0,-0.002083333333333326,-0.5,-0.002083333333333215,1.1102230246251565e-16,5.802083333333333,5.8,21,-2,0,0,0,0,0,3,-8,-8,False,16,0.0,1,False,best_rejected_stop,marginal_utility_negative,13,8-8-6-6-6-6,103,10,"{""EF1"": 1, ""EF2"": 5, ""EF3"": 3, ""EF4"": 2, ""EF5"": 6, ""SL5"": 5, ""SL6"": 1, ""Seuil3"": 2, ""Seuil4"": 2}",delta_fatigue_term,0.24895833333333334,0.4965277777777777,0.4986111111111109
60,12,5,weighted_greedy,8-8-8-6-6-6,8,-8,25,18,7,EF4,EF,4,4,8,4,0,True,,False,0.48,0.0,-0.003124999999999989,-0.5,-0.023124999999999396,6.106226635438361e-16,5.800625,5.7775,22,-2,0,0,0,0,0,3,-8,-8,False,16,0.0,1,False,best_rejected_stop,marginal_utility_negative,14,8-8-8-6-6-6,120,12,"{""EF1"": 1, ""EF2"": 6, ""EF3"": 3, ""EF4"": 2, ""EF5"": 7, ""SL5"": 5, ""SL6"": 2, ""Seuil3"": 2, ""Seuil4"": 3}",delta_fatigue_term,0.2384375,0.4747916666666665,0.4979166666666659
60,13,4,weighted_greedy,8-8-8-6-6-6,8,-8,16,14,2,EF1,EF,1,1,6,1,0,True,,False,0.1875,0.0,-0.03819444444444445,-0.75,-0.6006944444444446,-2.220446049250313e-16,6.319444444444445,5.71875,15,-9,0,0,0,0,-4,0,-12,-8,False,16,0.0,1,False,best_rejected_stop,marginal_utility_negative,14,8-8-8-6-6-6,138,14,"{""EF1"": 1, ""EF2"": 7, ""EF3"": 3, ""EF4"": 2, ""EF5"": 8, ""SL5"": 5, ""SL6"": 2, ""SL7"": 1, ""Seuil3"": 2, ""Seuil4"": 4}",delta_fatigue_term,0.04976851851851852,0.5277777777777786,1.1284722222222232
60,14,5,weighted_greedy,8-8-8-6-6-6,8,-8,26,18,8,EF2,EF,2,2,7,2,0,True,,False,0.23076923076923128,0.0,-0.017857142857142877,-0.25,-0.037087912087910624,9.71445146547012e-16,5.737637362637362,5.700549450549451,20,-4,0,0,0,0,-1,2,-9,-8,False,16,0.0,1,False,best_rejected_stop,marginal_utility_negative,14,8-8-8-6-6-6,152,15,"{""EF1"": 1, ""EF2"": 7, ""EF3"": 4, ""EF4"": 2, ""EF5"": 9, ""SL5"": 5, ""SL6"": 3, ""SL7"": 1, ""Seuil3"": 2, ""Seuil4"": 4}",delta_fatigue_term,0.2129120879120884,0.4555860805860803,0.4926739926739909
60,15,5,weighted_greedy,8-8-8-8-6-6,8,-8,26,19,7,EF2,EF,2,2,7,2,0,True,,False,0.23076923076923128,0.0,-0.019642857142857156,-0.25,-0.03887362637362468,1.1934897514720433e-15,5.861950549450549,5.823076923076924,21,-4,0,0,0,0,-1,2,-9,-8,False,16,0.0,1,False,best_rejected_stop,marginal_utility_negative,15,8-8-8-8-6-6,170,17,"{""EF1"": 1, ""EF2"": 8, ""EF3"": 4, ""EF4"": 2, ""EF5"": 10, ""SL5"": 5, ""SL6"": 3, ""SL7"": 2, ""Seuil3"": 2, ""Seuil4"": 5}",delta_fatigue_term,0.21112637362637413,0.4526098901098896,0.4914835164835143
60,16,5,weighted_greedy,8-8-8-8-6-6,8,-8,24,19,5,EF4,EF,4,4,8,4,0,True,,False,0.5,0.0,-0.004687500000000011,-0.5,-0.004687500000000178,-1.6653345369377348e-16,6.0234375,6.01875,23,-2,0,0,0,0,0,3,-8,-8,False,16,0.0,1,False,best_rejected_stop,marginal_utility_negative,15,8-8-8-8-6-6,189,19,"{""EF1"": 1, ""EF2"": 8, ""EF3"": 5, ""EF4"": 2, ""EF5"": 11, ""SL5"": 5, ""SL6"": 3, ""SL7"": 3, ""Seuil3"": 2, ""Seuil4"": 6}",delta_fatigue_term,0.24765625,0.4921875,0.4968750000000002
61,1,3,weighted_greedy,6-6-6-6,6,0,11,4,7,EF1,EF,1,1,5,1,0,True,,False,0.2727272727272727,0.0,-0.016666666666666663,-0.75,-0.4939393939393941,-1.6653345369377348e-16,3.190909090909091,2.696969696969697,5,-9,0,0,0,0,-4,0,-4,-4,False,10,0.0,1,False,best_rejected_stop,marginal_utility_negative,2,6-6-6-6,0,0,{},delta_fatigue_term,0.08535353535353535,0.5454545454545454,1.0393939393939395
61,6,3,weighted_greedy,8-6-6-6-6,8,-5,13,10,3,EF3,EF,3,3,6,3,0,True,,False,0.6923076923076921,0.0,-0.02777777777777779,-0.75,-0.08547008547008605,-3.3306690738754696e-16,5.266025641025641,5.180555555555555,13,-6,0,0,0,0,-3,1,-8,-8,False,16,0.0,1,False,best_rejected_stop,marginal_utility_negative,12,8-6-6-6-6,50,5,"{""EF2"": 3, ""EF3"": 4, ""EF4"": 2, ""EF5"": 1, ""SL5"": 1, ""Seuil3"": 2, ""Seuil4"": 2}",delta_fatigue_term,0.22150997150997143,,
61,8,4,weighted_greedy,8-6-6-6-6,8,-8,16,15,1,EF1,EF,1,1,7,1,0,True,,False,0.1875,0.0,-0.035714285714285726,-0.25,-0.09821428571428559,1.3877787807814457e-16,4.741071428571429,4.642857142857143,16,-3,0,0,0,0,0,1,-8,-8,False,16,0.0,1,False,best_rejected_stop,marginal_utility_negative,13,8-6-6-6-6,77,7,"{""EF2"": 4, ""EF3"": 4, ""EF4"": 3, ""EF5"": 3, ""SL5"": 2, ""SL6"": 1, ""Seuil3"": 2, ""Seuil4"": 2}",delta_fatigue_term,0.15178571428571427,0.23214285714285765,0.33035714285714324
61,9,5,weighted_greedy,8-8-6-6-6,8,-8,23,19,4,EF1,EF,1,1,8,1,0,True,,False,0.1304347826086958,0.0,-0.0234375,-0.5,-0.39300271739130377,4.440892098500626e-16,5.376698369565217,4.983695652173913,20,1,1,1,0,0,0,0,-7,-7,False,15,0.0,1,False,best_rejected_stop,marginal_utility_negative,14,8-8-6-6-6,92,8,"{""EF2"": 4, ""EF3"": 4, ""EF4"": 4, ""EF5"": 4, ""SL5"": 2, ""SL6"": 2, ""Seuil3"": 2, ""Seuil4"": 2}",delta_fatigue_term,0.053498641304347894,1.37307518115942,1.7660778985507237
61,10,6,weighted_greedy,8-8-6-6-6-6,8,-8,18,17,1,EF1,EF,1,1,4,1,0,True,,False,0.16666666666666696,0.0,-0.024999999999999994,-0.25,-0.10833333333333339,-3.608224830031759e-16,6.545833333333333,6.4375,18,-5,0,0,0,0,-2,1,-10,-8,False,16,0.0,1,False,best_rejected_stop,marginal_utility_negative,14,8-8-6-6-6-6,111,10,"{""EF2"": 4, ""EF3"": 4, ""EF4"": 5, ""EF5"": 5, ""SL5"": 2, ""SL6"": 2, ""SL7"": 1, ""Seuil3"": 3, ""Seuil4"": 2}",delta_fatigue_term,0.14166666666666697,0.06145833333333339,0.16979166666666679
61,11,5,weighted_greedy,8-8-8-6-6-6,8,-8,24,18,6,EF4,EF,4,4,8,4,0,True,,False,0.5,0.0,-0.003124999999999989,-0.5,-0.0031249999999998224,1.6653345369377348e-16,5.890625,5.8875,22,-2,0,0,0,0,0,3,-8,-8,False,16,0.0,1,False,best_rejected_stop,marginal_utility_negative,14,8-8-8-6-6-6,128,12,"{""EF2"": 5, ""EF3"": 4, ""EF4"": 7, ""EF5"": 5, ""SL5"": 2, ""SL6"": 2, ""SL7"": 1, ""Seuil3"": 4, ""Seuil4"": 3}",delta_fatigue_term,0.2484375,0.4947916666666661,0.4979166666666659
61,13,6,weighted_greedy,8-8-8-6-6-6,8,-8,23,22,1,EF1,EF,1,1,8,1,0,True,,False,0.13043478260869534,0.0,-0.01770833333333334,-0.25,-0.13727355072463787,1.1102230246251565e-16,6.007065217391305,5.869791666666667,23,-1,0,0,0,0,0,0,-8,-8,False,16,0.0,1,False,best_rejected_stop,marginal_utility_negative,15,8-8-8-6-6-6,160,15,"{""EF2"": 6, ""EF3"": 4, ""EF4"": 8, ""EF5"": 7, ""SL5"": 3, ""SL6"": 2, ""SL7"": 2, ""Seuil3"": 4, ""Seuil4"": 4}",delta_fatigue_term,0.112726449275362,0.018614130434783327,0.1558876811594212
61,14,5,weighted_greedy,8-8-8-8-6-6,8,-8,25,19,6,EF4,EF,4,4,7,4,0,True,,False,0.48,0.0,-0.005357142857142866,-0.5,-0.025357142857142634,2.498001805406602e-16,5.949642857142857,5.924285714285714,23,-2,0,0,0,0,0,3,-8,-8,False,16,0.0,1,False,best_rejected_stop,marginal_utility_negative,15,8-8-8-8-6-6,182,17,"{""EF1"": 1, ""EF2"": 6, ""EF3"": 4, ""EF4"": 9, ""EF5"": 8, ""SL5"": 3, ""SL6"": 2, ""SL7"": 2, ""SL8"": 1, ""Seuil3"": 4, ""Seuil4"": 5}",delta_fatigue_term,0.23732142857142857,0.47107142857142925,0.4964285714285719
61,15,5,weighted_greedy,8-8-8-8-6-6,8,-8,25,19,6,EF4,EF,4,4,8,4,0,True,,False,0.48,0.0,-0.004687500000000011,-0.5,-0.02468750000000064,-6.106226635438361e-16,5.9284375,5.9037500000000005,23,-2,0,0,0,0,0,3,-8,-8,False,16,0.0,1,False,best_rejected_stop,marginal_utility_negative,15,8-8-8-8-6-6,201,19,"{""EF1"": 1, ""EF2"": 6, ""EF3"": 5, ""EF4"": 9, ""EF5"": 9, ""SL5"": 3, ""SL6"": 2, ""SL7"": 3, ""SL8"": 1, ""Seuil3"": 4, ""Seuil4"": 6}",delta_fatigue_term,0.23765624999999999,0.4721875000000004,0.49687500000000107
61,16,5,weighted_greedy,8-8-8-8-6-6,8,-8,20,19,1,EF1,EF,1,1,7,1,0,True,,False,0.15000000000000036,0.0,-0.0267857142857143,-0.25,-0.12678571428571317,7.771561172376096e-16,6.519642857142856,6.392857142857143,20,-5,0,0,0,0,-2,1,-10,-8,False,16,0.0,1,False,best_rejected_stop,marginal_utility_negative,16,8-8-8-8-6-6,220,21,"{""EF1"": 1, ""EF2"": 7, ""EF3"": 5, ""EF4"": 9, ""EF5"": 10, ""SL5"": 3, ""SL6"": 2, ""SL7"": 3, ""SL8"": 2, ""Seuil3"": 4, ""Seuil4"": 7}",delta_fatigue_term,0.12321428571428605,0.5910714285714276,0.7178571428571408
62,1,3,weighted_greedy,6-6-6-6,6,0,11,4,7,EF1,EF,1,1,5,1,0,True,,False,0.2727272727272727,0.0,-0.016666666666666663,-0.75,-0.4939393939393941,-1.6653345369377348e-16,3.190909090909091,2.696969696969697,5,-9,0,0,0,0,-4,0,-4,-4,False,10,0.0,1,False,best_rejected_stop,marginal_utility_negative,2,6-6-6-6,0,0,{},delta_fatigue_term,0.08535353535353535,0.5454545454545454,1.0393939393939395
62,6,4,weighted_greedy,8-6-6-6,8,-6,14,13,1,EF1,EF,1,1,6,1,0,True,,False,0.2142857142857144,0.0,-0.03472222222222221,-0.25,-0.07043650793650791,-1.1102230246251565e-16,4.466269841269841,4.395833333333333,14,-1,0,0,0,0,0,0,-6,-6,False,14,0.0,1,False,best_rejected_stop,marginal_utility_negative,12,8-6-6-6,48,5,"{""EF2"": 3, ""EF3"": 4, ""EF4"": 3, ""Seuil3"": 2, ""Seuil4"": 3}",delta_fatigue_term,0.1795634920634922,0.36507936507936467,0.4355158730158726
62,7,3,weighted_greedy,8-6-6-6-6,8,-6,18,10,8,EF5,EF,5,5,6,5,0,True,,False,0.8333333333333333,0.0,0.0,-1.0,-0.16666666666666696,-2.220446049250313e-16,4.625,4.458333333333333,15,-4,0,0,0,0,-1,3,-7,-7,False,15,0.0,1,False,best_rejected_stop,marginal_utility_negative,12,8-6-6-6-6,61,6,"{""EF2"": 3, ""EF3"": 5, ""EF4"": 3, ""EF5"": 1, ""SL5"": 1, ""Seuil3"": 2, ""Seuil4"": 3}",delta_fatigue_term,0.20833333333333331,,
62,8,5,weighted_greedy,8-6-6-6-6,8,-8,19,18,1,EF1,EF,1,1,8,1,0,True,,False,0.1578947368421053,0.0,-0.021875000000000006,-0.5,-0.36398026315789433,3.3306690738754696e-16,5.732730263157895,5.36875,19,1,1,1,0,0,0,0,-7,-7,False,15,0.0,1,False,best_rejected_stop,marginal_utility_negative,13,8-6-6-6-6,71,7,"{""EF2"": 3, ""EF3"": 5, ""EF4"": 3, ""EF5"": 2, ""SL5"": 2, ""Seuil3"": 2, ""Seuil4"": 3}",delta_fatigue_term,0.06800986842105265,1.458059210526316,1.8220394736842103
62,9,3,weighted_greedy,8-8-6-6-6,8,-8,18,11,7,EF5,EF,5,5,7,5,0,True,,False,0.833333333333333,0.0,-0.005952380952380959,-1.0,-0.17261904761904834,-4.163336342344337e-16,4.779761904761905,4.607142857142857,16,-4,0,0,0,0,-1,3,-9,-8,False,16,0.0,1,False,best_rejected_stop,marginal_utility_negative,13,8-8-6-6-6,89,9,"{""EF2"": 3, ""EF3"": 5, ""EF4"": 4, ""EF5"": 3, ""SL5"": 2, ""SL6"": 1, ""Seuil3"": 3, ""Seuil4"": 3}",delta_fatigue_term,0.20684523809523803,,
62,10,6,weighted_greedy,8-8-6-6-6-6,8,-8,23,21,2,EF1,EF,1,1,8,1,0,True,,False,0.13043478260869623,0.0,-0.016666666666666677,-0.25,-0.13623188405797038,5.551115123125783e-17,5.870380434782608,5.734148550724638,22,-1,0,0,0,0,0,0,-8,-8,False,16,0.0,1,False,best_rejected_stop,marginal_utility_negative,14,8-8-6-6-6-6,100,10,"{""EF2"": 3, ""EF3"": 5, ""EF4"": 4, ""EF5"": 4, ""SL5"": 2, ""SL6"": 2, ""Seuil3"": 3, ""Seuil4"": 3}",delta_fatigue_term,0.11376811594202955,0.020176630434781906,0.15640851449275228
62,11,5,weighted_greedy,8-8-8-6-6-6,8,-8,26,18,8,EF2,EF,2,2,6,2,0,True,,False,0.23076923076923128,0.0,-0.020833333333333343,-0.25,-0.04006410256410131,7.494005416219807e-16,5.764423076923077,5.7243589743589745,20,-4,0,0,0,0,-1,2,-9,-8,False,16,0.0,1,False,best_rejected_stop,marginal_utility_negative,14,8-8-8-6-6-6,121,12,"{""EF1"": 1, ""EF2"": 3, ""EF3"": 5, ""EF4"": 5, ""EF5"": 5, ""SL5"": 2, ""SL6"": 2, ""SL7"": 1, ""Seuil3"": 3, ""Seuil4"": 4}",delta_fatigue_term,0.20993589743589794,0.45459401709401703,0.49465811965811834
62,13,5,weighted_greedy,8-8-8-6-6-6,8,-8,25,18,7,EF4,EF,4,4,8,4,0,True,,False,0.48,0.0,-0.003124999999999989,-0.5,-0.023124999999999396,6.106226635438361e-16,5.800625,5.7775,22,-2,0,0,0,0,0,3,-8,-8,False,16,0.0,1,False,best_rejected_stop,marginal_utility_negative,14,8-8-8-6-6-6,152,15,"{""EF1"": 2, ""EF2"": 3, ""EF3"": 6, ""EF4"": 7, ""EF5"": 6, ""SL5"": 2, ""SL6"": 3, ""SL7"": 1, ""Seuil3"": 3, ""Seuil4"": 6}",delta_fatigue_term,0.2384375,0.4747916666666665,0.4979166666666659
62,14,5,weighted_greedy,8-8-8-8-6-6,8,-8,24,19,5,EF4,EF,4,4,7,4,0,True,,False,0.5,0.0,-0.005357142857142866,-0.5,-0.005357142857142172,6.938893903907228e-16,6.044642857142857,6.039285714285715,23,-2,0,0,0,0,0,3,-8,-8,False,16,0.0,1,False,best_rejected_stop,marginal_utility_negative,15,8-8-8-8-6-6,170,17,"{""EF1"": 2, ""EF2"": 4, ""EF3"": 6, ""EF4"": 7, ""EF5"": 7, ""SL5"": 2, ""SL6"": 3, ""SL7"": 2, ""Seuil3"": 3, ""Seuil4"": 7}",delta_fatigue_term,0.24732142857142858,0.49107142857142794,0.4964285714285701
62,15,5,weighted_greedy,8-8-8-8-6-6,8,-8,27,19,8,EF2,EF,2,2,7,2,0,True,,False,0.22222222222222232,0.0,-0.019642857142857156,-0.25,-0.0474206349206332,1.6375789613221059e-15,5.780753968253968,5.733333333333333,21,-4,0,0,0,0,-1,2,-9,-8,False,16,0.0,1,False,best_rejected_stop,marginal_utility_negative,15,8-8-8-8-6-6,189,19,"{""EF1"": 2, ""EF2"": 4, ""EF3"": 7, ""EF4"": 7, ""EF5"": 8, ""SL5"": 2, ""SL6"": 3, ""SL7"": 3, ""Seuil3"": 3, ""Seuil4"": 8}",delta_fatigue_term,0.20257936507936516,0.4355158730158726,0.4829365079365058
63,1,3,weighted_greedy,6-6-6-6,6,0,14,4,10,EF1,EF,1,1,4,1,0,True,,False,0.2142857142857143,0.0,-0.02083333333333333,-0.75,-0.5565476190476191,0.0,2.982142857142857,2.425595238095238,5,-9,0,0,0,0,-4,0,-4,-4,False,10,0.0,1,False,best_rejected_stop,marginal_utility_negative,2,6-6-6-6,0,0,{},delta_fatigue_term,0.06448412698412699,0.4285714285714284,0.9851190476190474
63,2,6,weighted_greedy,6-6-6-6,6,-4,14,12,2,EF1,EF,1,1,6,1,0,True,,False,0.2142857142857144,0.0,-0.009722222222222215,-0.25,-0.04543650793650755,2.498001805406602e-16,5.671428571428571,5.625992063492063,13,-1,0,0,0,0,0,0,-4,-4,False,10,0.0,1,False,best_rejected_stop,marginal_utility_negative,6,6-6-6-6,4,0,"{""EF2"": 2}",delta_fatigue_term,0.2045634920634922,0.19970238095238013,0.24513888888888768
63,3,5,weighted_greedy,6-6-6-6,6,-4,14,12,2,EF1,EF,1,1,6,1,0,True,,False,0.2142857142857144,0.0,-0.016666666666666663,-0.25,-0.052380952380952195,5.551115123125783e-17,5.696428571428571,5.644047619047619,13,-1,0,0,0,0,0,0,-4,-4,False,10,0.0,1,False,best_rejected_stop,marginal_utility_negative,8,6-6-6-6,16,2,"{""EF1"": 1, ""EF2"": 3, ""EF3"": 1, ""Seuil3"": 2}",delta_fatigue_term,0.19761904761904775,1.8710317460317456,1.9234126984126978
63,6,3,weighted_greedy,8-6-6-6-6,8,-5,20,10,10,EF5,EF,5,5,6,5,0,True,,False,0.75,0.0,0.0,-1.0,-0.25,0.0,4.458333333333333,4.208333333333333,15,-4,0,0,0,0,-1,3,-6,-6,False,14,0.0,1,False,best_rejected_stop,marginal_utility_negative,12,8-6-6-6-6,52,6,"{""EF1"": 1, ""EF2"": 6, ""EF3"": 3, ""EF4"": 2, ""Seuil3"": 3, ""Seuil4"": 2, ""Seuil5"": 1}",delta_fatigue_term,0.1875,,
63,7,3,weighted_greedy,8-6-6-6-6,8,-8,14,10,4,EF3,EF,3,3,6,3,0,True,,False,0.6428571428571428,0.0,-0.02777777777777779,-0.75,-0.13492063492063533,-3.3306690738754696e-16,5.101190476190476,4.966269841269841,13,-6,0,0,0,0,-3,1,-11,-8,False,16,0.0,1,False,best_rejected_stop,marginal_utility_negative,12,8-6-6-6-6,62,7,"{""EF1"": 1, ""EF2"": 6, ""EF3"": 3, ""EF4"": 2, ""EF5"": 1, ""SL5"": 1, ""Seuil3"": 3, ""Seuil4"": 2, ""Seuil5"": 1}",delta_fatigue_term,0.205026455026455,,
63,8,3,weighted_greedy,8-8-6-6-6,8,-8,18,11,7,EF5,EF,5,5,7,5,0,True,,False,0.833333333333333,0.0,-0.005952380952380959,-1.0,-0.17261904761904834,-4.163336342344337e-16,4.779761904761905,4.607142857142857,16,-4,0,0,0,0,-1,3,-9,-8,False,16,0.0,1,False,best_rejected_stop,marginal_utility_negative,13,8-8-6-6-6,72,8,"{""EF1"": 1, ""EF2"": 6, ""EF3"": 3, ""EF4"": 2, ""EF5"": 2, ""SL5"": 2, ""Seuil3"": 3, ""Seuil4"": 2, ""Seuil5"": 1}",delta_fatigue_term,0.20684523809523803,,
63,9,3,weighted_greedy,8-8-6-6-6,8,-8,15,11,4,EF3,EF,3,3,8,3,0,True,,False,0.6000000000000001,0.0,-0.026041666666666657,-0.75,-0.17604166666666643,1.3877787807814457e-16,5.121874999999999,4.945833333333333,14,-6,0,0,0,0,-3,1,-11,-8,False,16,0.0,1,False,best_rejected_stop,marginal_utility_negative,13,8-8-6-6-6,83,9,"{""EF1"": 1, ""EF2"": 6, ""EF3"": 3, ""EF4"": 2, ""EF5"": 3, ""SL5"": 2, ""SL6"": 1, ""Seuil3"": 3, ""Seuil4"": 2, ""Seuil5"": 1}",delta_fatigue_term,0.1913194444444445,,
63,10,3,weighted_greedy,8-8-6-6-6,8,-8,19,11,8,EF5,EF,5,5,6,5,0,True,,False,0.7894736842105261,0.0,-0.0069444444444444475,-1.0,-0.2174707602339181,2.498001805406602e-16,4.7160087719298245,4.498538011695906,16,-4,0,0,0,0,-1,3,-9,-8,False,16,0.0,1,False,best_rejected_stop,marginal_utility_negative,14,8-8-6-6-6,94,10,"{""EF1"": 1, ""EF2"": 6, ""EF3"": 3, ""EF4"": 2, ""EF5"": 4, ""SL5"": 2, ""SL6"": 2, ""Seuil3"": 3, ""Seuil4"": 2, ""Seuil5"": 1}",delta_fatigue_term,0.19563230994152042,,
63,11,5,weighted_greedy,8-8-6-6-6-6,8,-8,14,13,1,EF1,EF,1,1,4,1,0,True,,False,0.2142857142857144,0.0,-0.02812500000000001,-0.75,-0.5638392857142858,-2.220446049250313e-16,6.488839285714286,5.925,14,-9,0,0,0,0,-4,0,-12,-8,False,16,0.0,1,False,best_rejected_stop,marginal_utility_negative,14,8-8-6-6-6-6,105,11,"{""EF1"": 1, ""EF2"": 6, ""EF3"": 3, ""EF4"": 2, ""EF5"": 5, ""SL5"": 2, ""SL6"": 3, ""Seuil3"": 3, ""Seuil4"": 2, ""Seuil5"": 1}",delta_fatigue_term,0.062053571428571465,0.1674107142857144,0.7312500000000002
63,12,6,weighted_greedy,8-8-8-6-6-6,8,-8,21,20,1,EF1,EF,1,1,6,1,0,True,,False,0.14285714285714324,0.0,-0.020833333333333315,-0.25,-0.1279761904761907,-6.106226635438361e-16,6.273809523809524,6.145833333333333,21,-3,0,0,0,0,0,1,-8,-8,False,16,0.0,1,False,best_rejected_stop,marginal_utility_negative,14,8-8-8-6-6-6,118,12,"{""EF1"": 2, ""EF2"": 6, ""EF3"": 3, ""EF4"": 4, ""EF5"": 5, ""SL5"": 2, ""SL6"": 3, ""Seuil3"": 3, ""Seuil4"": 3, ""Seuil5"": 1}",delta_fatigue_term,0.12202380952380992,0.01488095238095255,0.14285714285714324
63,13,5,weighted_greedy,8-8-8-6-6-6,8,-8,25,18,7,EF4,EF,4,4,6,4,0,True,,False,0.48,0.0,-0.004166666666666652,-0.5,-0.024166666666666003,6.661338147750939e-16,5.8475,5.823333333333333,22,-2,0,0,0,0,0,3,-8,-8,False,16,0.0,1,False,best_rejected_stop,marginal_utility_negative,14,8-8-8-6-6-6,138,14,"{""EF1"": 2, ""EF2"": 7, ""EF3"": 4, ""EF4"": 4, ""EF5"": 6, ""SL5"": 2, ""SL6"": 4, ""Seuil3"": 3, ""Seuil4"": 4, ""Seuil5"": 1}",delta_fatigue_term,0.23791666666666667,0.4730555555555558,0.4972222222222218
63,15,5,weighted_greedy,8-8-8-8-6-6,8,-8,26,19,7,EF2,EF,2,2,8,2,0,True,,False,0.23076923076923128,0.0,-0.017187499999999994,-0.25,-0.03641826923076863,8.326672684688674e-17,5.840745192307692,5.804326923076923,21,-4,0,0,0,0,-1,2,-9,-8,False,16,0.0,1,False,best_rejected_stop,marginal_utility_negative,14,8-8-8-8-6-6,179,18,"{""EF1"": 2, ""EF2"": 7, ""EF3"": 6, ""EF4"": 5, ""EF5"": 8, ""SL5"": 2, ""SL6"": 5, ""SL7"": 1, ""Seuil3"": 3, ""Seuil4"": 6, ""Seuil5"": 1}",delta_fatigue_term,0.2135817307692313,0.4537259615384608,0.4901442307692294
64,1,3,weighted_greedy,6-6-6-6,6,0,15,4,11,EF1,EF,1,1,6,1,0,True,,False,0.19999999999999996,0.0,-0.013888888888888881,-0.75,-0.5638888888888887,2.220446049250313e-16,2.8833333333333333,2.3194444444444446,5,-9,0,0,0,0,-4,0,-4,-4,False,10,0.0,1,False,best_rejected_stop,marginal_utility_negative,2,6-6-6-6,0,0,{},delta_fatigue_term,0.06203703703703702,0.3999999999999999,0.9638888888888886
64,3,5,weighted_greedy,6-6-6-6,6,-4,15,13,2,EF1,EF,1,1,6,1,0,True,,False,0.19999999999999973,0.0,-0.018750000000000003,-0.25,-0.06875000000000053,-2.636779683484747e-16,5.485416666666667,5.416666666666666,14,0,0,0,0,0,0,0,-4,-4,False,10,0.0,1,False,best_rejected_stop,marginal_utility_negative,7,6-6-6-6,15,1,"{""EF2"": 3, ""EF3"": 2, ""Seuil3"": 1}",delta_fatigue_term,0.18124999999999974,1.5965277777777778,1.6652777777777783
64,4,4,weighted_greedy,6-6-6-6,6,-4,14,12,2,EF1,EF,1,1,6,1,0,True,,False,0.2142857142857144,0.0,-0.03125,-0.25,-0.06696428571428559,0.0,4.238095238095238,4.1711309523809526,13,-1,0,0,0,0,0,0,-4,-4,False,10,0.0,1,False,best_rejected_stop,marginal_utility_negative,9,6-6-6-6,28,3,"{""EF2"": 3, ""EF3"": 3, ""EF4"": 1, ""Seuil3"": 3}",delta_fatigue_term,0.1830357142857144,0.3571428571428572,0.4241071428571428
64,6,3,weighted_greedy,8-6-6-6-6,8,-4,13,10,3,EF3,EF,3,3,6,3,0,True,,False,0.6923076923076921,0.0,-0.02777777777777779,-0.75,-0.08547008547008605,-3.3306690738754696e-16,5.266025641025641,5.180555555555555,13,-6,0,0,0,0,-3,1,-7,-7,False,15,0.0,1,False,best_rejected_stop,marginal_utility_negative,12,8-6-6-6-6,53,5,"{""EF1"": 1, ""EF2"": 3, ""EF3"": 3, ""EF4"": 5, ""Seuil3"": 3, ""Seuil4"": 2}",delta_fatigue_term,0.22150997150997143,,
64,7,3,weighted_greedy,8-6-6-6-6,8,-8,14,10,4,EF3,EF,3,3,5,3,0,True,,False,0.6428571428571428,0.0,-0.033333333333333354,-0.75,-0.14047619047618998,5.828670879282072e-16,5.142857142857142,5.002380952380952,13,-6,0,0,0,0,-3,1,-11,-8,False,16,0.0,1,False,best_rejected_stop,marginal_utility_negative,12,8-6-6-6-6,63,6,"{""EF1"": 1, ""EF2"": 3, ""EF3"": 3, ""EF4"": 5, ""EF5"": 1, ""SL5"": 1, ""Seuil3"": 3, ""Seuil4"": 2}",delta_fatigue_term,0.20317460317460315,,
64,8,4,weighted_greedy,8-6-6-6-6,8,-8,16,15,1,EF1,EF,1,1,8,1,0,True,,False,0.1875,0.0,-0.03125,-0.25,-0.09375,0.0,4.71875,4.625,16,-3,0,0,0,0,0,1,-8,-8,False,16,0.0,1,False,best_rejected_stop,marginal_utility_negative,13,8-6-6-6-6,73,7,"{""EF1"": 1, ""EF2"": 3, ""EF3"": 3, ""EF4"": 5, ""EF5"": 2, ""SL5"": 2, ""Seuil3"": 3, ""Seuil4"": 2}",delta_fatigue_term,0.15625,0.234375,0.328125
64,9,3,weighted_greedy,8-8-6-6-6,8,-8,16,11,5,EF5,EF,5,5,7,5,0,True,,False,0.9375,0.0,-0.005952380952380959,-1.0,-0.06845238095238049,4.718447854656915e-16,5.008928571428571,4.940476190476191,16,-4,0,0,0,0,-1,3,-9,-8,False,16,0.0,1,False,best_rejected_stop,marginal_utility_negative,13,8-8-6-6-6,88,8,"{""EF1"": 1, ""EF2"": 3, ""EF3"": 3, ""EF4"": 6, ""EF5"": 3, ""SL5"": 2, ""SL6"": 1, ""Seuil3"": 3, ""Seuil4"": 2}",delta_fatigue_term,0.23288690476190477,,
64,10,5,weighted_greedy,8-8-6-6-6,8,-8,22,19,3,EF1,EF,1,1,7,1,0,True,,False,0.13636363636363624,0.0,-0.0267857142857143,-0.5,-0.3904220779220777,3.3306690738754696e-16,5.510551948051948,5.12012987012987,20,1,1,1,0,0,0,0,-7,-7,False,15,0.0,1,False,best_rejected_stop,marginal_utility_negative,14,8-8-6-6-6,99,9,"{""EF1"": 1, ""EF2"": 3, ""EF3"": 3, ""EF4"": 6, ""EF5"": 4, ""SL5"": 2, ""SL6"": 2, ""Seuil3"": 3, ""Seuil4"": 2}",delta_fatigue_term,0.05478896103896097,1.3882575757575752,1.778679653679653
64,11,6,weighted_greedy,8-8-6-6-6-6,8,-8,22,21,1,EF1,EF,1,1,8,1,0,True,,False,0.13636363636363624,0.0,-0.016666666666666677,-0.25,-0.13030303030302992,4.996003610813204e-16,5.994886363636364,5.864583333333333,22,-1,0,0,0,0,0,0,-8,-8,False,16,0.0,1,False,best_rejected_stop,marginal_utility_negative,14,8-8-6-6-6-6,118,11,"{""EF1"": 1, ""EF2"": 3, ""EF3"": 3, ""EF4"": 7, ""EF5"": 5, ""SL5"": 2, ""SL6"": 2, ""SL7"": 1, ""Seuil3"": 4, ""Seuil4"": 2}",delta_fatigue_term,0.11969696969696957,0.043892045454544615,0.17419507575757454
65,1,3,weighted_greedy,6-6-6-6,6,0,12,4,8,EF1,EF,1,1,5,1,0,True,,False,0.25,0.0,-0.016666666666666663,-0.75,-0.516666666666667,-4.440892098500626e-16,3.1,2.5833333333333335,5,-9,0,0,0,0,-4,0,-4,-4,False,10,0.0,1,False,best_rejected_stop,marginal_utility_negative,2,6-6-6-6,0,0,{},delta_fatigue_term,0.07777777777777778,0.5,1.016666666666667
65,2,6,weighted_greedy,6-6-6-6,6,-4,13,12,1,EF1,EF,1,1,5,1,0,True,,False,0.23076923076923084,0.0,-0.011666666666666672,-0.25,-0.030897435897435876,-4.163336342344337e-17,5.889230769230769,5.858333333333333,13,-1,0,0,0,0,0,0,-4,-4,False,10,0.0,1,False,best_rejected_stop,marginal_utility_negative,6,6-6-6-6,4,0,"{""EF2"": 2}",delta_fatigue_term,0.21910256410256418,0.21326923076923077,0.24416666666666664
65,3,5,weighted_greedy,6-6-6-6,6,-4,15,12,3,EF1,EF,1,1,6,1,0,True,,False,0.19999999999999973,0.0,-0.016666666666666663,-0.25,-0.06666666666666732,-3.885780586188048e-16,5.525,5.458333333333333,13,-1,0,0,0,0,0,0,-4,-4,False,10,0.0,1,False,best_rejected_stop,marginal_utility_negative,8,6-6-6-6,16,2,"{""EF1"": 1, ""EF2"": 3, ""EF3"": 1, ""Seuil3"": 2}",delta_fatigue_term,0.18333333333333307,1.813888888888889,1.8805555555555564
65,4,5,weighted_greedy,8-6-6-6,8,-4,16,14,2,EF1,EF,1,1,7,1,0,True,,False,0.1875,0.0,-0.017857142857142863,-0.25,-0.08035714285714324,-3.7470027081099033e-16,5.5,5.419642857142857,15,0,0,0,0,0,0,0,-4,-4,False,12,0.0,1,False,best_rejected_stop,marginal_utility_negative,9,8-6-6-6,28,4,"{""EF1"": 1, ""EF2"": 4, ""EF3"": 2, ""Seuil3"": 3, ""Seuil4"": 1}",delta_fatigue_term,0.16964285714285715,1.556547619047619,1.6369047619047623
65,5,4,weighted_greedy,8-6-6-6,8,-4,15,13,2,EF1,EF,1,1,6,1,0,True,,False,0.19999999999999973,0.0,-0.03472222222222221,-0.25,-0.08472222222222214,3.3306690738754696e-16,4.280555555555556,4.195833333333333,14,-1,0,0,0,0,0,0,-4,-4,False,12,0.0,1,False,best_rejected_stop,marginal_utility_negative,11,8-6-6-6,42,6,"{""EF1"": 1, ""EF2"": 4, ""EF3"": 2, ""EF4"": 2, ""Seuil3"": 5, ""Seuil4"": 1}",delta_fatigue_term,0.16527777777777752,0.3222222222222215,0.40694444444444366
65,6,3,weighted_greedy,8-6-6-6-6,8,-4,13,10,3,EF3,EF,3,3,5,3,0,True,,False,0.6923076923076921,0.0,-0.033333333333333354,-0.75,-0.09102564102564159,-3.0531133177191805e-16,5.307692307692308,5.216666666666667,13,-6,0,0,0,0,-3,1,-7,-7,False,15,0.0,1,False,best_rejected_stop,marginal_utility_negative,11,8-6-6-6-6,55,7,"{""EF1"": 1, ""EF2"": 4, ""EF3"": 3, ""EF4"": 2, ""EF5"": 1, ""SL5"": 1, ""Seuil3"": 5, ""Seuil4"": 1}",delta_fatigue_term,0.21965811965811957,,
65,7,3,weighted_greedy,8-8-6-6-6,8,-8,18,11,7,EF5,EF,5,5,6,5,0,True,,False,0.833333333333333,0.0,-0.0069444444444444475,-1.0,-0.1736111111111116,-1.942890293094024e-16,4.8125,4.638888888888888,16,-4,0,0,0,0,-1,3,-9,-8,False,16,0.0,1,False,best_rejected_stop,marginal_utility_negative,12,8-8-6-6-6,65,8,"{""EF1"": 1, ""EF2"": 4, ""EF3"": 3, ""EF4"": 2, ""EF5"": 2, ""SL5"": 2, ""Seuil3"": 5, ""Seuil4"": 1}",delta_fatigue_term,0.20659722222222215,,
65,8,3,weighted_greedy,8-8-6-6-6,8,-8,18,11,7,EF5,EF,5,5,6,5,0,True,,False,0.833333333333333,0.0,-0.0069444444444444475,-1.0,-0.1736111111111116,-1.942890293094024e-16,4.8125,4.638888888888888,16,-4,0,0,0,0,-1,3,-9,-8,False,16,0.0,1,False,best_rejected_stop,marginal_utility_negative,12,8-8-6-6-6,76,9,"{""EF1"": 1, ""EF2"": 4, ""EF3"": 3, ""EF4"": 2, ""EF5"": 3, ""SL5"": 2, ""SL6"": 1, ""Seuil3"": 5, ""Seuil4"": 1}",delta_fatigue_term,0.20659722222222215,,
65,13,5,weighted_greedy,8-8-8-8-6-6,8,-8,24,19,5,EF4,EF,4,4,7,4,0,True,,False,0.5,0.0,-0.005357142857142866,-0.5,-0.005357142857142172,6.938893903907228e-16,6.044642857142857,6.039285714285715,23,-2,0,0,0,0,0,3,-8,-8,False,16,0.0,1,False,best_rejected_stop,marginal_utility_negative,15,8-8-8-8-6-6,161,17,"{""EF1"": 1, ""EF2"": 8, ""EF3"": 3, ""EF4"": 4, ""EF5"": 8, ""SL5"": 2, ""SL6"": 3, ""SL7"": 3, ""Seuil3"": 6, ""Seuil4"": 3}",delta_fatigue_term,0.24732142857142858,0.49107142857142794,0.4964285714285701
65,16,5,weighted_greedy,8-8-8-8-6-6,8,-8,26,19,7,EF2,EF,2,2,7,2,0,True,,False,0.23076923076923128,0.0,-0.019642857142857156,-0.25,-0.03887362637362468,1.1934897514720433e-15,5.861950549450549,5.823076923076924,21,-4,0,0,0,0,-1,2,-9,-8,False,16,0.0,1,False,best_rejected_stop,marginal_utility_negative,15,8-8-8-8-6-6,224,23,"{""EF1"": 1, ""EF2"": 10, ""EF3"": 4, ""EF4"": 6, ""EF5"": 11, ""SL5"": 2, ""SL6"": 4, ""SL7"": 4, ""SL8"": 1, ""Seuil3"": 6, ""Seuil4"": 6}",delta_fatigue_term,0.21112637362637413,0.4526098901098896,0.4914835164835143
66,1,3,weighted_greedy,6-6-6-6,6,0,11,4,7,EF1,EF,1,1,4,1,0,True,,False,0.2727272727272727,0.0,-0.02083333333333333,-0.75,-0.49810606060606055,5.551115123125783e-17,3.215909090909091,2.7178030303030303,5,-9,0,0,0,0,-4,0,-4,-4,False,10,0.0,1,False,best_rejected_stop,marginal_utility_negative,2,6-6-6-6,0,0,{},delta_fatigue_term,0.08396464646464646,0.5454545454545454,1.043560606060606
66,3,5,weighted_greedy,6-6-6-6,6,-4,14,13,1,EF1,EF,1,1,6,1,0,True,,False,0.2142857142857144,0.0,-0.018750000000000003,-0.25,-0.0544642857142863,-7.077671781985373e-16,5.6711309523809526,5.616666666666666,14,0,0,0,0,0,0,0,-4,-4,False,10,0.0,1,False,best_rejected_stop,marginal_utility_negative,7,6-6-6-6,15,1,"{""EF2"": 3, ""EF3"": 2, ""Seuil3"": 1}",delta_fatigue_term,0.19553571428571442,1.639384920634921,1.6938492063492072
66,4,4,weighted_greedy,6-6-6-6,6,-4,13,12,1,EF1,EF,1,1,6,1,0,True,,False,0.23076923076923084,0.0,-0.03125,-0.25,-0.05048076923076916,0.0,4.435897435897436,4.385416666666667,13,-1,0,0,0,0,0,0,-4,-4,False,10,0.0,1,False,best_rejected_stop,marginal_utility_negative,9,6-6-6-6,28,3,"{""EF2"": 3, ""EF3"": 3, ""EF4"": 1, ""Seuil3"": 3}",delta_fatigue_term,0.19951923076923084,0.42307692307692335,0.4735576923076925
66,6,3,weighted_greedy,8-6-6-6-6,8,-4,23,10,13,EF5,EF,5,5,7,5,0,True,,False,0.6521739130434783,0.0,0.0,-1.0,-0.34782608695652195,-2.220446049250313e-16,4.232919254658385,3.8850931677018634,15,-4,0,0,0,0,-1,3,-5,-5,False,13,0.0,1,False,best_rejected_stop,marginal_utility_negative,11,8-6-6-6-6,52,5,"{""EF2"": 4, ""EF3"": 3, ""EF4"": 3, ""EF5"": 1, ""SL5"": 1, ""Seuil3"": 3, ""Seuil4"": 1}",delta_fatigue_term,0.16304347826086957,,
66,7,3,weighted_greedy,8-6-6-6-6,8,-8,14,10,4,EF3,EF,3,3,5,3,0,True,,False,0.6428571428571428,0.0,-0.033333333333333354,-0.75,-0.14047619047618998,5.828670879282072e-16,5.142857142857142,5.002380952380952,13,-6,0,0,0,0,-3,1,-11,-8,False,16,0.0,1,False,best_rejected_stop,marginal_utility_negative,12,8-6-6-6-6,62,6,"{""EF2"": 4, ""EF3"": 3, ""EF4"": 3, ""EF5"": 2, ""SL5"": 2, ""Seuil3"": 3, ""Seuil4"": 1}",delta_fatigue_term,0.20317460317460315,,
66,8,5,weighted_greedy,8-6-6-6-6,8,-8,22,18,4,EF1,EF,1,1,8,1,0,True,,False,0.13636363636363624,0.0,-0.021875000000000006,-0.5,-0.38551136363636385,-1.1102230246251565e-16,5.345170454545455,4.959659090909091,19,1,1,1,0,0,0,0,-7,-7,False,15,0.0,1,False,best_rejected_stop,marginal_utility_negative,12,8-6-6-6-6,72,7,"{""EF2"": 4, ""EF3"": 3, ""EF4"": 3, ""EF5"": 3, ""SL5"": 3, ""Seuil3"": 3, ""Seuil4"": 1}",delta_fatigue_term,0.05724431818181812,1.3934659090909096,1.7789772727272735
66,9,3,weighted_greedy,8-8-6-6-6,8,-8,19,11,8,EF5,EF,5,5,6,5,0,True,,False,0.7894736842105261,0.0,-0.0069444444444444475,-1.0,-0.2174707602339181,2.498001805406602e-16,4.7160087719298245,4.498538011695906,16,-4,0,0,0,0,-1,3,-9,-8,False,16,0.0,1,False,best_rejected_stop,marginal_utility_negative,12,8-8-6-6-6,90,9,"{""EF2"": 4, ""EF3"": 3, ""EF4"": 4, ""EF5"": 4, ""SL5"": 3, ""SL6"": 1, ""Seuil3"": 4, ""Seuil4"": 1}",delta_fatigue_term,0.19563230994152042,,
66,12,5,weighted_greedy,8-8-8-6-6-6,8,-8,24,18,6,EF4,EF,4,4,7,4,0,True,,False,0.5,0.0,-0.0035714285714285587,-0.5,-0.0035714285714281147,4.440892098500626e-16,5.910714285714286,5.9071428571428575,22,-2,0,0,0,0,0,3,-8,-8,False,16,0.0,1,False,best_rejected_stop,marginal_utility_negative,14,8-8-8-6-6-6,144,14,"{""EF2"": 6, ""EF3"": 3, ""EF4"": 6, ""EF5"": 7, ""SL5"": 3, ""SL6"": 3, ""SL7"": 1, ""Seuil3"": 4, ""Seuil4"": 3}",delta_fatigue_term,0.24821428571428572,0.4940476190476195,0.4976190476190476
66,15,5,weighted_greedy,8-8-8-8-6-6,8,-8,27,19,8,EF2,EF,2,2,8,2,0,True,,False,0.22222222222222232,0.0,-0.017187499999999994,-0.25,-0.044965277777777146,5.273559366969494e-16,5.759548611111111,5.714583333333334,21,-4,0,0,0,0,-1,2,-9,-8,False,16,0.0,1,False,best_rejected_stop,marginal_utility_negative,15,8-8-8-8-6-6,208,20,"{""EF2"": 7, ""EF3"": 4, ""EF4"": 9, ""EF5"": 10, ""SL5"": 3, ""SL6"": 4, ""SL7"": 3, ""Seuil3"": 4, ""Seuil4"": 6}",delta_fatigue_term,0.20503472222222233,0.43663194444444375,0.4815972222222209
66,16,5,weighted_greedy,8-8-8-8-6-6,8,-8,24,19,5,EF4,EF,4,4,8,4,0,True,,False,0.5,0.0,-0.004687500000000011,-0.5,-0.004687500000000178,-1.6653345369377348e-16,6.0234375,6.01875,23,-2,0,0,0,0,0,3,-8,-8,False,16,0.0,1,False,best_rejected_stop,marginal_utility_negative,15,8-8-8-8-6-6,227,22,"{""EF2"": 8, ""EF3"": 4, ""EF4"": 9, ""EF5"": 11, ""SL5"": 3, ""SL6"": 4, ""SL7"": 3, ""SL8"": 1, ""Seuil3"": 4, ""Seuil4"": 7}",delta_fatigue_term,0.24765625,0.4921875,0.4968750000000002
67,1,3,weighted_greedy,6-6-6-6,6,0,13,4,9,EF1,EF,1,1,4,1,0,True,,False,0.23076923076923084,0.0,-0.02083333333333333,-0.75,-0.5400641025641026,-1.1102230246251565e-16,3.0480769230769234,2.5080128205128207,5,-9,0,0,0,0,-4,0,-4,-4,False,10,0.0,1,False,best_rejected_stop,marginal_utility_negative,2,6-6-6-6,0,0,{},delta_fatigue_term,0.06997863247863251,0.4615384615384617,1.0016025641025643
67,2,6,weighted_greedy,6-6-6-6,6,-4,13,12,1,EF1,EF,1,1,5,1,0,True,,False,0.23076923076923084,0.0,-0.011666666666666672,-0.25,-0.030897435897435876,-4.163336342344337e-17,5.889230769230769,5.858333333333333,13,-1,0,0,0,0,0,0,-4,-4,False,10,0.0,1,False,best_rejected_stop,marginal_utility_negative,6,6-6-6-6,4,0,"{""EF2"": 2}",delta_fatigue_term,0.21910256410256418,0.21326923076923077,0.24416666666666664
67,3,5,weighted_greedy,6-6-6-6,6,-4,14,12,2,EF1,EF,1,1,6,1,0,True,,False,0.2142857142857144,0.0,-0.016666666666666663,-0.25,-0.052380952380952195,5.551115123125783e-17,5.696428571428571,5.644047619047619,13,-1,0,0,0,0,0,0,-4,-4,False,10,0.0,1,False,best_rejected_stop,marginal_utility_negative,8,6-6-6-6,16,2,"{""EF1"": 1, ""EF2"": 3, ""EF3"": 1, ""Seuil3"": 2}",delta_fatigue_term,0.19761904761904775,1.8710317460317456,1.9234126984126978
67,6,3,weighted_greedy,8-6-6-6-6,8,-6,17,10,7,EF5,EF,5,5,8,5,0,True,,False,0.8823529411764706,0.0,0.0,-1.0,-0.11764705882352988,-4.440892098500626e-16,4.670955882352941,4.553308823529411,15,-4,0,0,0,0,-1,3,-7,-7,False,15,0.0,1,False,best_rejected_stop,marginal_utility_negative,11,8-6-6-6-6,51,6,"{""EF1"": 1, ""EF2"": 5, ""EF3"": 2, ""EF4"": 2, ""EF5"": 1, ""SL5"": 1, ""Seuil3"": 4, ""Seuil4"": 1}",delta_fatigue_term,0.22058823529411764,,
67,8,3,weighted_greedy,8-8-6-6-6,8,-8,15,10,5,EF1,EF,1,1,5,1,0,True,,False,0.19999999999999973,0.0,-0.06666666666666668,-0.75,-0.6166666666666671,-2.220446049250313e-16,5.75,5.133333333333333,11,-9,0,0,0,0,-4,0,-12,-8,False,16,0.0,1,False,best_rejected_stop,marginal_utility_negative,12,8-8-6-6-6,79,9,"{""EF1"": 1, ""EF2"": 5, ""EF3"": 2, ""EF4"": 3, ""EF5"": 3, ""SL5"": 2, ""SL6"": 1, ""Seuil3"": 5, ""Seuil4"": 1}",delta_fatigue_term,0.04444444444444435,,
67,9,3,weighted_greedy,8-8-6-6-6,8,-8,23,11,12,EF5,EF,5,5,7,5,0,True,,False,0.652173913043478,0.0,-0.005952380952380959,-1.0,-0.3537784679089029,0.0,4.3812111801242235,4.027432712215321,16,-4,0,0,0,0,-1,3,-9,-8,False,16,0.0,1,False,best_rejected_stop,marginal_utility_negative,12,8-8-6-6-6,89,10,"{""EF1"": 1, ""EF2"": 5, ""EF3"": 2, ""EF4"": 3, ""EF5"": 4, ""SL5"": 3, ""SL6"": 1, ""Seuil3"": 5, ""Seuil4"": 1}",delta_fatigue_term,0.16155538302277428,,
67,10,5,weighted_greedy,8-8-6-6-6-6,8,-8,18,17,1,EF1,EF,1,1,6,1,0,True,,False,0.16666666666666696,0.0,-0.027083333333333348,-0.25,-0.11041666666666572,6.661338147750939e-16,6.510416666666666,6.4,18,-5,0,0,0,0,-2,1,-10,-8,False,16,0.0,1,False,best_rejected_stop,marginal_utility_negative,13,8-8-6-6-6-6,100,11,"{""EF1"": 1, ""EF2"": 5, ""EF3"": 2, ""EF4"": 3, ""EF5"": 5, ""SL5"": 3, ""SL6"": 2, ""Seuil3"": 5, ""Seuil4"": 1}",delta_fatigue_term,0.13958333333333361,0.6631944444444446,0.7736111111111104
67,11,5,weighted_greedy,8-8-8-6-6-6,8,-8,25,18,7,EF4,EF,4,4,8,4,0,True,,False,0.48,0.0,-0.003124999999999989,-0.5,-0.023124999999999396,6.106226635438361e-16,5.800625,5.7775,22,-2,0,0,0,0,0,3,-8,-8,False,16,0.0,1,False,best_rejected_stop,marginal_utility_negative,14,8-8-8-6-6-6,117,13,"{""EF1"": 1, ""EF2"": 6, ""EF3"": 2, ""EF4"": 3, ""EF5"": 6, ""SL5"": 3, ""SL6"": 3, ""Seuil3"": 5, ""Seuil4"": 2}",delta_fatigue_term,0.2384375,0.4747916666666665,0.4979166666666659
67,12,5,weighted_greedy,8-8-8-6-6-6,8,-8,27,18,9,EF2,EF,2,2,8,2,0,True,,False,0.22222222222222232,0.0,-0.015625,-0.25,-0.04340277777777768,0.0,5.640625,5.597222222222222,20,-4,0,0,0,0,-1,2,-9,-8,False,16,0.0,1,False,best_rejected_stop,marginal_utility_negative,14,8-8-8-6-6-6,135,15,"{""EF1"": 1, ""EF2"": 7, ""EF3"": 2, ""EF4"": 3, ""EF5"": 7, ""SL5"": 3, ""SL6"": 3, ""SL7"": 1, ""Seuil3"": 5, ""Seuil4"": 3}",delta_fatigue_term,0.20659722222222232,0.4392361111111107,0.4826388888888884
67,13,5,weighted_greedy,8-8-8-8-6-6,8,-8,27,19,8,EF2,EF,2,2,8,2,0,True,,False,0.22222222222222232,0.0,-0.017187499999999994,-0.25,-0.044965277777777146,5.273559366969494e-16,5.759548611111111,5.714583333333334,21,-4,0,0,0,0,-1,2,-9,-8,False,16,0.0,1,False,best_rejected_stop,marginal_utility_negative,15,8-8-8-8-6-6,153,17,"{""EF1"": 1, ""EF2"": 8, ""EF3"": 2, ""EF4"": 3, ""EF5"": 8, ""SL5"": 3, ""SL6"": 3, ""SL7"": 2, ""Seuil3"": 5, ""Seuil4"": 4}",delta_fatigue_term,0.20503472222222233,0.43663194444444375,0.4815972222222209
67,14,5,weighted_greedy,8-8-8-8-6-6,8,-8,20,19,1,EF1,EF,1,1,7,1,0,True,,False,0.15000000000000036,0.0,-0.0267857142857143,-0.25,-0.12678571428571317,7.771561172376096e-16,6.519642857142856,6.392857142857143,20,-5,0,0,0,0,-2,1,-10,-8,False,16,0.0,1,False,best_rejected_stop,marginal_utility_negative,15,8-8-8-8-6-6,172,19,"{""EF1"": 1, ""EF2"": 9, ""EF3"": 2, ""EF4"": 3, ""EF5"": 9, ""SL5"": 3, ""SL6"": 3, ""SL7"": 2, ""SL8"": 1, ""Seuil3"": 5, ""Seuil4"": 5}",delta_fatigue_term,0.12321428571428605,0.5910714285714276,0.7178571428571408
67,15,5,weighted_greedy,8-8-8-8-6-6,8,-8,26,19,7,EF2,EF,2,2,8,2,0,True,,False,0.23076923076923128,0.0,-0.017187499999999994,-0.25,-0.03641826923076863,8.326672684688674e-17,5.840745192307692,5.804326923076923,21,-4,0,0,0,0,-1,2,-9,-8,False,16,0.0,1,False,best_rejected_stop,marginal_utility_negative,15,8-8-8-8-6-6,191,21,"{""EF1"": 1, ""EF2"": 9, ""EF3"": 3, ""EF4"": 3, ""EF5"": 10, ""SL5"": 3, ""SL6"": 3, ""SL7"": 3, ""SL8"": 1, ""Seuil3"": 5, ""Seuil4"": 6}",delta_fatigue_term,0.2135817307692313,0.4537259615384608,0.4901442307692294
68,1,3,weighted_greedy,6-6-6-6,6,0,16,4,12,EF1,EF,1,1,6,1,0,True,,False,0.1875,0.0,-0.013888888888888881,-0.75,-0.5763888888888888,0.0,2.8333333333333335,2.2569444444444446,5,-9,0,0,0,0,-4,0,-4,-4,False,10,0.0,1,False,best_rejected_stop,marginal_utility_negative,2,6-6-6-6,0,0,{},delta_fatigue_term,0.05787037037037037,0.375,0.9513888888888888
68,3,4,weighted_greedy,6-6-6-6,6,-3,11,10,1,EF1,EF,1,1,4,1,0,True,,False,0.27272727272727293,0.0,-0.03645833333333334,-0.25,-0.013731060606059664,7.494005416219807e-16,4.6856060606060606,4.671875,11,-3,0,0,0,0,0,1,-3,-3,False,9,0.0,1,False,best_rejected_stop,marginal_utility_negative,8,6-6-6-6,19,3,"{""EF1"": 1, ""EF2"": 3, ""EF3"": 1, ""Seuil3"": 3}",delta_fatigue_term,0.2362689393939396,0.5577651515151505,0.5714962121212102
68,4,5,weighted_greedy,8-6-6-6,8,-4,15,14,1,EF1,EF,1,1,6,1,0,True,,False,0.20000000000000018,0.0,-0.020833333333333343,-0.25,-0.07083333333333286,3.0531133177191805e-16,5.695833333333333,5.625,15,0,0,0,0,0,0,0,-4,-4,False,12,0.0,1,False,best_rejected_stop,marginal_utility_negative,9,8-6-6-6,29,4,"{""EF1"": 1, ""EF2"": 3, ""EF3"": 3, ""Seuil3"": 3, ""Seuil4"": 1}",delta_fatigue_term,0.17916666666666684,1.593055555555555,1.6638888888888879
68,5,4,weighted_greedy,8-6-6-6,8,-4,14,13,1,EF1,EF,1,1,6,1,0,True,,False,0.2142857142857144,0.0,-0.03472222222222221,-0.25,-0.07043650793650791,-1.1102230246251565e-16,4.466269841269841,4.395833333333333,14,-1,0,0,0,0,0,0,-4,-4,False,12,0.0,1,False,best_rejected_stop,marginal_utility_negative,11,8-6-6-6,43,6,"{""EF1"": 1, ""EF2"": 3, ""EF3"": 3, ""EF4"": 2, ""Seuil3"": 5, ""Seuil4"": 1}",delta_fatigue_term,0.1795634920634922,0.36507936507936467,0.4355158730158726
68,6,3,weighted_greedy,8-6-6-6-6,8,-4,13,10,3,EF3,EF,3,3,6,3,0,True,,False,0.6923076923076921,0.0,-0.02777777777777779,-0.75,-0.08547008547008605,-3.3306690738754696e-16,5.266025641025641,5.180555555555555,13,-6,0,0,0,0,-3,1,-7,-7,False,15,0.0,1,False,best_rejected_stop,marginal_utility_negative,11,8-6-6-6-6,56,7,"{""EF1"": 1, ""EF2"": 3, ""EF3"": 4, ""EF4"": 2, ""EF5"": 1, ""SL5"": 1, ""Seuil3"": 5, ""Seuil4"": 1}",delta_fatigue_term,0.22150997150997143,,
68,7,3,weighted_greedy,8-8-6-6-6,8,-8,14,11,3,EF3,EF,3,3,6,3,0,True,,False,0.6428571428571428,0.0,-0.03472222222222221,-0.75,-0.14186507936507908,3.3306690738754696e-16,5.336309523809524,5.194444444444445,14,-6,0,0,0,0,-3,1,-11,-8,False,16,0.0,1,False,best_rejected_stop,marginal_utility_negative,12,8-8-6-6-6,66,8,"{""EF1"": 1, ""EF2"": 3, ""EF3"": 4, ""EF4"": 2, ""EF5"": 2, ""SL5"": 2, ""Seuil3"": 5, ""Seuil4"": 1}",delta_fatigue_term,0.2027116402116402,,
68,8,3,weighted_greedy,8-8-6-6-6,8,-8,18,10,8,EF1,EF,1,1,5,1,0,True,,False,0.16666666666666674,0.0,-0.06666666666666668,-0.75,-0.6500000000000004,-4.440892098500626e-16,5.416666666666667,4.766666666666667,11,-9,0,0,0,0,-4,0,-12,-8,False,16,0.0,1,False,best_rejected_stop,marginal_utility_negative,12,8-8-6-6-6,77,9,"{""EF1"": 1, ""EF2"": 3, ""EF3"": 4, ""EF4"": 2, ""EF5"": 3, ""SL5"": 2, ""SL6"": 1, ""Seuil3"": 5, ""Seuil4"": 1}",delta_fatigue_term,0.033333333333333354,,
68,9,3,weighted_greedy,8-8-6-6-6,8,-8,16,11,5,EF5,EF,5,5,8,5,0,True,,False,0.9375,0.0,-0.005208333333333343,-1.0,-0.06770833333333304,3.0531133177191805e-16,4.984375,4.916666666666667,16,-4,0,0,0,0,-1,3,-9,-8,False,16,0.0,1,False,best_rejected_stop,marginal_utility_negative,12,8-8-6-6-6,87,10,"{""EF1"": 1, ""EF2"": 3, ""EF3"": 4, ""EF4"": 2, ""EF5"": 4, ""SL5"": 3, ""SL6"": 1, ""Seuil3"": 5, ""Seuil4"": 1}",delta_fatigue_term,0.23307291666666666,,
68,10,4,weighted_greedy,8-8-6-6-6,8,-8,17,16,1,EF1,EF,1,1,8,1,0,True,,False,0.17647058823529438,0.0,-0.03385416666666666,-0.25,-0.10738357843137258,-3.0531133177191805e-16,4.740196078431373,4.6328125,17,-3,0,0,0,0,0,1,-8,-8,False,16,0.0,1,False,best_rejected_stop,marginal_utility_negative,13,8-8-6-6-6,98,11,"{""EF1"": 1, ""EF2"": 3, ""EF3"": 4, ""EF4"": 2, ""EF5"": 5, ""SL5"": 3, ""SL6"": 2, ""Seuil3"": 5, ""Seuil4"": 1}",delta_fatigue_term,0.14261642156862772,0.1850490196078436,0.2924325980392162
68,11,5,weighted_greedy,8-8-8-6-6-6,8,-8,24,18,6,EF4,EF,4,4,7,4,0,True,,False,0.5,0.0,-0.0035714285714285587,-0.5,-0.0035714285714281147,4.440892098500626e-16,5.910714285714286,5.9071428571428575,22,-2,0,0,0,0,0,3,-8,-8,False,16,0.0,1,False,best_rejected_stop,marginal_utility_negative,13,8-8-8-6-6-6,114,12,"{""EF1"": 1, ""EF2"": 3, ""EF3"": 4, ""EF4"": 3, ""EF5"": 6, ""SL5"": 3, ""SL6"": 2, ""SL7"": 1, ""Seuil3"": 5, ""Seuil4"": 1}",delta_fatigue_term,0.24821428571428572,0.4940476190476195,0.4976190476190476
68,12,5,weighted_greedy,8-8-8-6-6-6,8,-8,25,18,7,EF4,EF,4,4,7,4,0,True,,False,0.48,0.0,-0.0035714285714285587,-0.5,-0.02357142857142769,8.881784197001252e-16,5.820714285714286,5.797142857142857,22,-2,0,0,0,0,0,3,-8,-8,False,16,0.0,1,False,best_rejected_stop,marginal_utility_negative,15,8-8-8-6-6-6,132,14,"{""EF1"": 1, ""EF2"": 4, ""EF3"": 4, ""EF4"": 3, ""EF5"": 7, ""SL5"": 3, ""SL6"": 2, ""SL7"": 2, ""Seuil3"": 5, ""Seuil4"": 2}",delta_fatigue_term,0.2382142857142857,0.47404761904761905,0.49761904761904674
68,13,6,weighted_greedy,8-8-8-8-6-6,8,-8,22,21,1,EF1,EF,1,1,7,1,0,True,,False,0.13636363636363624,0.0,-0.019047619047619035,-0.25,-0.1326839826839823,4.996003610813204e-16,6.263636363636364,6.130952380952381,22,-3,0,0,0,0,0,1,-8,-8,False,16,0.0,1,False,best_rejected_stop,marginal_utility_negative,15,8-8-8-8-6-6,150,16,"{""EF1"": 1, ""EF2"": 5, ""EF3"": 4, ""EF4"": 3, ""EF5"": 8, ""SL5"": 3, ""SL6"": 2, ""SL7"": 3, ""Seuil3"": 5, ""Seuil4"": 3}",delta_fatigue_term,0.11731601731601721,0.003084415584416078,0.13576839826839837
68,15,5,weighted_greedy,8-8-8-8-6-6,8,-8,36,19,17,EF2,EF,2,2,8,2,0,True,,False,0.16666666666666652,0.0,-0.017187499999999994,-0.25,-0.10052083333333428,-8.049116928532385e-16,5.231770833333334,5.13125,21,-4,0,0,0,0,-1,2,-9,-8,False,16,0.0,1,False,best_rejected_stop,marginal_utility_negative,15,8-8-8-8-6-6,194,20,"{""EF1"": 1, ""EF2"": 6, ""EF3"": 5, ""EF4"": 5, ""EF5"": 10, ""SL5"": 3, ""SL6"": 3, ""SL7"": 4, ""Seuil3"": 5, ""Seuil4"": 5}",delta_fatigue_term,0.14947916666666652,0.3255208333333339,0.4260416666666682
68,16,5,weighted_greedy,8-8-8-8-6-6,8,-8,25,19,6,EF4,EF,4,4,7,4,0,True,,False,0.48,0.0,-0.005357142857142866,-0.5,-0.025357142857142634,2.498001805406602e-16,5.949642857142857,5.924285714285714,23,-2,0,0,0,0,0,3,-8,-8,False,16,0.0,1,False,best_rejected_stop,marginal_utility_negative,15,8-8-8-8-6-6,213,22,"{""EF1"": 1, ""EF2"": 7, ""EF3"": 5, ""EF4"": 5, ""EF5"": 11, ""SL5"": 3, ""SL6"": 3, ""SL7"": 4, ""SL8"": 1, ""Seuil3"": 5, ""Seuil4"": 6}",delta_fatigue_term,0.23732142857142857,0.47107142857142925,0.4964285714285719
69,1,3,weighted_greedy,6-6-6-6,6,0,9,4,5,EF1,EF,1,1,6,1,0,True,,False,0.3333333333333335,0.0,-0.013888888888888881,-0.75,-0.43055555555555536,5.551115123125783e-17,3.4166666666666665,2.986111111111111,5,-9,0,0,0,0,-4,0,-4,-4,False,10,0.0,1,False,best_rejected_stop,marginal_utility_negative,2,6-6-6-6,0,0,{},delta_fatigue_term,0.10648148148148152,0.6666666666666665,1.0972222222222219
69,2,7,weighted_greedy,6-6-6-6,6,-4,16,15,1,EF1,EF,1,1,5,1,0,True,,False,0.1875,0.0,-0.010714285714285718,-0.5,-0.3232142857142861,-3.885780586188048e-16,6.6875,6.364285714285714,16,2,2,1,0,0,0,0,-2,-2,False,8,0.0,1,False,best_rejected_stop,marginal_utility_negative,6,6-6-6-6,4,0,"{""EF2"": 2}",delta_fatigue_term,0.08839285714285713,1.3175,1.640714285714286
69,4,5,weighted_greedy,8-6-6-6,8,-3,16,14,2,EF1,EF,1,1,8,1,0,True,,False,0.1875,0.0,-0.015625,-0.25,-0.078125,0.0,5.484375,5.40625,15,0,0,0,0,0,0,0,-3,-3,False,11,0.0,1,False,best_rejected_stop,marginal_utility_negative,9,8-6-6-6,31,4,"{""EF1"": 1, ""EF2"": 4, ""EF3"": 3, ""Seuil3"": 3, ""Seuil4"": 1}",delta_fatigue_term,0.171875,1.5572916666666665,1.6354166666666665
69,5,4,weighted_greedy,8-6-6-6,8,-3,14,13,1,EF1,EF,1,1,8,1,0,True,,False,0.2142857142857144,0.0,-0.026041666666666657,-0.25,-0.06175595238095255,-3.0531133177191805e-16,4.4211309523809526,4.359375,14,-1,0,0,0,0,0,0,-3,-3,False,11,0.0,1,False,best_rejected_stop,marginal_utility_negative,11,8-6-6-6,45,6,"{""EF1"": 1, ""EF2"": 4, ""EF3"": 3, ""EF4"": 2, ""Seuil3"": 5, ""Seuil4"": 1}",delta_fatigue_term,0.18824404761904776,0.3720238095238102,0.43377976190476275
69,6,3,weighted_greedy,8-6-6-6-6,8,-3,16,10,6,EF5,EF,5,5,7,5,0,True,,False,0.9375,0.0,0.0,-1.0,-0.0625,0.0,4.803571428571429,4.741071428571429,15,-4,0,0,0,0,-1,3,-4,-4,False,12,0.0,1,False,best_rejected_stop,marginal_utility_negative,11,8-6-6-6-6,58,7,"{""EF1"": 1, ""EF2"": 4, ""EF3"": 4, ""EF4"": 2, ""EF5"": 1, ""SL5"": 1, ""Seuil3"": 5, ""Seuil4"": 1}",delta_fatigue_term,0.234375,,
69,7,3,weighted_greedy,8-8-6-6-6,8,-7,16,11,5,EF5,EF,5,5,6,5,0,True,,False,0.9375,0.0,-0.0069444444444444475,-1.0,-0.06944444444444375,6.938893903907228e-16,5.041666666666667,4.972222222222222,16,-4,0,0,0,0,-1,3,-8,-8,False,16,0.0,1,False,best_rejected_stop,marginal_utility_negative,12,8-8-6-6-6,68,8,"{""EF1"": 1, ""EF2"": 4, ""EF3"": 4, ""EF4"": 2, ""EF5"": 2, ""SL5"": 2, ""Seuil3"": 5, ""Seuil4"": 1}",delta_fatigue_term,0.2326388888888889,,
69,8,3,weighted_greedy,8-8-6-6-6,8,-8,17,11,6,EF5,EF,5,5,6,5,0,True,,False,0.8823529411764701,0.0,-0.0069444444444444475,-1.0,-0.12459150326797364,6.938893903907228e-16,4.9203431372549025,4.795751633986928,16,-4,0,0,0,0,-1,3,-9,-8,False,16,0.0,1,False,best_rejected_stop,marginal_utility_negative,12,8-8-6-6-6,79,9,"{""EF1"": 1, ""EF2"": 4, ""EF3"": 4, ""EF4"": 2, ""EF5"": 3, ""SL5"": 2, ""SL6"": 1, ""Seuil3"": 5, ""Seuil4"": 1}",delta_fatigue_term,0.21885212418300642,,
69,9,3,weighted_greedy,8-8-6-6-6,8,-8,13,11,2,EF1,EF,1,1,6,1,0,True,,False,0.23076923076923084,0.0,-0.0625,-0.5,-0.33173076923076916,0.0,5.517628205128205,5.185897435897436,12,-8,0,0,0,0,-4,0,-12,-8,False,16,0.0,1,False,best_rejected_stop,marginal_utility_negative,13,8-8-6-6-6,90,10,"{""EF1"": 1, ""EF2"": 4, ""EF3"": 4, ""EF4"": 2, ""EF5"": 4, ""SL5"": 2, ""SL6"": 2, ""Seuil3"": 5, ""Seuil4"": 1}",delta_fatigue_term,0.08413461538461542,,
69,10,6,weighted_greedy,8-8-6-6-6-6,8,-8,20,19,1,EF1,EF,1,1,8,1,0,True,,False,0.15000000000000036,0.0,-0.014583333333333323,-0.25,-0.11458333333333304,-6.938893903907228e-17,6.21875,6.104166666666667,20,-3,0,0,0,0,0,1,-8,-8,False,16,0.0,1,False,best_rejected_stop,marginal_utility_negative,13,8-8-6-6-6-6,101,11,"{""EF1"": 1, ""EF2"": 4, ""EF3"": 4, ""EF4"": 2, ""EF5"": 5, ""SL5"": 2, ""SL6"": 3, ""Seuil3"": 5, ""Seuil4"": 1}",delta_fatigue_term,0.13541666666666702,0.03593750000000018,0.15052083333333321
69,11,6,weighted_greedy,8-8-8-6-6-6,8,-8,23,22,1,EF1,EF,1,1,6,1,0,True,,False,0.13043478260869534,0.0,-0.02361111111111111,-0.25,-0.1431763285024159,-1.3877787807814457e-16,6.052898550724638,5.909722222222222,23,-1,0,0,0,0,0,0,-8,-8,False,16,0.0,1,False,best_rejected_stop,marginal_utility_negative,14,8-8-8-6-6-6,120,13,"{""EF1"": 2, ""EF2"": 5, ""EF3"": 4, ""EF4"": 2, ""EF5"": 6, ""SL5"": 2, ""SL6"": 3, ""SL7"": 1, ""Seuil3"": 5, ""Seuil4"": 2}",delta_fatigue_term,0.10682367149758423,0.01757246376811672,0.16074879227053263
69,12,6,weighted_greedy,8-8-8-6-6-6,8,-8,21,20,1,EF1,EF,1,1,7,1,0,True,,False,0.14285714285714324,0.0,-0.01785714285714285,-0.25,-0.125,-3.885780586188048e-16,6.25,6.125,21,-3,0,0,0,0,0,1,-8,-8,False,16,0.0,1,False,best_rejected_stop,marginal_utility_negative,14,8-8-8-6-6-6,142,15,"{""EF1"": 2, ""EF2"": 5, ""EF3"": 5, ""EF4"": 3, ""EF5"": 7, ""SL5"": 2, ""SL6"": 4, ""SL7"": 1, ""Seuil3"": 5, ""Seuil4"": 3}",delta_fatigue_term,0.1250000000000004,0.017857142857143238,0.14285714285714324
69,13,5,weighted_greedy,8-8-8-8-6-6,8,-8,26,19,7,EF2,EF,2,2,7,2,0,True,,False,0.23076923076923128,0.0,-0.019642857142857156,-0.25,-0.03887362637362468,1.1934897514720433e-15,5.861950549450549,5.823076923076924,21,-4,0,0,0,0,-1,2,-9,-8,False,16,0.0,1,False,best_rejected_stop,marginal_utility_negative,15,8-8-8-8-6-6,162,17,"{""EF1"": 2, ""EF2"": 7, ""EF3"": 5, ""EF4"": 3, ""EF5"": 8, ""SL5"": 2, ""SL6"": 4, ""SL7"": 2, ""Seuil3"": 5, ""Seuil4"": 4}",delta_fatigue_term,0.21112637362637413,0.4526098901098896,0.4914835164835143
69,14,5,weighted_greedy,8-8-8-8-6-6,8,-8,25,19,6,EF4,EF,4,4,8,4,0,True,,False,0.48,0.0,-0.004687500000000011,-0.5,-0.02468750000000064,-6.106226635438361e-16,5.9284375,5.9037500000000005,23,-2,0,0,0,0,0,3,-8,-8,False,16,0.0,1,False,best_rejected_stop,marginal_utility_negative,15,8-8-8-8-6-6,181,19,"{""EF1"": 2, ""EF2"": 7, ""EF3"": 6, ""EF4"": 3, ""EF5"": 9, ""SL5"": 2, ""SL6"": 4, ""SL7"": 3, ""Seuil3"": 5, ""Seuil4"": 5}",delta_fatigue_term,0.23765624999999999,0.4721875000000004,0.49687500000000107
69,15,5,weighted_greedy,8-8-8-8-6-6,8,-8,27,19,8,EF2,EF,2,2,7,2,0,True,,False,0.22222222222222232,0.0,-0.019642857142857156,-0.25,-0.0474206349206332,1.6375789613221059e-15,5.780753968253968,5.733333333333333,21,-4,0,0,0,0,-1,2,-9,-8,False,16,0.0,1,False,best_rejected_stop,marginal_utility_negative,15,8-8-8-8-6-6,200,21,"{""EF1"": 2, ""EF2"": 8, ""EF3"": 6, ""EF4"": 3, ""EF5"": 10, ""SL5"": 2, ""SL6"": 4, ""SL7"": 3, ""SL8"": 1, ""Seuil3"": 5, ""Seuil4"": 6}",delta_fatigue_term,0.20257936507936516,0.4355158730158726,0.4829365079365058
70,1,3,weighted_greedy,6-6-6-6,6,0,13,4,9,EF1,EF,1,1,6,1,0,True,,False,0.23076923076923084,0.0,-0.013888888888888881,-0.75,-0.533119658119658,0.0,3.0064102564102564,2.4732905982905984,5,-9,0,0,0,0,-4,0,-4,-4,False,10,0.0,1,False,best_rejected_stop,marginal_utility_negative,2,6-6-6-6,0,0,{},delta_fatigue_term,0.07229344729344732,0.4615384615384617,0.9946581196581197
70,4,4,weighted_greedy,6-6-6-6,6,-6,14,12,2,EF1,EF,1,1,6,1,0,True,,False,0.2142857142857144,0.0,-0.03125,-0.25,-0.06696428571428559,0.0,4.238095238095238,4.1711309523809526,13,-1,0,0,0,0,0,0,-6,-6,False,12,0.0,1,False,best_rejected_stop,marginal_utility_negative,9,6-6-6-6,26,3,"{""EF2"": 2, ""EF3"": 3, ""EF4"": 1, ""Seuil3"": 3}",delta_fatigue_term,0.1830357142857144,0.3571428571428572,0.4241071428571428
70,5,4,weighted_greedy,8-6-6-6,8,-6,14,13,1,EF1,EF,1,1,6,1,0,True,,False,0.2142857142857144,0.0,-0.03472222222222221,-0.25,-0.07043650793650791,-1.1102230246251565e-16,4.466269841269841,4.395833333333333,14,-1,0,0,0,0,0,0,-6,-6,False,14,0.0,1,False,best_rejected_stop,marginal_utility_negative,11,8-6-6-6,38,4,"{""EF2"": 2, ""EF3"": 3, ""EF4"": 3, ""Seuil3"": 3, ""Seuil4"": 1}",delta_fatigue_term,0.1795634920634922,0.36507936507936467,0.4355158730158726
70,6,3,weighted_greedy,8-6-6-6-6,8,-6,18,10,8,EF5,EF,5,5,7,5,0,True,,False,0.8333333333333333,0.0,0.0,-1.0,-0.16666666666666607,6.661338147750939e-16,4.595238095238095,4.428571428571429,15,-4,0,0,0,0,-1,3,-7,-7,False,15,0.0,1,False,best_rejected_stop,marginal_utility_negative,11,8-6-6-6-6,51,5,"{""EF2"": 2, ""EF3"": 4, ""EF4"": 3, ""EF5"": 1, ""SL5"": 1, ""Seuil3"": 3, ""Seuil4"": 1}",delta_fatigue_term,0.20833333333333331,,
70,7,4,weighted_greedy,8-6-6-6-6,8,-8,16,15,1,EF1,EF,1,1,8,1,0,True,,False,0.1875,0.0,-0.03125,-0.25,-0.09375,0.0,4.71875,4.625,16,-3,0,0,0,0,0,1,-8,-8,False,16,0.0,1,False,best_rejected_stop,marginal_utility_negative,12,8-6-6-6-6,61,6,"{""EF2"": 2, ""EF3"": 4, ""EF4"": 3, ""EF5"": 2, ""SL5"": 2, ""Seuil3"": 3, ""Seuil4"": 1}",delta_fatigue_term,0.15625,0.234375,0.328125
70,8,3,weighted_greedy,8-6-6-6-6,8,-8,14,10,4,EF3,EF,3,3,5,3,0,True,,False,0.6428571428571428,0.0,-0.033333333333333354,-0.75,-0.14047619047618998,5.828670879282072e-16,5.142857142857142,5.002380952380952,13,-6,0,0,0,0,-3,1,-11,-8,False,16,0.0,1,False,best_rejected_stop,marginal_utility_negative,12,8-6-6-6-6,76,7,"{""EF2"": 2, ""EF3"": 4, ""EF4"": 4, ""EF5"": 3, ""SL5"": 2, ""SL6"": 1, ""Seuil3"": 3, ""Seuil4"": 1}",delta_fatigue_term,0.20317460317460315,,
70,9,3,weighted_greedy,8-8-6-6-6,8,-8,18,11,7,EF5,EF,5,5,8,5,0,True,,False,0.833333333333333,0.0,-0.005208333333333343,-1.0,-0.1718750000000009,-5.828670879282072e-16,4.755208333333334,4.583333333333333,16,-4,0,0,0,0,-1,3,-9,-8,False,16,0.0,1,False,best_rejected_stop,marginal_utility_negative,12,8-8-6-6-6,86,8,"{""EF2"": 2, ""EF3"": 4, ""EF4"": 4, ""EF5"": 4, ""SL5"": 3, ""SL6"": 1, ""Seuil3"": 3, ""Seuil4"": 1}",delta_fatigue_term,0.20703124999999992,,
70,10,3,weighted_greedy,8-8-6-6-6,8,-8,15,10,5,EF1,EF,1,1,5,1,0,True,,False,0.19999999999999973,0.0,-0.06666666666666668,-0.75,-0.6166666666666671,-2.220446049250313e-16,5.75,5.133333333333333,11,-9,0,0,0,0,-4,0,-12,-8,False,16,0.0,1,False,best_rejected_stop,marginal_utility_negative,13,8-8-6-6-6,97,9,"{""EF2"": 2, ""EF3"": 4, ""EF4"": 4, ""EF5"": 5, ""SL5"": 3, ""SL6"": 2, ""Seuil3"": 3, ""Seuil4"": 1}",delta_fatigue_term,0.04444444444444435,,
70,12,5,weighted_greedy,8-8-8-6-6-6,8,-8,24,18,6,EF4,EF,4,4,7,4,0,True,,False,0.5,0.0,-0.0035714285714285587,-0.5,-0.0035714285714281147,4.440892098500626e-16,5.910714285714286,5.9071428571428575,22,-2,0,0,0,0,0,3,-8,-8,False,16,0.0,1,False,best_rejected_stop,marginal_utility_negative,14,8-8-8-6-6-6,126,12,"{""EF2"": 3, ""EF3"": 5, ""EF4"": 4, ""EF5"": 7, ""SL5"": 5, ""SL6"": 2, ""Seuil3"": 3, ""Seuil4"": 2}",delta_fatigue_term,0.24821428571428572,0.4940476190476195,0.4976190476190476
70,13,6,weighted_greedy,8-8-8-6-6-6,8,-8,23,22,1,EF1,EF,1,1,6,1,0,True,,False,0.13043478260869534,0.0,-0.02361111111111111,-0.25,-0.1431763285024159,-1.3877787807814457e-16,6.052898550724638,5.909722222222222,23,-1,0,0,0,0,0,0,-8,-8,False,16,0.0,1,False,best_rejected_stop,marginal_utility_negative,14,8-8-8-6-6-6,144,14,"{""EF2"": 4, ""EF3"": 5, ""EF4"": 4, ""EF5"": 8, ""SL5"": 5, ""SL6"": 2, ""SL7"": 1, ""Seuil3"": 3, ""Seuil4"": 3}",delta_fatigue_term,0.10682367149758423,0.01757246376811672,0.16074879227053263
71,1,3,weighted_greedy,6-6-6-6,6,0,13,4,9,EF1,EF,1,1,5,1,0,True,,False,0.23076923076923084,0.0,-0.016666666666666663,-0.75,-0.5358974358974358,0.0,3.023076923076923,2.4871794871794872,5,-9,0,0,0,0,-4,0,-4,-4,False,10,0.0,1,False,best_rejected_stop,marginal_utility_negative,2,6-6-6-6,0,0,{},delta_fatigue_term,0.07136752136752139,0.4615384615384617,0.9974358974358974
71,4,5,weighted_greedy,6-6-6-6,6,-5,16,15,1,EF1,EF,1,1,6,1,0,True,,False,0.1875,0.0,-0.02291666666666667,-0.5,-0.33541666666666625,4.440892098500626e-16,5.21875,4.883333333333334,16,2,2,1,0,0,0,0,-3,-3,False,9,0.0,1,False,best_rejected_stop,marginal_utility_negative,11,6-6-6-6,26,2,"{""EF1"": 2, ""EF2"": 2, ""EF3"": 2, ""EF4"": 2, ""Seuil3"": 2}",delta_fatigue_term,0.08229166666666667,1.3020833333333335,1.6374999999999997
71,6,4,weighted_greedy,8-6-6-6-6,8,-4,16,15,1,EF1,EF,1,1,7,1,0,True,,False,0.1875,0.0,-0.035714285714285726,-0.25,-0.09821428571428559,1.3877787807814457e-16,4.741071428571429,4.642857142857143,16,-3,0,0,0,0,0,1,-4,-4,False,12,0.0,1,False,best_rejected_stop,marginal_utility_negative,12,8-6-6-6-6,54,5,"{""EF1"": 2, ""EF2"": 3, ""EF3"": 3, ""EF4"": 2, ""EF5"": 2, ""SL5"": 2, ""Seuil3"": 3}",delta_fatigue_term,0.15178571428571427,0.23214285714285765,0.33035714285714324
71,8,3,weighted_greedy,8-8-6-6-6,8,-6,17,10,7,EF1,EF,1,1,5,1,0,True,,False,0.17647058823529438,0.0,-0.06666666666666668,-0.75,-0.640196078431372,2.220446049250313e-16,5.514705882352941,4.874509803921569,11,-9,0,0,0,0,-4,0,-10,-8,False,16,0.0,1,False,best_rejected_stop,marginal_utility_negative,13,8-8-6-6-6,84,8,"{""EF1"": 3, ""EF2"": 4, ""EF3"": 3, ""EF4"": 4, ""EF5"": 3, ""SL5"": 2, ""SL6"": 1, ""Seuil3"": 3, ""Seuil4"": 2}",delta_fatigue_term,0.03660130718954257,,
71,9,3,weighted_greedy,8-8-6-6-6,8,-8,17,11,6,EF5,EF,5,5,6,5,0,True,,False,0.8823529411764701,0.0,-0.0069444444444444475,-1.0,-0.12459150326797364,6.938893903907228e-16,4.9203431372549025,4.795751633986928,16,-4,0,0,0,0,-1,3,-9,-8,False,16,0.0,1,False,best_rejected_stop,marginal_utility_negative,13,8-8-6-6-6,94,9,"{""EF1"": 3, ""EF2"": 4, ""EF3"": 3, ""EF4"": 4, ""EF5"": 4, ""SL5"": 3, ""SL6"": 1, ""Seuil3"": 3, ""Seuil4"": 2}",delta_fatigue_term,0.21885212418300642,,
71,11,5,weighted_greedy,8-8-8-6-6-6,8,-8,27,18,9,EF2,EF,2,2,8,2,0,True,,False,0.22222222222222232,0.0,-0.015625,-0.25,-0.04340277777777768,0.0,5.640625,5.597222222222222,20,-4,0,0,0,0,-1,2,-9,-8,False,16,0.0,1,False,best_rejected_stop,marginal_utility_negative,14,8-8-8-6-6-6,121,12,"{""EF1"": 3, ""EF2"": 5, ""EF3"": 3, ""EF4"": 4, ""EF5"": 6, ""SL5"": 3, ""SL6"": 3, ""Seuil3"": 4, ""Seuil4"": 2}",delta_fatigue_term,0.20659722222222232,0.4392361111111107,0.4826388888888884
71,13,6,weighted_greedy,8-8-8-8-6-6,8,-8,22,21,1,EF1,EF,1,1,8,1,0,True,,False,0.13636363636363624,0.0,-0.016666666666666677,-0.25,-0.13030303030302992,4.996003610813204e-16,6.244886363636364,6.114583333333333,22,-3,0,0,0,0,0,1,-8,-8,False,16,0.0,1,False,best_rejected_stop,marginal_utility_negative,14,8-8-8-8-6-6,159,16,"{""EF1"": 3, ""EF2"": 7, ""EF3"": 4, ""EF4"": 4, ""EF5"": 8, ""SL5"": 3, ""SL6"": 4, ""SL7"": 1, ""Seuil3"": 4, ""Seuil4"": 4}",delta_fatigue_term,0.11969696969696957,0.00553977272727213,0.13584280303030205
71,15,5,weighted_greedy,8-8-8-8-6-6,8,-8,27,19,8,EF2,EF,2,2,8,2,0,True,,False,0.22222222222222232,0.0,-0.017187499999999994,-0.25,-0.044965277777777146,5.273559366969494e-16,5.759548611111111,5.714583333333334,21,-4,0,0,0,0,-1,2,-9,-8,False,16,0.0,1,False,best_rejected_stop,marginal_utility_negative,15,8-8-8-8-6-6,201,20,"{""EF1"": 3, ""EF2"": 9, ""EF3"": 5, ""EF4"": 5, ""EF5"": 10, ""SL5"": 3, ""SL6"": 5, ""SL7"": 2, ""Seuil3"": 4, ""Seuil4"": 6}",delta_fatigue_term,0.20503472222222233,0.43663194444444375,0.4815972222222209
71,16,5,weighted_greedy,8-8-8-8-6-6,8,-8,25,19,6,EF4,EF,4,4,6,4,0,True,,False,0.48,0.0,-0.0062500000000000056,-0.5,-0.026250000000000995,-9.71445146547012e-16,5.977916666666667,5.951666666666667,23,-2,0,0,0,0,0,3,-8,-8,False,16,0.0,1,False,best_rejected_stop,marginal_utility_negative,15,8-8-8-8-6-6,220,22,"{""EF1"": 3, ""EF2"": 10, ""EF3"": 5, ""EF4"": 5, ""EF5"": 11, ""SL5"": 3, ""SL6"": 5, ""SL7"": 2, ""SL8"": 1, ""Seuil3"": 4, ""Seuil4"": 7}",delta_fatigue_term,0.236875,0.46958333333333435,0.49583333333333535
72,1,3,weighted_greedy,6-6-6-6,6,0,12,4,8,EF1,EF,1,1,6,1,0,True,,False,0.25,0.0,-0.013888888888888881,-0.75,-0.5138888888888884,4.440892098500626e-16,3.0833333333333335,2.5694444444444446,5,-9,0,0,0,0,-4,0,-4,-4,False,10,0.0,1,False,best_rejected_stop,marginal_utility_negative,2,6-6-6-6,0,0,{},delta_fatigue_term,0.0787037037037037,0.49999999999999956,1.013888888888888
72,2,6,weighted_greedy,6-6-6-6,6,-4,14,12,2,EF1,EF,1,1,6,1,0,True,,False,0.2142857142857144,0.0,-0.009722222222222215,-0.25,-0.04543650793650755,2.498001805406602e-16,5.671428571428571,5.625992063492063,13,-1,0,0,0,0,0,0,-4,-4,False,10,0.0,1,False,best_rejected_stop,marginal_utility_negative,6,6-6-6-6,4,0,"{""EF2"": 2}",delta_fatigue_term,0.2045634920634922,0.19970238095238013,0.24513888888888768
72,3,5,weighted_greedy,6-6-6-6,6,-4,14,12,2,EF1,EF,1,1,6,1,0,True,,False,0.2142857142857144,0.0,-0.016666666666666663,-0.25,-0.052380952380952195,5.551115123125783e-17,5.696428571428571,5.644047619047619,13,-1,0,0,0,0,0,0,-4,-4,False,10,0.0,1,False,best_rejected_stop,marginal_utility_negative,8,6-6-6-6,16,2,"{""EF1"": 1, ""EF2"": 3, ""EF3"": 1, ""Seuil3"": 2}",delta_fatigue_term,0.19761904761904775,1.8710317460317456,1.9234126984126978
72,4,5,weighted_greedy,8-6-6-6,8,-4,15,14,1,EF1,EF,1,1,6,1,0,True,,False,0.20000000000000018,0.0,-0.020833333333333343,-0.25,-0.07083333333333286,3.0531133177191805e-16,5.695833333333333,5.625,15,0,0,0,0,0,0,0,-4,-4,False,12,0.0,1,False,best_rejected_stop,marginal_utility_negative,9,8-6-6-6,28,4,"{""EF1"": 1, ""EF2"": 4, ""EF3"": 2, ""Seuil3"": 3, ""Seuil4"": 1}",delta_fatigue_term,0.17916666666666684,1.593055555555555,1.6638888888888879
72,6,3,weighted_greedy,8-6-6-6-6,8,-4,13,10,3,EF3,EF,3,3,6,3,0,True,,False,0.6923076923076921,0.0,-0.02777777777777779,-0.75,-0.08547008547008605,-3.3306690738754696e-16,5.266025641025641,5.180555555555555,13,-6,0,0,0,0,-3,1,-7,-7,False,15,0.0,1,False,best_rejected_stop,marginal_utility_negative,11,8-6-6-6-6,54,7,"{""EF1"": 1, ""EF2"": 5, ""EF3"": 2, ""EF4"": 2, ""EF5"": 1, ""SL5"": 1, ""Seuil3"": 5, ""Seuil4"": 1}",delta_fatigue_term,0.22150997150997143,,
72,7,3,weighted_greedy,8-8-6-6-6,8,-8,19,11,8,EF5,EF,5,5,8,5,0,True,,False,0.7894736842105261,0.0,-0.005208333333333343,-1.0,-0.2157346491228065,7.494005416219807e-16,4.6587171052631575,4.442982456140351,16,-4,0,0,0,0,-1,3,-9,-8,False,16,0.0,1,False,best_rejected_stop,marginal_utility_negative,12,8-8-6-6-6,64,8,"{""EF1"": 1, ""EF2"": 5, ""EF3"": 2, ""EF4"": 2, ""EF5"": 2, ""SL5"": 2, ""Seuil3"": 5, ""Seuil4"": 1}",delta_fatigue_term,0.19606633771929818,,
72,8,3,weighted_greedy,8-8-6-6-6,8,-8,19,11,8,EF5,EF,5,5,7,5,0,True,,False,0.7894736842105261,0.0,-0.005952380952380959,-1.0,-0.21647869674185483,2.7755575615628914e-17,4.68327067669173,4.466791979949875,16,-4,0,0,0,0,-1,3,-9,-8,False,16,0.0,1,False,best_rejected_stop,marginal_utility_negative,12,8-8-6-6-6,75,9,"{""EF1"": 1, ""EF2"": 5, ""EF3"": 2, ""EF4"": 2, ""EF5"": 3, ""SL5"": 2, ""SL6"": 1, ""Seuil3"": 5, ""Seuil4"": 1}",delta_fatigue_term,0.1958803258145363,,
72,9,3,weighted_greedy,8-8-6-6-6,8,-8,20,11,9,EF5,EF,5,5,6,5,0,True,,False,0.7500000000000002,0.0,-0.0069444444444444475,-1.0,-0.25694444444444375,4.440892098500626e-16,4.629166666666666,4.372222222222223,16,-4,0,0,0,0,-1,3,-9,-8,False,16,0.0,1,False,best_rejected_stop,marginal_utility_negative,13,8-8-6-6-6,86,10,"{""EF1"": 1, ""EF2"": 5, ""EF3"": 2, ""EF4"": 2, ""EF5"": 4, ""SL5"": 2, ""SL6"": 2, ""Seuil3"": 5, ""Seuil4"": 1}",delta_fatigue_term,0.18576388888888895,,
72,10,3,weighted_greedy,8-8-6-6-6,8,-8,19,11,8,EF5,EF,5,5,6,5,0,True,,False,0.7894736842105261,0.0,-0.0069444444444444475,-1.0,-0.2174707602339181,2.498001805406602e-16,4.7160087719298245,4.498538011695906,16,-4,0,0,0,0,-1,3,-9,-8,False,16,0.0,1,False,best_rejected_stop,marginal_utility_negative,13,8-8-6-6-6,97,11,"{""EF1"": 1, ""EF2"": 5, ""EF3"": 2, ""EF4"": 2, ""EF5"": 5, ""SL5"": 2, ""SL6"": 3, ""Seuil3"": 5, ""Seuil4"": 1}",delta_fatigue_term,0.19563230994152042,,
72,11,6,weighted_greedy,8-8-8-6-6-6,8,-8,23,22,1,EF1,EF,1,1,7,1,0,True,,False,0.13043478260869534,0.0,-0.02023809523809525,-0.25,-0.13980331262940027,-3.608224830031759e-16,6.026708074534162,5.886904761904762,23,-1,0,0,0,0,0,0,-8,-8,False,16,0.0,1,False,best_rejected_stop,marginal_utility_negative,13,8-8-8-6-6-6,108,12,"{""EF1"": 1, ""EF2"": 5, ""EF3"": 2, ""EF4"": 2, ""EF5"": 6, ""SL5"": 2, ""SL6"": 4, ""Seuil3"": 5, ""Seuil4"": 1}",delta_fatigue_term,0.1101966873706001,0.018167701863355035,0.1579710144927553
72,12,6,weighted_greedy,8-8-8-6-6-6,8,-8,23,22,1,EF1,EF,1,1,8,1,0,True,,False,0.13043478260869534,0.0,-0.01770833333333334,-0.25,-0.13727355072463787,1.1102230246251565e-16,6.007065217391305,5.869791666666667,23,-1,0,0,0,0,0,0,-8,-8,False,16,0.0,1,False,best_rejected_stop,marginal_utility_negative,14,8-8-8-6-6-6,130,14,"{""EF1"": 1, ""EF2"": 6, ""EF3"": 2, ""EF4"": 3, ""EF5"": 7, ""SL5"": 2, ""SL6"": 4, ""SL7"": 1, ""Seuil3"": 5, ""Seuil4"": 2}",delta_fatigue_term,0.112726449275362,0.018614130434783327,0.1558876811594212
72,14,5,weighted_greedy,8-8-8-8-6-6,8,-8,26,19,7,EF2,EF,2,2,8,2,0,True,,False,0.23076923076923128,0.0,-0.017187499999999994,-0.25,-0.03641826923076863,8.326672684688674e-17,5.840745192307692,5.804326923076923,21,-4,0,0,0,0,-1,2,-9,-8,False,16,0.0,1,False,best_rejected_stop,marginal_utility_negative,15,8-8-8-8-6-6,175,18,"{""EF1"": 1, ""EF2"": 8, ""EF3"": 2, ""EF4"": 5, ""EF5"": 9, ""SL5"": 2, ""SL6"": 4, ""SL7"": 2, ""SL8"": 1, ""Seuil3"": 5, ""Seuil4"": 4}",delta_fatigue_term,0.2135817307692313,0.4537259615384608,0.4901442307692294
72,15,6,weighted_greedy,8-8-8-8-6-6,8,-8,22,21,1,EF1,EF,1,1,8,1,0,True,,False,0.13636363636363624,0.0,-0.016666666666666677,-0.25,-0.13030303030302992,4.996003610813204e-16,6.244886363636364,6.114583333333333,22,-3,0,0,0,0,0,1,-8,-8,False,16,0.0,1,False,best_rejected_stop,marginal_utility_negative,16,8-8-8-8-6-6,194,20,"{""EF1"": 1, ""EF2"": 9, ""EF3"": 2, ""EF4"": 5, ""EF5"": 10, ""SL5"": 2, ""SL6"": 4, ""SL7"": 2, ""SL8"": 2, ""Seuil3"": 5, ""Seuil4"": 5}",delta_fatigue_term,0.11969696969696957,0.00553977272727213,0.13584280303030205
72,16,5,weighted_greedy,8-8-8-8-6-6,8,-8,24,19,5,EF4,EF,4,4,8,4,0,True,,False,0.5,0.0,-0.004687500000000011,-0.5,-0.004687500000000178,-1.6653345369377348e-16,6.0234375,6.01875,23,-2,0,0,0,0,0,3,-8,-8,False,16,0.0,1,False,best_rejected_stop,marginal_utility_negative,16,8-8-8-8-6-6,215,22,"{""EF1"": 1, ""EF2"": 11, ""EF3"": 2, ""EF4"": 5, ""EF5"": 11, ""SL5"": 2, ""SL6"": 4, ""SL7"": 2, ""SL8"": 3, ""Seuil3"": 5, ""Seuil4"": 6}",delta_fatigue_term,0.24765625,0.4921875,0.4968750000000002
73,1,3,weighted_greedy,6-6-6-6,6,0,14,4,10,EF1,EF,1,1,5,1,0,True,,False,0.2142857142857143,0.0,-0.016666666666666663,-0.75,-0.5523809523809526,-2.220446049250313e-16,2.9571428571428573,2.4047619047619047,5,-9,0,0,0,0,-4,0,-4,-4,False,10,0.0,1,False,best_rejected_stop,marginal_utility_negative,2,6-6-6-6,0,0,{},delta_fatigue_term,0.06587301587301587,0.4285714285714288,0.9809523809523815
73,3,4,weighted_greedy,6-6-6-6,6,-4,13,12,1,EF1,EF,1,1,5,1,0,True,,False,0.23076923076923084,0.0,-0.037500000000000006,-0.25,-0.056730769230769695,-5.273559366969494e-16,4.469230769230769,4.4125,13,-1,0,0,0,0,0,0,-4,-4,False,10,0.0,1,False,best_rejected_stop,marginal_utility_negative,9,6-6-6-6,16,2,"{""EF2"": 2, ""EF3"": 2, ""Seuil3"": 2}",delta_fatigue_term,0.19326923076923083,0.42307692307692335,0.47980769230769305
73,4,3,weighted_greedy,6-6-6-6,6,-4,11,10,1,EF1,EF,1,1,5,1,0,True,,False,0.27272727272727293,0.0,-0.06666666666666668,-0.25,-0.04393939393939306,6.938893903907228e-16,4.727272727272727,4.683333333333334,11,-3,0,0,0,0,0,1,-4,-4,False,10,0.0,1,False,best_rejected_stop,marginal_utility_negative,11,6-6-6-6,28,3,"{""EF2"": 2, ""EF3"": 2, ""EF4"": 2, ""Seuil3"": 2, ""Seuil4"": 1}",delta_fatigue_term,0.20606060606060625,,
73,5,4,weighted_greedy,8-6-6-6,8,-5,14,13,1,EF1,EF,1,1,7,1,0,True,,False,0.2142857142857144,0.0,-0.02976190476190474,-0.25,-0.06547619047619069,-3.608224830031759e-16,4.440476190476191,4.375,14,-1,0,0,0,0,0,0,-5,-5,False,13,0.0,1,False,best_rejected_stop,marginal_utility_negative,11,8-6-6-6,38,4,"{""EF2"": 2, ""EF3"": 2, ""EF4"": 2, ""EF5"": 1, ""SL5"": 1, ""Seuil3"": 2, ""Seuil4"": 1}",delta_fatigue_term,0.18452380952380967,0.3690476190476195,0.4345238095238102
73,6,5,weighted_greedy,8-6-6-6-6,8,-5,19,18,1,EF1,EF,1,1,6,1,0,True,,False,0.1578947368421053,0.0,-0.029166666666666674,-0.5,-0.3712719298245615,-1.1102230246251565e-16,5.779605263157895,5.408333333333333,19,1,1,1,0,0,0,0,-4,-4,False,12,0.0,1,False,best_rejected_stop,marginal_utility_negative,12,8-6-6-6-6,51,5,"{""EF2"": 2, ""EF3"": 3, ""EF4"": 2, ""EF5"": 2, ""SL5"": 2, ""Seuil3"": 2, ""Seuil4"": 1}",delta_fatigue_term,0.06436403508771932,1.452850877192983,1.8241228070175444
73,7,5,weighted_greedy,8-6-6-6-6,8,-5,20,18,2,EF1,EF,1,1,7,1,0,True,,False,0.14999999999999947,0.0,-0.025000000000000022,-0.5,-0.375,5.551115123125783e-16,5.610714285714286,5.235714285714286,19,1,1,1,0,0,0,0,-4,-4,False,12,0.0,1,False,best_rejected_stop,marginal_utility_negative,12,8-6-6-6-6,69,7,"{""EF2"": 2, ""EF3"": 3, ""EF4"": 3, ""EF5"": 3, ""SL5"": 2, ""SL6"": 1, ""Seuil3"": 3, ""Seuil4"": 1}",delta_fatigue_term,0.06249999999999972,1.432142857142857,1.807142857142857
73,8,3,weighted_greedy,8-8-6-6-6,8,-5,16,11,5,EF5,EF,5,5,6,5,0,True,,False,0.9375,0.0,-0.0069444444444444475,-1.0,-0.06944444444444375,6.938893903907228e-16,5.041666666666667,4.972222222222222,16,-4,0,0,0,0,-1,3,-6,-6,False,14,0.0,1,False,best_rejected_stop,marginal_utility_negative,13,8-8-6-6-6,87,9,"{""EF2"": 2, ""EF3"": 3, ""EF4"": 4, ""EF5"": 4, ""SL5"": 2, ""SL6"": 2, ""Seuil3"": 4, ""Seuil4"": 1}",delta_fatigue_term,0.2326388888888889,,
73,9,3,weighted_greedy,8-8-6-6-6,8,-8,14,11,3,EF3,EF,3,3,6,3,0,True,,False,0.6428571428571428,0.0,-0.03472222222222221,-0.75,-0.14186507936507908,3.3306690738754696e-16,5.336309523809524,5.194444444444445,14,-6,0,0,0,0,-3,1,-11,-8,False,16,0.0,1,False,best_rejected_stop,marginal_utility_negative,13,8-8-6-6-6,98,10,"{""EF2"": 2, ""EF3"": 3, ""EF4"": 4, ""EF5"": 5, ""SL5"": 2, ""SL6"": 3, ""Seuil3"": 4, ""Seuil4"": 1}",delta_fatigue_term,0.2027116402116402,,
73,10,6,weighted_greedy,8-8-6-6-6-6,8,-8,23,21,2,EF1,EF,1,1,6,1,0,True,,False,0.13043478260869623,0.0,-0.022222222222222254,-0.25,-0.1417874396135259,1.1102230246251565e-16,5.914130434782608,5.772342995169082,22,-1,0,0,0,0,0,0,-8,-8,False,16,0.0,1,False,best_rejected_stop,marginal_utility_negative,13,8-8-6-6-6-6,109,11,"{""EF2"": 2, ""EF3"": 3, ""EF4"": 4, ""EF5"": 6, ""SL5"": 2, ""SL6"": 4, ""Seuil3"": 4, ""Seuil4"": 1}",delta_fatigue_term,0.10821256038647398,0.019655797101449046,0.16144323671497496
73,11,5,weighted_greedy,8-8-8-6-6-6,8,-8,19,18,1,EF1,EF,1,1,7,1,0,True,,False,0.1578947368421053,0.0,-0.025000000000000022,-0.25,-0.11710526315789416,5.551115123125783e-16,6.50281954887218,6.385714285714286,19,-5,0,0,0,0,-2,1,-10,-8,False,16,0.0,1,False,best_rejected_stop,marginal_utility_negative,14,8-8-8-6-6-6,130,13,"{""EF2"": 3, ""EF3"": 3, ""EF4"": 5, ""EF5"": 7, ""SL5"": 2, ""SL6"": 5, ""Seuil3"": 4, ""Seuil4"": 2}",delta_fatigue_term,0.1328947368421053,0.6256265664160399,0.742731829573934
73,12,5,weighted_greedy,8-8-8-6-6-6,8,-8,22,15,7,EF3,EF,3,3,4,3,0,True,,False,0.40909090909090917,0.0,-0.009374999999999994,-0.75,-0.3502840909090903,5.551115123125783e-16,6.529829545454545,6.179545454545455,18,-6,0,0,0,0,-3,1,-11,-8,False,16,0.0,1,False,best_rejected_stop,marginal_utility_negative,14,8-8-8-6-6-6,148,15,"{""EF2"": 4, ""EF3"": 3, ""EF4"": 5, ""EF5"": 8, ""SL5"": 2, ""SL6"": 5, ""SL7"": 1, ""Seuil3"": 4, ""Seuil4"": 3}",delta_fatigue_term,0.1332386363636364,1.1434659090909083,1.4937499999999986
73,16,5,weighted_greedy,8-8-8-8-6-6,8,-8,24,19,5,EF4,EF,4,4,7,4,0,True,,False,0.5,0.0,-0.005357142857142866,-0.5,-0.005357142857142172,6.938893903907228e-16,6.044642857142857,6.039285714285715,23,-2,0,0,0,0,0,3,-8,-8,False,16,0.0,1,False,best_rejected_stop,marginal_utility_negative,15,8-8-8-8-6-6,230,23,"{""EF2"": 6, ""EF3"": 4, ""EF4"": 10, ""EF5"": 11, ""SL5"": 2, ""SL6"": 6, ""SL7"": 2, ""SL8"": 1, ""Seuil3"": 5, ""Seuil4"": 7}",delta_fatigue_term,0.24732142857142858,0.49107142857142794,0.4964285714285701
74,1,3,weighted_greedy,6-6-6-6,6,0,13,4,9,EF1,EF,1,1,5,1,0,True,,False,0.23076923076923084,0.0,-0.016666666666666663,-0.75,-0.5358974358974358,0.0,3.023076923076923,2.4871794871794872,5,-9,0,0,0,0,-4,0,-4,-4,False,10,0.0,1,False,best_rejected_stop,marginal_utility_negative,2,6-6-6-6,0,0,{},delta_fatigue_term,0.07136752136752139,0.4615384615384617,0.9974358974358974
74,4,4,weighted_greedy,6-6-6-6,6,-5,13,12,1,EF1,EF,1,1,4,1,0,True,,False,0.23076923076923084,0.0,-0.046875,-0.25,-0.06610576923076916,0.0,4.519230769230769,4.453125,13,-1,0,0,0,0,0,0,-5,-5,False,11,0.0,1,False,best_rejected_stop,marginal_utility_negative,9,6-6-6-6,27,3,"{""EF1"": 1, ""EF2"": 2, ""EF3"": 3, ""EF4"": 1, ""Seuil3"": 3}",delta_fatigue_term,0.18389423076923084,0.42307692307692246,0.4891826923076916
74,6,3,weighted_greedy,8-6-6-6-6,8,-5,18,10,8,EF5,EF,5,5,7,5,0,True,,False,0.8333333333333333,0.0,0.0,-1.0,-0.16666666666666607,6.661338147750939e-16,4.595238095238095,4.428571428571429,15,-4,0,0,0,0,-1,3,-6,-6,False,14,0.0,1,False,best_rejected_stop,marginal_utility_negative,11,8-6-6-6-6,51,5,"{""EF1"": 1, ""EF2"": 3, ""EF3"": 3, ""EF4"": 3, ""EF5"": 1, ""SL5"": 1, ""Seuil3"": 3, ""Seuil4"": 1}",delta_fatigue_term,0.20833333333333331,,
74,7,5,weighted_greedy,8-6-6-6-6,8,-8,19,18,1,EF1,EF,1,1,7,1,0,True,,False,0.1578947368421053,0.0,-0.025000000000000022,-0.5,-0.36710526315789416,5.551115123125783e-16,5.75281954887218,5.385714285714286,19,1,1,1,0,0,0,0,-7,-7,False,15,0.0,1,False,best_rejected_stop,marginal_utility_negative,12,8-6-6-6-6,61,6,"{""EF1"": 1, ""EF2"": 3, ""EF3"": 3, ""EF4"": 3, ""EF5"": 2, ""SL5"": 2, ""Seuil3"": 3, ""Seuil4"": 1}",delta_fatigue_term,0.06644736842105264,1.4558270676691727,1.8229323308270668
74,8,3,weighted_greedy,8-8-6-6-6,8,-8,14,11,3,EF3,EF,3,3,6,3,0,True,,False,0.6428571428571428,0.0,-0.03472222222222221,-0.75,-0.14186507936507908,3.3306690738754696e-16,5.336309523809524,5.194444444444445,14,-6,0,0,0,0,-3,1,-11,-8,False,16,0.0,1,False,best_rejected_stop,marginal_utility_negative,12,8-8-6-6-6,79,8,"{""EF1"": 1, ""EF2"": 3, ""EF3"": 3, ""EF4"": 4, ""EF5"": 3, ""SL5"": 2, ""SL6"": 1, ""Seuil3"": 4, ""Seuil4"": 1}",delta_fatigue_term,0.2027116402116402,,
74,10,5,weighted_greedy,8-8-6-6-6-6,8,-8,27,17,10,EF2,EF,2,2,8,2,0,True,,False,0.22222222222222232,0.0,-0.014062500000000006,-0.25,-0.04184027777777821,-5.273559366969494e-16,5.521701388888889,5.479861111111111,19,-4,0,0,0,0,-1,2,-9,-8,False,16,0.0,1,False,best_rejected_stop,marginal_utility_negative,13,8-8-6-6-6-6,101,10,"{""EF1"": 1, ""EF2"": 3, ""EF3"": 3, ""EF4"": 4, ""EF5"": 5, ""SL5"": 2, ""SL6"": 3, ""Seuil3"": 4, ""Seuil4"": 1}",delta_fatigue_term,0.20815972222222232,0.44184027777777857,0.4836805555555568
74,11,5,weighted_greedy,8-8-8-6-6-6,8,-8,25,18,7,EF4,EF,4,4,7,4,0,True,,False,0.48,0.0,-0.0035714285714285587,-0.5,-0.02357142857142769,8.881784197001252e-16,5.820714285714286,5.797142857142857,22,-2,0,0,0,0,0,3,-8,-8,False,16,0.0,1,False,best_rejected_stop,marginal_utility_negative,14,8-8-8-6-6-6,118,12,"{""EF1"": 2, ""EF2"": 3, ""EF3"": 3, ""EF4"": 4, ""EF5"": 6, ""SL5"": 2, ""SL6"": 3, ""SL7"": 1, ""Seuil3"": 4, ""Seuil4"": 2}",delta_fatigue_term,0.2382142857142857,0.47404761904761905,0.49761904761904674
74,12,5,weighted_greedy,8-8-8-6-6-6,8,-8,19,15,4,EF3,EF,3,3,4,3,0,True,,False,0.47368421052631593,0.0,-0.009374999999999994,-0.75,-0.2856907894736844,-3.3306690738754696e-16,6.852796052631579,6.567105263157894,18,-6,0,0,0,0,-3,1,-11,-8,False,16,0.0,1,False,best_rejected_stop,marginal_utility_negative,15,8-8-8-6-6-6,136,14,"{""EF1"": 2, ""EF2"": 4, ""EF3"": 3, ""EF4"": 4, ""EF5"": 7, ""SL5"": 2, ""SL6"": 3, ""SL7"": 2, ""Seuil3"": 4, ""Seuil4"": 3}",delta_fatigue_term,0.1547697368421053,1.208059210526316,1.4937500000000004
74,15,5,weighted_greedy,8-8-8-8-6-6,8,-8,25,19,6,EF4,EF,4,4,6,4,0,True,,False,0.48,0.0,-0.0062500000000000056,-0.5,-0.026250000000000995,-9.71445146547012e-16,5.977916666666667,5.951666666666667,23,-2,0,0,0,0,0,3,-8,-8,False,16,0.0,1,False,best_rejected_stop,marginal_utility_negative,15,8-8-8-8-6-6,195,20,"{""EF1"": 2, ""EF2"": 6, ""EF3"": 3, ""EF4"": 8, ""EF5"": 9, ""SL5"": 2, ""SL6"": 4, ""SL7"": 2, ""SL8"": 1, ""Seuil3"": 5, ""Seuil4"": 6}",delta_fatigue_term,0.236875,0.46958333333333435,0.49583333333333535
74,16,5,weighted_greedy,8-8-8-8-6-6,8,-8,25,19,6,EF4,EF,4,4,7,4,0,True,,False,0.48,0.0,-0.005357142857142866,-0.5,-0.025357142857142634,2.498001805406602e-16,5.949642857142857,5.924285714285714,23,-2,0,0,0,0,0,3,-8,-8,False,16,0.0,1,False,best_rejected_stop,marginal_utility_negative,15,8-8-8-8-6-6,214,22,"{""EF1"": 2, ""EF2"": 6, ""EF3"": 3, ""EF4"": 9, ""EF5"": 10, ""SL5"": 2, ""SL6"": 5, ""SL7"": 2, ""SL8"": 1, ""Seuil3"": 5, ""Seuil4"": 7}",delta_fatigue_term,0.23732142857142857,0.47107142857142925,0.4964285714285719
75,1,3,weighted_greedy,6-6-6-6,6,0,13,4,9,EF1,EF,1,1,5,1,0,True,,False,0.23076923076923084,0.0,-0.016666666666666663,-0.75,-0.5358974358974358,0.0,3.023076923076923,2.4871794871794872,5,-9,0,0,0,0,-4,0,-4,-4,False,10,0.0,1,False,best_rejected_stop,marginal_utility_negative,2,6-6-6-6,0,0,{},delta_fatigue_term,0.07136752136752139,0.4615384615384617,0.9974358974358974
75,3,5,weighted_greedy,6-6-6-6,6,-3,16,12,4,EF1,EF,1,1,6,1,0,True,,False,0.1875,0.0,-0.016666666666666663,-0.25,-0.07916666666666661,5.551115123125783e-17,5.375,5.295833333333333,13,-1,0,0,0,0,0,0,-3,-3,False,9,0.0,1,False,best_rejected_stop,marginal_utility_negative,8,6-6-6-6,19,3,"{""EF1"": 1, ""EF2"": 3, ""EF3"": 1, ""Seuil3"": 3}",delta_fatigue_term,0.17083333333333334,1.7638888888888888,1.8430555555555554
75,6,3,weighted_greedy,8-6-6-6-6,8,-3,18,10,8,EF5,EF,5,5,6,5,0,True,,False,0.8333333333333333,0.0,0.0,-1.0,-0.16666666666666696,-2.220446049250313e-16,4.625,4.458333333333333,15,-4,0,0,0,0,-1,3,-4,-4,False,12,0.0,1,False,best_rejected_stop,marginal_utility_negative,12,8-6-6-6-6,57,7,"{""EF1"": 1, ""EF2"": 5, ""EF3"": 3, ""EF4"": 3, ""Seuil3"": 4, ""Seuil4"": 2, ""Seuil5"": 1}",delta_fatigue_term,0.20833333333333331,,
75,7,3,weighted_greedy,8-8-6-6-6,8,-7,22,10,12,EF1,EF,1,1,7,1,0,True,,False,0.13636363636363646,0.0,-0.047619047619047616,-0.75,-0.6612554112554108,4.440892098500626e-16,5.042207792207792,4.380952380952381,11,-9,0,0,0,0,-4,0,-11,-8,False,16,0.0,1,False,best_rejected_stop,marginal_utility_negative,12,8-8-6-6-6,67,8,"{""EF1"": 1, ""EF2"": 5, ""EF3"": 3, ""EF4"": 3, ""EF5"": 1, ""SL5"": 1, ""Seuil3"": 4, ""Seuil4"": 2, ""Seuil5"": 1}",delta_fatigue_term,0.029581529581529615,,
75,8,3,weighted_greedy,8-8-6-6-6,8,-8,18,11,7,EF5,EF,5,5,8,5,0,True,,False,0.833333333333333,0.0,-0.005208333333333343,-1.0,-0.1718750000000009,-5.828670879282072e-16,4.755208333333334,4.583333333333333,16,-4,0,0,0,0,-1,3,-9,-8,False,16,0.0,1,False,best_rejected_stop,marginal_utility_negative,13,8-8-6-6-6,77,9,"{""EF1"": 1, ""EF2"": 5, ""EF3"": 3, ""EF4"": 3, ""EF5"": 2, ""SL5"": 2, ""Seuil3"": 4, ""Seuil4"": 2, ""Seuil5"": 1}",delta_fatigue_term,0.20703124999999992,,
75,9,3,weighted_greedy,8-8-6-6-6,8,-8,20,11,9,EF5,EF,5,5,8,5,0,True,,False,0.7500000000000002,0.0,-0.005208333333333343,-1.0,-0.25520833333333304,1.1102230246251565e-16,4.571875,4.316666666666667,16,-4,0,0,0,0,-1,3,-9,-8,False,16,0.0,1,False,best_rejected_stop,marginal_utility_negative,13,8-8-6-6-6,88,10,"{""EF1"": 1, ""EF2"": 5, ""EF3"": 3, ""EF4"": 3, ""EF5"": 3, ""SL5"": 2, ""SL6"": 1, ""Seuil3"": 4, ""Seuil4"": 2, ""Seuil5"": 1}",delta_fatigue_term,0.1861979166666667,,
75,10,5,weighted_greedy,8-8-6-6-6,8,-8,20,19,1,EF1,EF,1,1,8,1,0,True,,False,0.15000000000000036,0.0,-0.0234375,-0.5,-0.37343749999999964,0.0,5.7484375,5.375,20,1,1,1,0,0,0,0,-7,-7,False,15,0.0,1,False,best_rejected_stop,marginal_utility_negative,14,8-8-6-6-6,99,11,"{""EF1"": 1, ""EF2"": 5, ""EF3"": 3, ""EF4"": 3, ""EF5"": 4, ""SL5"": 2, ""SL6"": 2, ""Seuil3"": 4, ""Seuil4"": 2, ""Seuil5"": 1}",delta_fatigue_term,0.06328125000000018,1.4317708333333323,1.805208333333332
75,13,5,weighted_greedy,8-8-8-8-6-6,8,-8,25,19,6,EF4,EF,4,4,8,4,0,True,,False,0.48,0.0,-0.004687500000000011,-0.5,-0.02468750000000064,-6.106226635438361e-16,5.9284375,5.9037500000000005,23,-2,0,0,0,0,0,3,-8,-8,False,16,0.0,1,False,best_rejected_stop,marginal_utility_negative,15,8-8-8-8-6-6,151,16,"{""EF1"": 1, ""EF2"": 7, ""EF3"": 5, ""EF4"": 5, ""EF5"": 6, ""SL5"": 2, ""SL6"": 2, ""SL7"": 2, ""Seuil3"": 6, ""Seuil4"": 3, ""Seuil5"": 1}",delta_fatigue_term,0.23765624999999999,0.4721875000000004,0.49687500000000107
75,14,6,weighted_greedy,8-8-8-8-6-6,8,-8,22,21,1,EF1,EF,1,1,7,1,0,True,,False,0.13636363636363624,0.0,-0.019047619047619035,-0.25,-0.1326839826839823,4.996003610813204e-16,6.263636363636364,6.130952380952381,22,-3,0,0,0,0,0,1,-8,-8,False,16,0.0,1,False,best_rejected_stop,marginal_utility_negative,15,8-8-8-8-6-6,170,18,"{""EF1"": 1, ""EF2"": 8, ""EF3"": 5, ""EF4"": 5, ""EF5"": 7, ""SL5"": 2, ""SL6"": 2, ""SL7"": 2, ""SL8"": 1, ""Seuil3"": 6, ""Seuil4"": 4, ""Seuil5"": 1}",delta_fatigue_term,0.11731601731601721,0.003084415584416078,0.13576839826839837
75,15,5,weighted_greedy,8-8-8-8-6-6,8,-8,27,19,8,EF2,EF,2,2,8,2,0,True,,False,0.22222222222222232,0.0,-0.017187499999999994,-0.25,-0.044965277777777146,5.273559366969494e-16,5.759548611111111,5.714583333333334,21,-4,0,0,0,0,-1,2,-9,-8,False,16,0.0,1,False,best_rejected_stop,marginal_utility_negative,15,8-8-8-8-6-6,191,20,"{""EF1"": 1, ""EF2"": 9, ""EF3"": 6, ""EF4"": 5, ""EF5"": 8, ""SL5"": 2, ""SL6"": 2, ""SL7"": 3, ""SL8"": 1, ""Seuil3"": 6, ""Seuil4"": 5, ""Seuil5"": 1}",delta_fatigue_term,0.20503472222222233,0.43663194444444375,0.4815972222222209
75,16,5,weighted_greedy,8-8-8-8-6-6,8,-8,24,19,5,EF4,EF,4,4,8,4,0,True,,False,0.5,0.0,-0.004687500000000011,-0.5,-0.004687500000000178,-1.6653345369377348e-16,6.0234375,6.01875,23,-2,0,0,0,0,0,3,-8,-8,False,16,0.0,1,False,best_rejected_stop,marginal_utility_negative,16,8-8-8-8-6-6,210,22,"{""EF1"": 1, ""EF2"": 10, ""EF3"": 6, ""EF4"": 5, ""EF5"": 9, ""SL5"": 2, ""SL6"": 2, ""SL7"": 3, ""SL8"": 2, ""Seuil3"": 6, ""Seuil4"": 6, ""Seuil5"": 1}",delta_fatigue_term,0.24765625,0.4921875,0.4968750000000002
76,1,3,weighted_greedy,6-6-6-6,6,0,11,4,7,EF1,EF,1,1,4,1,0,True,,False,0.2727272727272727,0.0,-0.02083333333333333,-0.75,-0.49810606060606055,5.551115123125783e-17,3.215909090909091,2.7178030303030303,5,-9,0,0,0,0,-4,0,-4,-4,False,10,0.0,1,False,best_rejected_stop,marginal_utility_negative,2,6-6-6-6,0,0,{},delta_fatigue_term,0.08396464646464646,0.5454545454545454,1.043560606060606
76,6,3,weighted_greedy,8-6-6-6-6,8,-4,18,10,8,EF5,EF,5,5,7,5,0,True,,False,0.8333333333333333,0.0,0.0,-1.0,-0.16666666666666607,6.661338147750939e-16,4.595238095238095,4.428571428571429,15,-4,0,0,0,0,-1,3,-5,-5,False,13,0.0,1,False,best_rejected_stop,marginal_utility_negative,11,8-6-6-6-6,51,5,"{""EF1"": 1, ""EF2"": 4, ""EF3"": 4, ""EF4"": 2, ""EF5"": 1, ""SL5"": 1, ""Seuil3"": 4}",delta_fatigue_term,0.20833333333333331,,
76,7,4,weighted_greedy,8-6-6-6-6,8,-8,16,15,1,EF1,EF,1,1,8,1,0,True,,False,0.1875,0.0,-0.03125,-0.25,-0.09375,0.0,4.71875,4.625,16,-3,0,0,0,0,0,1,-8,-8,False,16,0.0,1,False,best_rejected_stop,marginal_utility_negative,12,8-6-6-6-6,61,6,"{""EF1"": 1, ""EF2"": 4, ""EF3"": 4, ""EF4"": 2, ""EF5"": 2, ""SL5"": 2, ""Seuil3"": 4}",delta_fatigue_term,0.15625,0.234375,0.328125
76,8,5,weighted_greedy,8-6-6-6-6,8,-8,23,18,5,EF1,EF,1,1,7,1,0,True,,False,0.13043478260869534,0.0,-0.025000000000000022,-0.5,-0.3945652173913041,5.551115123125783e-16,5.258540372670808,4.863975155279503,19,1,1,1,0,0,0,0,-7,-7,False,15,0.0,1,False,best_rejected_stop,marginal_utility_negative,12,8-6-6-6-6,76,7,"{""EF1"": 1, ""EF2"": 4, ""EF3"": 4, ""EF4"": 3, ""EF5"": 3, ""SL5"": 2, ""SL6"": 1, ""Seuil3"": 4}",delta_fatigue_term,0.05271739130434766,1.3734472049689441,1.7680124223602482
76,9,3,weighted_greedy,8-8-6-6-6,8,-8,18,11,7,EF5,EF,5,5,6,5,0,True,,False,0.833333333333333,0.0,-0.0069444444444444475,-1.0,-0.1736111111111116,-1.942890293094024e-16,4.8125,4.638888888888888,16,-4,0,0,0,0,-1,3,-9,-8,False,16,0.0,1,False,best_rejected_stop,marginal_utility_negative,13,8-8-6-6-6,94,9,"{""EF1"": 1, ""EF2"": 4, ""EF3"": 4, ""EF4"": 4, ""EF5"": 4, ""SL5"": 2, ""SL6"": 2, ""Seuil3"": 5}",delta_fatigue_term,0.20659722222222215,,
76,10,5,weighted_greedy,8-8-6-6-6-6,8,-8,18,17,1,EF1,EF,1,1,8,1,0,True,,False,0.16666666666666696,0.0,-0.020312499999999997,-0.25,-0.10364583333333321,-1.8041124150158794e-16,6.466145833333333,6.3625,18,-5,0,0,0,0,-2,1,-10,-8,False,16,0.0,1,False,best_rejected_stop,marginal_utility_negative,13,8-8-6-6-6-6,105,10,"{""EF1"": 1, ""EF2"": 4, ""EF3"": 4, ""EF4"": 4, ""EF5"": 5, ""SL5"": 2, ""SL6"": 3, ""Seuil3"": 5}",delta_fatigue_term,0.14635416666666695,0.6640625,0.7677083333333332
76,11,6,weighted_greedy,8-8-8-6-6-6,8,-8,23,22,1,EF1,EF,1,1,8,1,0,True,,False,0.13043478260869534,0.0,-0.01770833333333334,-0.25,-0.13727355072463787,1.1102230246251565e-16,6.007065217391305,5.869791666666667,23,-1,0,0,0,0,0,0,-8,-8,False,16,0.0,1,False,best_rejected_stop,marginal_utility_negative,13,8-8-8-6-6-6,122,12,"{""EF1"": 2, ""EF2"": 4, ""EF3"": 4, ""EF4"": 4, ""EF5"": 6, ""SL5"": 2, ""SL6"": 3, ""SL7"": 1, ""Seuil3"": 5, ""Seuil4"": 1}",delta_fatigue_term,0.112726449275362,0.018614130434783327,0.1558876811594212
76,13,5,weighted_greedy,8-8-8-8-6-6,8,-8,24,19,5,EF4,EF,4,4,7,4,0,True,,False,0.5,0.0,-0.005357142857142866,-0.5,-0.005357142857142172,6.938893903907228e-16,6.044642857142857,6.039285714285715,23,-2,0,0,0,0,0,3,-8,-8,False,16,0.0,1,False,best_rejected_stop,marginal_utility_negative,15,8-8-8-8-6-6,166,16,"{""EF1"": 3, ""EF2"": 5, ""EF3"": 4, ""EF4"": 6, ""EF5"": 8, ""SL5"": 2, ""SL6"": 3, ""SL7"": 2, ""SL8"": 1, ""Seuil3"": 5, ""Seuil4"": 3}",delta_fatigue_term,0.24732142857142858,0.49107142857142794,0.4964285714285701
76,15,5,weighted_greedy,8-8-8-8-6-6,8,-8,25,19,6,EF4,EF,4,4,7,4,0,True,,False,0.48,0.0,-0.005357142857142866,-0.5,-0.025357142857142634,2.498001805406602e-16,5.949642857142857,5.924285714285714,23,-2,0,0,0,0,0,3,-8,-8,False,16,0.0,1,False,best_rejected_stop,marginal_utility_negative,15,8-8-8-8-6-6,199,19,"{""EF1"": 3, ""EF2"": 5, ""EF3"": 5, ""EF4"": 7, ""EF5"": 10, ""SL5"": 3, ""SL6"": 3, ""SL7"": 3, ""SL8"": 1, ""Seuil3"": 5, ""Seuil4"": 4}",delta_fatigue_term,0.23732142857142857,0.47107142857142925,0.4964285714285719
77,1,3,weighted_greedy,6-6-6-6,6,0,10,4,6,EF1,EF,1,1,3,1,0,True,,False,0.2999999999999998,0.0,-0.027777777777777762,-0.75,-0.4777777777777783,-3.3306690738754696e-16,3.3666666666666667,2.888888888888889,5,-9,0,0,0,0,-4,0,-4,-4,False,10,0.0,1,False,best_rejected_stop,marginal_utility_negative,2,6-6-6-6,0,0,{},delta_fatigue_term,0.09074074074074068,0.6000000000000005,1.0777777777777788
77,2,6,weighted_greedy,6-6-6-6,6,-4,14,12,2,EF1,EF,1,1,5,1,0,True,,False,0.2142857142857144,0.0,-0.011666666666666672,-0.25,-0.0473809523809523,-4.163336342344337e-17,5.691428571428571,5.644047619047619,13,-1,0,0,0,0,0,0,-4,-4,False,10,0.0,1,False,best_rejected_stop,marginal_utility_negative,6,6-6-6-6,4,0,"{""EF2"": 2}",delta_fatigue_term,0.20261904761904775,0.19678571428571345,0.24416666666666575
77,6,3,weighted_greedy,8-6-6-6-6,8,-6,13,10,3,EF3,EF,3,3,5,3,0,True,,False,0.6923076923076921,0.0,-0.033333333333333354,-0.75,-0.09102564102564159,-3.0531133177191805e-16,5.307692307692308,5.216666666666667,13,-6,0,0,0,0,-3,1,-9,-8,False,16,0.0,1,False,best_rejected_stop,marginal_utility_negative,12,8-6-6-6-6,52,6,"{""EF1"": 1, ""EF2"": 4, ""EF3"": 3, ""EF4"": 3, ""Seuil3"": 3, ""Seuil4"": 2, ""Seuil5"": 1}",delta_fatigue_term,0.21965811965811957,,
77,8,3,weighted_greedy,8-8-6-6-6,8,-8,19,11,8,EF5,EF,5,5,6,5,0,True,,False,0.7894736842105261,0.0,-0.0069444444444444475,-1.0,-0.2174707602339181,2.498001805406602e-16,4.7160087719298245,4.498538011695906,16,-4,0,0,0,0,-1,3,-9,-8,False,16,0.0,1,False,best_rejected_stop,marginal_utility_negative,13,8-8-6-6-6,77,8,"{""EF1"": 1, ""EF2"": 4, ""EF3"": 3, ""EF4"": 3, ""EF5"": 3, ""SL5"": 2, ""Seuil3"": 3, ""Seuil4"": 2, ""Seuil5"": 1}",delta_fatigue_term,0.19563230994152042,,
77,9,3,weighted_greedy,8-8-6-6-6,8,-8,16,11,5,EF5,EF,5,5,6,5,0,True,,False,0.9375,0.0,-0.0069444444444444475,-1.0,-0.06944444444444375,6.938893903907228e-16,5.041666666666667,4.972222222222222,16,-4,0,0,0,0,-1,3,-9,-8,False,16,0.0,1,False,best_rejected_stop,marginal_utility_negative,13,8-8-6-6-6,88,9,"{""EF1"": 1, ""EF2"": 4, ""EF3"": 3, ""EF4"": 3, ""EF5"": 4, ""SL5"": 2, ""SL6"": 1, ""Seuil3"": 3, ""Seuil4"": 2, ""Seuil5"": 1}",delta_fatigue_term,0.2326388888888889,,
77,10,5,weighted_greedy,8-8-6-6-6,8,-8,20,19,1,EF1,EF,1,1,8,1,0,True,,False,0.15000000000000036,0.0,-0.0234375,-0.5,-0.37343749999999964,0.0,5.7484375,5.375,20,1,1,1,0,0,0,0,-7,-7,False,15,0.0,1,False,best_rejected_stop,marginal_utility_negative,14,8-8-6-6-6,99,10,"{""EF1"": 1, ""EF2"": 4, ""EF3"": 3, ""EF4"": 3, ""EF5"": 5, ""SL5"": 2, ""SL6"": 2, ""Seuil3"": 3, ""Seuil4"": 2, ""Seuil5"": 1}",delta_fatigue_term,0.06328125000000018,1.4317708333333323,1.805208333333332
77,11,6,weighted_greedy,8-8-8-6-6-6,8,-8,21,20,1,EF1,EF,1,1,6,1,0,True,,False,0.14285714285714324,0.0,-0.020833333333333315,-0.25,-0.1279761904761907,-6.106226635438361e-16,6.273809523809524,6.145833333333333,21,-3,0,0,0,0,0,1,-8,-8,False,16,0.0,1,False,best_rejected_stop,marginal_utility_negative,14,8-8-8-6-6-6,118,12,"{""EF1"": 1, ""EF2"": 4, ""EF3"": 3, ""EF4"": 4, ""EF5"": 6, ""SL5"": 2, ""SL6"": 2, ""SL7"": 1, ""Seuil3"": 4, ""Seuil4"": 2, ""Seuil5"": 1}",delta_fatigue_term,0.12202380952380992,0.01488095238095255,0.14285714285714324
77,12,5,weighted_greedy,8-8-8-6-6-6,8,-8,24,18,6,EF4,EF,4,4,7,4,0,True,,False,0.5,0.0,-0.0035714285714285587,-0.5,-0.0035714285714281147,4.440892098500626e-16,5.910714285714286,5.9071428571428575,22,-2,0,0,0,0,0,3,-8,-8,False,16,0.0,1,False,best_rejected_stop,marginal_utility_negative,14,8-8-8-6-6-6,138,14,"{""EF1"": 1, ""EF2"": 5, ""EF3"": 4, ""EF4"": 4, ""EF5"": 7, ""SL5"": 2, ""SL6"": 3, ""SL7"": 1, ""Seuil3"": 4, ""Seuil4"": 3, ""Seuil5"": 1}",delta_fatigue_term,0.24821428571428572,0.4940476190476195,0.4976190476190476
77,13,5,weighted_greedy,8-8-8-8-6-6,8,-8,25,19,6,EF4,EF,4,4,8,4,0,True,,False,0.48,0.0,-0.004687500000000011,-0.5,-0.02468750000000064,-6.106226635438361e-16,5.9284375,5.9037500000000005,23,-2,0,0,0,0,0,3,-8,-8,False,16,0.0,1,False,best_rejected_stop,marginal_utility_negative,15,8-8-8-8-6-6,156,16,"{""EF1"": 1, ""EF2"": 6, ""EF3"": 4, ""EF4"": 4, ""EF5"": 8, ""SL5"": 2, ""SL6"": 3, ""SL7"": 2, ""Seuil3"": 4, ""Seuil4"": 4, ""Seuil5"": 1}",delta_fatigue_term,0.23765624999999999,0.4721875000000004,0.49687500000000107
77,15,5,weighted_greedy,8-8-8-8-6-6,8,-8,25,19,6,EF4,EF,4,4,7,4,0,True,,False,0.48,0.0,-0.005357142857142866,-0.5,-0.025357142857142634,2.498001805406602e-16,5.949642857142857,5.924285714285714,23,-2,0,0,0,0,0,3,-8,-8,False,16,0.0,1,False,best_rejected_stop,marginal_utility_negative,15,8-8-8-8-6-6,189,19,"{""EF1"": 1, ""EF2"": 8, ""EF3"": 4, ""EF4"": 4, ""EF5"": 10, ""SL5"": 2, ""SL6"": 3, ""SL7"": 3, ""SL8"": 1, ""Seuil3"": 4, ""Seuil4"": 5, ""Seuil5"": 1}",delta_fatigue_term,0.23732142857142857,0.47107142857142925,0.4964285714285719
77,16,5,weighted_greedy,8-8-8-8-6-6,8,-8,24,19,5,EF4,EF,4,4,8,4,0,True,,False,0.5,0.0,-0.004687500000000011,-0.5,-0.004687500000000178,-1.6653345369377348e-16,6.0234375,6.01875,23,-2,0,0,0,0,0,3,-8,-8,False,16,0.0,1,False,best_rejected_stop,marginal_utility_negative,15,8-8-8-8-6-6,208,21,"{""EF1"": 1, ""EF2"": 8, ""EF3"": 5, ""EF4"": 4, ""EF5"": 11, ""SL5"": 2, ""SL6"": 3, ""SL7"": 4, ""SL8"": 1, ""Seuil3"": 4, ""Seuil4"": 6, ""Seuil5"": 1}",delta_fatigue_term,0.24765625,0.4921875,0.4968750000000002
78,1,3,weighted_greedy,6-6-6-6,6,0,15,4,11,EF1,EF,1,1,6,1,0,True,,False,0.19999999999999996,0.0,-0.013888888888888881,-0.75,-0.5638888888888887,2.220446049250313e-16,2.8833333333333333,2.3194444444444446,5,-9,0,0,0,0,-4,0,-4,-4,False,10,0.0,1,False,best_rejected_stop,marginal_utility_negative,2,6-6-6-6,0,0,{},delta_fatigue_term,0.06203703703703702,0.3999999999999999,0.9638888888888886
78,2,6,weighted_greedy,6-6-6-6,6,-4,13,12,1,EF1,EF,1,1,6,1,0,True,,False,0.23076923076923084,0.0,-0.009722222222222215,-0.25,-0.028952991452991128,2.498001805406602e-16,5.869230769230769,5.840277777777778,13,-1,0,0,0,0,0,0,-4,-4,False,10,0.0,1,False,best_rejected_stop,marginal_utility_negative,6,6-6-6-6,4,0,"{""EF2"": 2}",delta_fatigue_term,0.22104700854700862,0.21618589743589745,0.24513888888888857
78,3,5,weighted_greedy,6-6-6-6,6,-4,14,12,2,EF1,EF,1,1,6,1,0,True,,False,0.2142857142857144,0.0,-0.016666666666666663,-0.25,-0.052380952380952195,5.551115123125783e-17,5.696428571428571,5.644047619047619,13,-1,0,0,0,0,0,0,-4,-4,False,10,0.0,1,False,best_rejected_stop,marginal_utility_negative,8,6-6-6-6,16,2,"{""EF1"": 1, ""EF2"": 3, ""EF3"": 1, ""Seuil3"": 2}",delta_fatigue_term,0.19761904761904775,1.8710317460317456,1.9234126984126978
78,4,5,weighted_greedy,8-6-6-6,8,-4,15,14,1,EF1,EF,1,1,7,1,0,True,,False,0.20000000000000018,0.0,-0.017857142857142863,-0.25,-0.06785714285714306,-3.7470027081099033e-16,5.675,5.607142857142857,15,0,0,0,0,0,0,0,-4,-4,False,12,0.0,1,False,best_rejected_stop,marginal_utility_negative,9,8-6-6-6,28,4,"{""EF1"": 1, ""EF2"": 4, ""EF3"": 2, ""Seuil3"": 3, ""Seuil4"": 1}",delta_fatigue_term,0.18214285714285733,1.5940476190476192,1.6619047619047622
78,6,3,weighted_greedy,8-6-6-6-6,8,-4,17,10,7,EF5,EF,5,5,6,5,0,True,,False,0.8823529411764706,0.0,0.0,-1.0,-0.11764705882352988,-4.440892098500626e-16,4.723039215686274,4.605392156862745,15,-4,0,0,0,0,-1,3,-5,-5,False,13,0.0,1,False,best_rejected_stop,marginal_utility_negative,11,8-6-6-6-6,55,7,"{""EF1"": 1, ""EF2"": 4, ""EF3"": 3, ""EF4"": 2, ""EF5"": 1, ""SL5"": 1, ""Seuil3"": 5, ""Seuil4"": 1}",delta_fatigue_term,0.22058823529411764,,
78,7,3,weighted_greedy,8-8-6-6-6,8,-8,17,11,6,EF5,EF,5,5,7,5,0,True,,False,0.8823529411764701,0.0,-0.005952380952380959,-1.0,-0.12359943977591037,4.718447854656915e-16,4.887605042016807,4.764005602240896,16,-4,0,0,0,0,-1,3,-9,-8,False,16,0.0,1,False,best_rejected_stop,marginal_utility_negative,12,8-8-6-6-6,65,8,"{""EF1"": 1, ""EF2"": 4, ""EF3"": 3, ""EF4"": 2, ""EF5"": 2, ""SL5"": 2, ""Seuil3"": 5, ""Seuil4"": 1}",delta_fatigue_term,0.2191001400560223,,
78,8,3,weighted_greedy,8-8-6-6-6,8,-8,15,11,4,EF3,EF,3,3,6,3,0,True,,False,0.6000000000000001,0.0,-0.03472222222222221,-0.75,-0.1847222222222218,3.3306690738754696e-16,5.179166666666666,4.9944444444444445,14,-6,0,0,0,0,-3,1,-11,-8,False,16,0.0,1,False,best_rejected_stop,marginal_utility_negative,12,8-8-6-6-6,76,9,"{""EF1"": 1, ""EF2"": 4, ""EF3"": 3, ""EF4"": 2, ""EF5"": 3, ""SL5"": 2, ""SL6"": 1, ""Seuil3"": 5, ""Seuil4"": 1}",delta_fatigue_term,0.18842592592592597,,
78,9,3,weighted_greedy,8-8-6-6-6,8,-8,15,10,5,EF1,EF,1,1,5,1,0,True,,False,0.19999999999999973,0.0,-0.06666666666666668,-0.75,-0.6166666666666671,-2.220446049250313e-16,5.75,5.133333333333333,11,-9,0,0,0,0,-4,0,-12,-8,False,16,0.0,1,False,best_rejected_stop,marginal_utility_negative,13,8-8-6-6-6,87,10,"{""EF1"": 1, ""EF2"": 4, ""EF3"": 3, ""EF4"": 2, ""EF5"": 4, ""SL5"": 2, ""SL6"": 2, ""Seuil3"": 5, ""Seuil4"": 1}",delta_fatigue_term,0.04444444444444435,,
78,10,5,weighted_greedy,8-8-6-6-6,8,-8,21,19,2,EF1,EF,1,1,7,1,0,True,,False,0.14285714285714235,0.0,-0.0267857142857143,-0.5,-0.3839285714285712,7.771561172376096e-16,5.633928571428571,5.25,20,1,1,1,0,0,0,0,-7,-7,False,15,0.0,1,False,best_rejected_stop,marginal_utility_negative,13,8-8-6-6-6,97,11,"{""EF1"": 1, ""EF2"": 4, ""EF3"": 3, ""EF4"": 2, ""EF5"": 5, ""SL5"": 3, ""SL6"": 2, ""Seuil3"": 5, ""Seuil4"": 1}",delta_fatigue_term,0.058035714285714024,1.407738095238095,1.791666666666666
78,11,6,weighted_greedy,8-8-8-6-6-6,8,-8,21,20,1,EF1,EF,1,1,8,1,0,True,,False,0.14285714285714324,0.0,-0.015625,-0.25,-0.12276785714285676,0.0,6.232142857142857,6.109375,21,-3,0,0,0,0,0,1,-8,-8,False,16,0.0,1,False,best_rejected_stop,marginal_utility_negative,13,8-8-8-6-6-6,116,13,"{""EF1"": 1, ""EF2"": 4, ""EF3"": 3, ""EF4"": 3, ""EF5"": 6, ""SL5"": 3, ""SL6"": 2, ""SL7"": 1, ""Seuil3"": 6, ""Seuil4"": 1}",delta_fatigue_term,0.12723214285714324,0.020089285714285587,0.14285714285714235
78,14,4,weighted_greedy,8-8-8-8-6-6,8,-8,17,15,2,EF1,EF,1,1,7,1,0,True,,False,0.17647058823529393,0.0,-0.035714285714285726,-0.75,-0.6092436974789912,5.551115123125783e-16,6.32563025210084,5.716386554621849,16,-9,0,0,0,0,-4,0,-12,-8,False,16,0.0,1,False,best_rejected_stop,marginal_utility_negative,15,8-8-8-8-6-6,181,19,"{""EF1"": 1, ""EF2"": 7, ""EF3"": 3, ""EF4"": 6, ""EF5"": 9, ""SL5"": 3, ""SL6"": 3, ""SL7"": 3, ""Seuil3"": 6, ""Seuil4"": 4}",delta_fatigue_term,0.04691876750700274,0.4936974789915958,1.102941176470587
78,16,5,weighted_greedy,8-8-8-8-6-6,8,-8,26,19,7,EF2,EF,2,2,8,2,0,True,,False,0.23076923076923128,0.0,-0.017187499999999994,-0.25,-0.03641826923076863,8.326672684688674e-17,5.840745192307692,5.804326923076923,21,-4,0,0,0,0,-1,2,-9,-8,False,16,0.0,1,False,best_rejected_stop,marginal_utility_negative,15,8-8-8-8-6-6,219,22,"{""EF1"": 1, ""EF2"": 8, ""EF3"": 4, ""EF4"": 7, ""EF5"": 11, ""SL5"": 3, ""SL6"": 3, ""SL7"": 4, ""SL8"": 1, ""Seuil3"": 6, ""Seuil4"": 5}",delta_fatigue_term,0.2135817307692313,0.4537259615384608,0.4901442307692294
79,1,3,weighted_greedy,6-6-6-6,6,0,12,4,8,EF1,EF,1,1,5,1,0,True,,False,0.25,0.0,-0.016666666666666663,-0.75,-0.516666666666667,-4.440892098500626e-16,3.1,2.5833333333333335,5,-9,0,0,0,0,-4,0,-4,-4,False,10,0.0,1,False,best_rejected_stop,marginal_utility_negative,2,6-6-6-6,0,0,{},delta_fatigue_term,0.07777777777777778,0.5,1.016666666666667
79,2,7,weighted_greedy,6-6-6-6,6,-4,16,15,1,EF1,EF,1,1,6,1,0,True,,False,0.1875,0.0,-0.008928571428571438,-0.5,-0.32142857142857206,-6.106226635438361e-16,6.666666666666667,6.345238095238095,16,2,2,1,0,0,0,0,-2,-2,False,8,0.0,1,False,best_rejected_stop,marginal_utility_negative,6,6-6-6-6,4,0,"{""EF2"": 2}",delta_fatigue_term,0.08928571428571427,1.3166666666666673,1.6380952380952394
79,5,4,weighted_greedy,8-6-6-6,8,-5,15,13,2,EF1,EF,1,1,6,1,0,True,,False,0.19999999999999973,0.0,-0.03472222222222221,-0.25,-0.08472222222222214,3.3306690738754696e-16,4.280555555555556,4.195833333333333,14,-1,0,0,0,0,0,0,-5,-5,False,13,0.0,1,False,best_rejected_stop,marginal_utility_negative,11,8-6-6-6,42,6,"{""EF1"": 1, ""EF2"": 4, ""EF3"": 2, ""EF4"": 2, ""Seuil3"": 5, ""Seuil4"": 1}",delta_fatigue_term,0.16527777777777752,0.3222222222222215,0.40694444444444366
79,6,3,weighted_greedy,8-6-6-6-6,8,-5,13,10,3,EF3,EF,3,3,6,3,0,True,,False,0.6923076923076921,0.0,-0.02777777777777779,-0.75,-0.08547008547008605,-3.3306690738754696e-16,5.266025641025641,5.180555555555555,13,-6,0,0,0,0,-3,1,-8,-8,False,16,0.0,1,False,best_rejected_stop,marginal_utility_negative,11,8-6-6-6-6,55,7,"{""EF1"": 1, ""EF2"": 4, ""EF3"": 3, ""EF4"": 2, ""EF5"": 1, ""SL5"": 1, ""Seuil3"": 5, ""Seuil4"": 1}",delta_fatigue_term,0.22150997150997143,,
79,7,3,weighted_greedy,8-8-6-6-6,8,-8,20,11,9,EF5,EF,5,5,8,5,0,True,,False,0.7500000000000002,0.0,-0.005208333333333343,-1.0,-0.25520833333333304,1.1102230246251565e-16,4.571875,4.316666666666667,16,-4,0,0,0,0,-1,3,-9,-8,False,16,0.0,1,False,best_rejected_stop,marginal_utility_negative,12,8-8-6-6-6,65,8,"{""EF1"": 1, ""EF2"": 4, ""EF3"": 3, ""EF4"": 2, ""EF5"": 2, ""SL5"": 2, ""Seuil3"": 5, ""Seuil4"": 1}",delta_fatigue_term,0.1861979166666667,,
79,8,3,weighted_greedy,8-8-6-6-6,8,-8,16,11,5,EF5,EF,5,5,8,5,0,True,,False,0.9375,0.0,-0.005208333333333343,-1.0,-0.06770833333333304,3.0531133177191805e-16,4.984375,4.916666666666667,16,-4,0,0,0,0,-1,3,-9,-8,False,16,0.0,1,False,best_rejected_stop,marginal_utility_negative,12,8-8-6-6-6,76,9,"{""EF1"": 1, ""EF2"": 4, ""EF3"": 3, ""EF4"": 2, ""EF5"": 3, ""SL5"": 2, ""SL6"": 1, ""Seuil3"": 5, ""Seuil4"": 1}",delta_fatigue_term,0.23307291666666666,,
79,9,4,weighted_greedy,8-8-6-6-6,8,-8,15,14,1,EF1,EF,1,1,8,1,0,True,,False,0.20000000000000018,0.0,-0.028645833333333343,-0.25,-0.07864583333333286,3.0531133177191805e-16,4.945833333333333,4.8671875,15,-5,0,0,0,0,-2,1,-10,-8,False,16,0.0,1,False,best_rejected_stop,marginal_utility_negative,13,8-8-6-6-6,87,10,"{""EF1"": 1, ""EF2"": 4, ""EF3"": 3, ""EF4"": 2, ""EF5"": 4, ""SL5"": 2, ""SL6"": 2, ""Seuil3"": 5, ""Seuil4"": 1}",delta_fatigue_term,0.17135416666666684,0.1083333333333325,0.18697916666666536
79,10,6,weighted_greedy,8-8-6-6-6-6,8,-8,23,21,2,EF1,EF,1,1,7,1,0,True,,False,0.13043478260869623,0.0,-0.019047619047619035,-0.25,-0.13861283643892275,5.551115123125783e-17,5.889130434782609,5.750517598343686,22,-1,0,0,0,0,0,0,-8,-8,False,16,0.0,1,False,best_rejected_stop,marginal_utility_negative,13,8-8-6-6-6-6,101,11,"{""EF1"": 1, ""EF2"": 5, ""EF3"": 3, ""EF4"": 2, ""EF5"": 5, ""SL5"": 2, ""SL6"": 2, ""SL7"": 1, ""Seuil3"": 5, ""Seuil4"": 1}",delta_fatigue_term,0.1113871635610772,0.019953416149068204,0.15856625258799095
79,11,6,weighted_greedy,8-8-8-6-6-6,8,-8,21,20,1,EF1,EF,1,1,8,1,0,True,,False,0.14285714285714324,0.0,-0.015625,-0.25,-0.12276785714285676,0.0,6.232142857142857,6.109375,21,-3,0,0,0,0,0,1,-8,-8,False,16,0.0,1,False,best_rejected_stop,marginal_utility_negative,15,8-8-8-6-6-6,122,13,"{""EF1"": 2, ""EF2"": 5, ""EF3"": 3, ""EF4"": 3, ""EF5"": 6, ""SL5"": 2, ""SL6"": 2, ""SL7"": 2, ""Seuil3"": 5, ""Seuil4"": 2}",delta_fatigue_term,0.12723214285714324,0.020089285714285587,0.14285714285714235
79,12,5,weighted_greedy,8-8-8-6-6-6,8,-8,25,18,7,EF4,EF,4,4,6,4,0,True,,False,0.48,0.0,-0.004166666666666652,-0.5,-0.024166666666666003,6.661338147750939e-16,5.8475,5.823333333333333,22,-2,0,0,0,0,0,3,-8,-8,False,16,0.0,1,False,best_rejected_stop,marginal_utility_negative,15,8-8-8-6-6-6,142,15,"{""EF1"": 3, ""EF2"": 6, ""EF3"": 3, ""EF4"": 3, ""EF5"": 7, ""SL5"": 2, ""SL6"": 2, ""SL7"": 2, ""SL8"": 1, ""Seuil3"": 5, ""Seuil4"": 3}",delta_fatigue_term,0.23791666666666667,0.4730555555555558,0.4972222222222218
79,13,5,weighted_greedy,8-8-8-8-6-6,8,-8,27,19,8,EF2,EF,2,2,6,2,0,True,,False,0.22222222222222232,0.0,-0.02291666666666664,-0.25,-0.05069444444444393,3.885780586188048e-16,5.809027777777778,5.758333333333334,21,-4,0,0,0,0,-1,2,-9,-8,False,16,0.0,1,False,best_rejected_stop,marginal_utility_negative,15,8-8-8-8-6-6,160,17,"{""EF1"": 3, ""EF2"": 6, ""EF3"": 4, ""EF4"": 3, ""EF5"": 8, ""SL5"": 2, ""SL6"": 3, ""SL7"": 2, ""SL8"": 1, ""Seuil3"": 5, ""Seuil4"": 4}",delta_fatigue_term,0.19930555555555568,0.4340277777777777,0.4847222222222216
79,14,5,weighted_greedy,8-8-8-8-6-6,8,-8,20,19,1,EF1,EF,1,1,7,1,0,True,,False,0.15000000000000036,0.0,-0.0267857142857143,-0.25,-0.12678571428571317,7.771561172376096e-16,6.519642857142856,6.392857142857143,20,-5,0,0,0,0,-2,1,-10,-8,False,16,0.0,1,False,best_rejected_stop,marginal_utility_negative,15,8-8-8-8-6-6,179,19,"{""EF1"": 3, ""EF2"": 6, ""EF3"": 4, ""EF4"": 4, ""EF5"": 9, ""SL5"": 2, ""SL6"": 4, ""SL7"": 2, ""SL8"": 1, ""Seuil3"": 5, ""Seuil4"": 5}",delta_fatigue_term,0.12321428571428605,0.5910714285714276,0.7178571428571408
79,15,5,weighted_greedy,8-8-8-8-6-6,8,-8,27,19,8,EF2,EF,2,2,8,2,0,True,,False,0.22222222222222232,0.0,-0.017187499999999994,-0.25,-0.044965277777777146,5.273559366969494e-16,5.759548611111111,5.714583333333334,21,-4,0,0,0,0,-1,2,-9,-8,False,16,0.0,1,False,best_rejected_stop,marginal_utility_negative,15,8-8-8-8-6-6,198,21,"{""EF1"": 3, ""EF2"": 6, ""EF3"": 5, ""EF4"": 4, ""EF5"": 10, ""SL5"": 2, ""SL6"": 4, ""SL7"": 3, ""SL8"": 1, ""Seuil3"": 5, ""Seuil4"": 6}",delta_fatigue_term,0.20503472222222233,0.43663194444444375,0.4815972222222209
79,16,5,weighted_greedy,8-8-8-8-6-6,8,-8,24,19,5,EF4,EF,4,4,8,4,0,True,,False,0.5,0.0,-0.004687500000000011,-0.5,-0.004687500000000178,-1.6653345369377348e-16,6.0234375,6.01875,23,-2,0,0,0,0,0,3,-8,-8,False,16,0.0,1,False,best_rejected_stop,marginal_utility_negative,16,8-8-8-8-6-6,217,23,"{""EF1"": 3, ""EF2"": 7, ""EF3"": 5, ""EF4"": 4, ""EF5"": 11, ""SL5"": 2, ""SL6"": 4, ""SL7"": 3, ""SL8"": 2, ""Seuil3"": 5, ""Seuil4"": 7}",delta_fatigue_term,0.24765625,0.4921875,0.4968750000000002
80,1,3,weighted_greedy,6-6-6-6,6,0,15,4,11,EF1,EF,1,1,6,1,0,True,,False,0.19999999999999996,0.0,-0.013888888888888881,-0.75,-0.5638888888888887,2.220446049250313e-16,2.8833333333333333,2.3194444444444446,5,-9,0,0,0,0,-4,0,-4,-4,False,10,0.0,1,False,best_rejected_stop,marginal_utility_negative,2,6-6-6-6,0,0,{},delta_fatigue_term,0.06203703703703702,0.3999999999999999,0.9638888888888886
80,3,4,weighted_greedy,6-6-6-6,6,-4,13,12,1,EF1,EF,1,1,5,1,0,True,,False,0.23076923076923084,0.0,-0.037500000000000006,-0.25,-0.056730769230769695,-5.273559366969494e-16,4.469230769230769,4.4125,13,-1,0,0,0,0,0,0,-4,-4,False,10,0.0,1,False,best_rejected_stop,marginal_utility_negative,9,6-6-6-6,16,2,"{""EF2"": 2, ""EF3"": 2, ""Seuil3"": 2}",delta_fatigue_term,0.19326923076923083,0.42307692307692335,0.47980769230769305
80,4,3,weighted_greedy,6-6-6-6,6,-4,11,10,1,EF1,EF,1,1,5,1,0,True,,False,0.27272727272727293,0.0,-0.06666666666666668,-0.25,-0.04393939393939306,6.938893903907228e-16,4.727272727272727,4.683333333333334,11,-3,0,0,0,0,0,1,-4,-4,False,10,0.0,1,False,best_rejected_stop,marginal_utility_negative,11,6-6-6-6,28,3,"{""EF2"": 2, ""EF3"": 2, ""EF4"": 2, ""Seuil3"": 2, ""Seuil4"": 1}",delta_fatigue_term,0.20606060606060625,,
80,6,3,weighted_greedy,8-6-6-6-6,8,-5,14,10,4,EF3,EF,3,3,5,3,0,True,,False,0.6428571428571428,0.0,-0.033333333333333354,-0.75,-0.14047619047618998,5.828670879282072e-16,5.142857142857142,5.002380952380952,13,-6,0,0,0,0,-3,1,-8,-8,False,16,0.0,1,False,best_rejected_stop,marginal_utility_negative,12,8-6-6-6-6,51,5,"{""EF2"": 2, ""EF3"": 3, ""EF4"": 2, ""EF5"": 2, ""SL5"": 2, ""Seuil3"": 2, ""Seuil4"": 1}",delta_fatigue_term,0.20317460317460315,,
80,7,3,weighted_greedy,8-6-6-6-6,8,-8,16,10,6,EF5,EF,5,5,5,5,0,True,,False,0.9375,0.0,0.0,-1.0,-0.0625,0.0,4.875,4.8125,15,-4,0,0,0,0,-1,3,-9,-8,False,16,0.0,1,False,best_rejected_stop,marginal_utility_negative,12,8-6-6-6-6,61,6,"{""EF2"": 2, ""EF3"": 3, ""EF4"": 2, ""EF5"": 3, ""SL5"": 3, ""Seuil3"": 2, ""Seuil4"": 1}",delta_fatigue_term,0.234375,,
80,9,3,weighted_greedy,8-8-6-6-6,8,-8,15,10,5,EF1,EF,1,1,5,1,0,True,,False,0.19999999999999973,0.0,-0.06666666666666668,-0.75,-0.6166666666666671,-2.220446049250313e-16,5.75,5.133333333333333,11,-9,0,0,0,0,-4,0,-12,-8,False,16,0.0,1,False,best_rejected_stop,marginal_utility_negative,12,8-8-6-6-6,83,9,"{""EF2"": 2, ""EF3"": 5, ""EF4"": 2, ""EF5"": 4, ""SL5"": 4, ""Seuil3"": 4, ""Seuil4"": 1}",delta_fatigue_term,0.04444444444444435,,
80,10,3,weighted_greedy,8-8-6-6-6,8,-8,19,11,8,EF5,EF,5,5,6,5,0,True,,False,0.7894736842105261,0.0,-0.0069444444444444475,-1.0,-0.2174707602339181,2.498001805406602e-16,4.7160087719298245,4.498538011695906,16,-4,0,0,0,0,-1,3,-9,-8,False,16,0.0,1,False,best_rejected_stop,marginal_utility_negative,12,8-8-6-6-6,93,10,"{""EF2"": 2, ""EF3"": 5, ""EF4"": 2, ""EF5"": 5, ""SL5"": 5, ""Seuil3"": 4, ""Seuil4"": 1}",delta_fatigue_term,0.19563230994152042,,
80,13,5,weighted_greedy,8-8-8-6-6-6,8,-8,24,18,6,EF4,EF,4,4,8,4,0,True,,False,0.5,0.0,-0.003124999999999989,-0.5,-0.0031249999999998224,1.6653345369377348e-16,5.890625,5.8875,22,-2,0,0,0,0,0,3,-8,-8,False,16,0.0,1,False,best_rejected_stop,marginal_utility_negative,14,8-8-8-6-6-6,147,15,"{""EF2"": 4, ""EF3"": 5, ""EF4"": 4, ""EF5"": 8, ""SL5"": 5, ""SL6"": 2, ""SL7"": 1, ""Seuil3"": 4, ""Seuil4"": 3}",delta_fatigue_term,0.2484375,0.4947916666666661,0.4979166666666659
80,14,4,weighted_greedy,8-8-8-8-6-6,8,-8,16,15,1,EF1,EF,1,1,5,1,0,True,,False,0.1875,0.0,-0.04999999999999999,-0.75,-0.6124999999999998,2.220446049250313e-16,6.5625,5.95,16,-9,0,0,0,0,-4,0,-12,-8,False,16,0.0,1,False,best_rejected_stop,marginal_utility_negative,15,8-8-8-8-6-6,165,17,"{""EF2"": 5, ""EF3"": 5, ""EF4"": 4, ""EF5"": 9, ""SL5"": 5, ""SL6"": 2, ""SL7"": 2, ""Seuil3"": 4, ""Seuil4"": 4}",delta_fatigue_term,0.04583333333333334,0.9375,1.5499999999999998
80,15,6,weighted_greedy,8-8-8-8-6-6,8,-8,22,21,1,EF1,EF,1,1,8,1,0,True,,False,0.13636363636363624,0.0,-0.016666666666666677,-0.25,-0.13030303030302992,4.996003610813204e-16,6.244886363636364,6.114583333333333,22,-3,0,0,0,0,0,1,-8,-8,False,16,0.0,1,False,best_rejected_stop,marginal_utility_negative,15,8-8-8-8-6-6,180,18,"{""EF2"": 5, ""EF3"": 5, ""EF4"": 4, ""EF5"": 11, ""SL5"": 6, ""SL6"": 2, ""SL7"": 2, ""Seuil3"": 4, ""Seuil4"": 4}",delta_fatigue_term,0.11969696969696957,0.00553977272727213,0.13584280303030205
81,1,3,weighted_greedy,6-6-6-6,6,0,14,4,10,EF1,EF,1,1,5,1,0,True,,False,0.2142857142857143,0.0,-0.016666666666666663,-0.75,-0.5523809523809526,-2.220446049250313e-16,2.9571428571428573,2.4047619047619047,5,-9,0,0,0,0,-4,0,-4,-4,False,10,0.0,1,False,best_rejected_stop,marginal_utility_negative,2,6-6-6-6,0,0,{},delta_fatigue_term,0.06587301587301587,0.4285714285714288,0.9809523809523815
81,2,6,weighted_greedy,6-6-6-6,6,-4,13,12,1,EF1,EF,1,1,5,1,0,True,,False,0.23076923076923084,0.0,-0.011666666666666672,-0.25,-0.030897435897435876,-4.163336342344337e-17,5.889230769230769,5.858333333333333,13,-1,0,0,0,0,0,0,-4,-4,False,10,0.0,1,False,best_rejected_stop,marginal_utility_negative,6,6-6-6-6,4,0,"{""EF2"": 2}",delta_fatigue_term,0.21910256410256418,0.21326923076923077,0.24416666666666664
81,4,4,weighted_greedy,6-6-6-6,6,-4,14,12,2,EF1,EF,1,1,6,1,0,True,,False,0.2142857142857144,0.0,-0.03125,-0.25,-0.06696428571428559,0.0,4.238095238095238,4.1711309523809526,13,-1,0,0,0,0,0,0,-4,-4,False,10,0.0,1,False,best_rejected_stop,marginal_utility_negative,9,6-6-6-6,28,3,"{""EF1"": 1, ""EF2"": 4, ""EF3"": 3, ""Seuil3"": 2, ""Seuil4"": 1}",delta_fatigue_term,0.1830357142857144,0.3571428571428572,0.4241071428571428
81,5,4,weighted_greedy,8-6-6-6,8,-4,15,13,2,EF1,EF,1,1,6,1,0,True,,False,0.19999999999999973,0.0,-0.03472222222222221,-0.25,-0.08472222222222214,3.3306690738754696e-16,4.280555555555556,4.195833333333333,14,-1,0,0,0,0,0,0,-4,-4,False,12,0.0,1,False,best_rejected_stop,marginal_utility_negative,12,8-6-6-6,40,4,"{""EF1"": 1, ""EF2"": 4, ""EF3"": 3, ""EF4"": 2, ""Seuil3"": 2, ""Seuil4"": 2}",delta_fatigue_term,0.16527777777777752,0.3222222222222215,0.40694444444444366
81,6,3,weighted_greedy,8-6-6-6-6,8,-4,18,10,8,EF5,EF,5,5,5,5,0,True,,False,0.8333333333333333,0.0,0.0,-1.0,-0.16666666666666696,-2.220446049250313e-16,4.666666666666667,4.5,15,-4,0,0,0,0,-1,3,-5,-5,False,13,0.0,1,False,best_rejected_stop,marginal_utility_negative,12,8-6-6-6-6,53,5,"{""EF1"": 1, ""EF2"": 4, ""EF3"": 4, ""EF4"": 2, ""EF5"": 1, ""SL5"": 1, ""Seuil3"": 2, ""Seuil4"": 2}",delta_fatigue_term,0.20833333333333331,,
81,7,4,weighted_greedy,8-6-6-6-6,8,-8,16,15,1,EF1,EF,1,1,6,1,0,True,,False,0.1875,0.0,-0.041666666666666685,-0.25,-0.10416666666666607,6.106226635438361e-16,4.770833333333333,4.666666666666667,16,-3,0,0,0,0,0,1,-8,-8,False,16,0.0,1,False,best_rejected_stop,marginal_utility_negative,13,8-6-6-6-6,63,6,"{""EF1"": 1, ""EF2"": 4, ""EF3"": 4, ""EF4"": 2, ""EF5"": 2, ""SL5"": 2, ""Seuil3"": 2, ""Seuil4"": 2}",delta_fatigue_term,0.14583333333333331,0.22916666666666696,0.33333333333333304
81,8,5,weighted_greedy,8-6-6-6-6,8,-8,20,18,2,EF1,EF,1,1,6,1,0,True,,False,0.14999999999999947,0.0,-0.029166666666666674,-0.5,-0.3791666666666673,-1.1102230246251565e-16,5.6375,5.258333333333333,19,1,1,1,0,0,0,0,-7,-7,False,15,0.0,1,False,best_rejected_stop,marginal_utility_negative,13,8-6-6-6-6,78,7,"{""EF1"": 1, ""EF2"": 4, ""EF3"": 4, ""EF4"": 3, ""EF5"": 3, ""SL5"": 2, ""SL6"": 1, ""Seuil3"": 2, ""Seuil4"": 2}",delta_fatigue_term,0.060416666666666397,1.4291666666666663,1.8083333333333336
81,9,5,weighted_greedy,8-8-6-6-6,8,-8,21,19,2,EF1,EF,1,1,8,1,0,True,,False,0.14285714285714235,0.0,-0.0234375,-0.5,-0.38058035714285765,0.0,5.612723214285714,5.232142857142857,20,1,1,1,0,0,0,0,-7,-7,False,15,0.0,1,False,best_rejected_stop,marginal_utility_negative,14,8-8-6-6-6,96,9,"{""EF1"": 1, ""EF2"": 4, ""EF3"": 4, ""EF4"": 4, ""EF5"": 4, ""SL5"": 2, ""SL6"": 2, ""Seuil3"": 3, ""Seuil4"": 2}",delta_fatigue_term,0.059709821428571175,1.4103422619047619,1.7909226190476195
81,10,6,weighted_greedy,8-8-6-6-6-6,8,-8,22,21,1,EF1,EF,1,1,7,1,0,True,,False,0.13636363636363624,0.0,-0.019047619047619035,-0.25,-0.1326839826839823,4.996003610813204e-16,6.013636363636364,5.880952380952381,22,-1,0,0,0,0,0,0,-8,-8,False,16,0.0,1,False,best_rejected_stop,marginal_utility_negative,14,8-8-6-6-6-6,115,11,"{""EF1"": 1, ""EF2"": 4, ""EF3"": 4, ""EF4"": 5, ""EF5"": 5, ""SL5"": 2, ""SL6"": 2, ""SL7"": 1, ""Seuil3"": 4, ""Seuil4"": 2}",delta_fatigue_term,0.11731601731601721,0.04366883116883091,0.1763528138528132
81,11,5,weighted_greedy,8-8-8-6-6-6,8,-8,24,18,6,EF4,EF,4,4,6,4,0,True,,False,0.5,0.0,-0.004166666666666652,-0.5,-0.00416666666666643,2.220446049250313e-16,5.9375,5.933333333333334,22,-2,0,0,0,0,0,3,-8,-8,False,16,0.0,1,False,best_rejected_stop,marginal_utility_negative,15,8-8-8-6-6-6,136,13,"{""EF1"": 2, ""EF2"": 4, ""EF3"": 4, ""EF4"": 6, ""EF5"": 6, ""SL5"": 2, ""SL6"": 2, ""SL7"": 2, ""Seuil3"": 4, ""Seuil4"": 3}",delta_fatigue_term,0.24791666666666667,0.49305555555555536,0.4972222222222218
81,16,5,weighted_greedy,8-8-8-8-6-6,8,-8,26,19,7,EF2,EF,2,2,8,2,0,True,,False,0.23076923076923128,0.0,-0.017187499999999994,-0.25,-0.03641826923076863,8.326672684688674e-17,5.840745192307692,5.804326923076923,21,-4,0,0,0,0,-1,2,-9,-8,False,16,0.0,1,False,best_rejected_stop,marginal_utility_negative,15,8-8-8-8-6-6,231,22,"{""EF1"": 2, ""EF2"": 7, ""EF3"": 7, ""EF4"": 8, ""EF5"": 11, ""SL5"": 3, ""SL6"": 4, ""SL7"": 4, ""Seuil3"": 4, ""Seuil4"": 7}",delta_fatigue_term,0.2135817307692313,0.4537259615384608,0.4901442307692294
82,1,3,weighted_greedy,6-6-6-6,6,0,12,4,8,EF1,EF,1,1,5,1,0,True,,False,0.25,0.0,-0.016666666666666663,-0.75,-0.516666666666667,-4.440892098500626e-16,3.1,2.5833333333333335,5,-9,0,0,0,0,-4,0,-4,-4,False,10,0.0,1,False,best_rejected_stop,marginal_utility_negative,2,6-6-6-6,0,0,{},delta_fatigue_term,0.07777777777777778,0.5,1.016666666666667
82,6,3,weighted_greedy,8-6-6-6-6,8,-4,16,10,6,EF5,EF,5,5,6,5,0,True,,False,0.9375,0.0,0.0,-1.0,-0.06250000000000089,-8.881784197001252e-16,4.833333333333333,4.770833333333333,15,-4,0,0,0,0,-1,3,-5,-5,False,13,0.0,1,False,best_rejected_stop,marginal_utility_negative,11,8-6-6-6-6,54,6,"{""EF2"": 4, ""EF3"": 4, ""EF4"": 2, ""EF5"": 1, ""SL5"": 1, ""Seuil3"": 4, ""Seuil4"": 1}",delta_fatigue_term,0.234375,,
82,7,4,weighted_greedy,8-6-6-6-6,8,-8,16,15,1,EF1,EF,1,1,6,1,0,True,,False,0.1875,0.0,-0.041666666666666685,-0.25,-0.10416666666666607,6.106226635438361e-16,4.770833333333333,4.666666666666667,16,-3,0,0,0,0,0,1,-8,-8,False,16,0.0,1,False,best_rejected_stop,marginal_utility_negative,12,8-6-6-6-6,64,7,"{""EF2"": 4, ""EF3"": 4, ""EF4"": 2, ""EF5"": 2, ""SL5"": 2, ""Seuil3"": 4, ""Seuil4"": 1}",delta_fatigue_term,0.14583333333333331,0.22916666666666696,0.33333333333333304
82,8,3,weighted_greedy,8-8-6-6-6,8,-8,18,11,7,EF5,EF,5,5,6,5,0,True,,False,0.833333333333333,0.0,-0.0069444444444444475,-1.0,-0.1736111111111116,-1.942890293094024e-16,4.8125,4.638888888888888,16,-4,0,0,0,0,-1,3,-9,-8,False,16,0.0,1,False,best_rejected_stop,marginal_utility_negative,12,8-8-6-6-6,79,8,"{""EF2"": 4, ""EF3"": 4, ""EF4"": 3, ""EF5"": 3, ""SL5"": 2, ""SL6"": 1, ""Seuil3"": 4, ""Seuil4"": 1}",delta_fatigue_term,0.20659722222222215,,
82,9,5,weighted_greedy,8-8-6-6-6,8,-8,22,19,3,EF1,EF,1,1,8,1,0,True,,False,0.13636363636363624,0.0,-0.0234375,-0.5,-0.3870738636363642,-4.440892098500626e-16,5.489346590909091,5.102272727272727,20,1,1,1,0,0,0,0,-7,-7,False,15,0.0,1,False,best_rejected_stop,marginal_utility_negative,13,8-8-6-6-6,90,9,"{""EF2"": 4, ""EF3"": 4, ""EF4"": 3, ""EF5"": 4, ""SL5"": 2, ""SL6"": 2, ""Seuil3"": 4, ""Seuil4"": 1}",delta_fatigue_term,0.05646306818181812,1.390861742424243,1.7779356060606073
82,11,4,weighted_greedy,8-8-8-6-6-6,8,-8,16,14,2,EF1,EF,1,1,5,1,0,True,,False,0.1875,0.0,-0.04583333333333334,-0.75,-0.6083333333333334,0.0,6.358333333333333,5.75,15,-9,0,0,0,0,-4,0,-12,-8,False,16,0.0,1,False,best_rejected_stop,marginal_utility_negative,13,8-8-8-6-6-6,122,12,"{""EF2"": 4, ""EF3"": 5, ""EF4"": 4, ""EF5"": 6, ""SL5"": 3, ""SL6"": 2, ""SL7"": 1, ""Seuil3"": 5, ""Seuil4"": 1}",delta_fatigue_term,0.04722222222222222,0.7333333333333334,1.3416666666666668
82,12,5,weighted_greedy,8-8-8-6-6-6,8,-8,25,18,7,EF4,EF,4,4,7,4,0,True,,False,0.48,0.0,-0.0035714285714285587,-0.5,-0.02357142857142769,8.881784197001252e-16,5.820714285714286,5.797142857142857,22,-2,0,0,0,0,0,3,-8,-8,False,16,0.0,1,False,best_rejected_stop,marginal_utility_negative,13,8-8-8-6-6-6,136,13,"{""EF2"": 4, ""EF3"": 5, ""EF4"": 5, ""EF5"": 7, ""SL5"": 4, ""SL6"": 2, ""SL7"": 1, ""Seuil3"": 5, ""Seuil4"": 1}",delta_fatigue_term,0.2382142857142857,0.47404761904761905,0.49761904761904674
82,15,5,weighted_greedy,8-8-8-8-6-6,8,-8,26,19,7,EF2,EF,2,2,8,2,0,True,,False,0.23076923076923128,0.0,-0.017187499999999994,-0.25,-0.03641826923076863,8.326672684688674e-17,5.840745192307692,5.804326923076923,21,-4,0,0,0,0,-1,2,-9,-8,False,16,0.0,1,False,best_rejected_stop,marginal_utility_negative,15,8-8-8-8-6-6,197,19,"{""EF2"": 7, ""EF3"": 6, ""EF4"": 6, ""EF5"": 10, ""SL5"": 4, ""SL6"": 3, ""SL7"": 2, ""SL8"": 1, ""Seuil3"": 5, ""Seuil4"": 4}",delta_fatigue_term,0.2135817307692313,0.4537259615384608,0.4901442307692294
82,16,5,weighted_greedy,8-8-8-8-6-6,8,-8,26,19,7,EF2,EF,2,2,7,2,0,True,,False,0.23076923076923128,0.0,-0.019642857142857156,-0.25,-0.03887362637362468,1.1934897514720433e-15,5.861950549450549,5.823076923076924,21,-4,0,0,0,0,-1,2,-9,-8,False,16,0.0,1,False,best_rejected_stop,marginal_utility_negative,16,8-8-8-8-6-6,216,21,"{""EF2"": 8, ""EF3"": 6, ""EF4"": 6, ""EF5"": 11, ""SL5"": 4, ""SL6"": 3, ""SL7"": 2, ""SL8"": 2, ""Seuil3"": 5, ""Seuil4"": 5}",delta_fatigue_term,0.21112637362637413,0.4526098901098896,0.4914835164835143
83,1,3,weighted_greedy,6-6-6-6,6,0,10,4,6,EF1,EF,1,1,4,1,0,True,,False,0.2999999999999998,0.0,-0.02083333333333333,-0.75,-0.4708333333333332,2.7755575615628914e-16,3.325,2.8541666666666665,5,-9,0,0,0,0,-4,0,-4,-4,False,10,0.0,1,False,best_rejected_stop,marginal_utility_negative,2,6-6-6-6,0,0,{},delta_fatigue_term,0.0930555555555555,0.6000000000000001,1.0708333333333333
83,3,3,weighted_greedy,6-6-6-6,6,-4,6,4,2,EF2,EF,2,2,2,2,0,True,,False,1.0,0.0,0.0,-1.25,-0.25,0.0,4.25,4.0,6,-8,0,0,0,0,-4,0,-8,-6,False,12,0.0,1,False,best_rejected_stop,marginal_utility_negative,9,6-6-6-6,16,2,"{""EF2"": 2, ""EF3"": 2, ""Seuil3"": 2}",delta_fatigue_term,0.2,1.0,1.25
83,5,5,weighted_greedy,6-6-6-6,6,-6,16,15,1,EF1,EF,1,1,6,1,0,True,,False,0.1875,0.0,-0.02291666666666667,-0.5,-0.33541666666666625,4.440892098500626e-16,5.21875,4.883333333333334,16,2,2,1,0,0,0,0,-4,-4,False,10,0.0,1,False,best_rejected_stop,marginal_utility_negative,11,6-6-6-6,32,3,"{""EF2"": 4, ""EF3"": 2, ""EF4"": 2, ""Seuil3"": 2, ""Seuil4"": 1}",delta_fatigue_term,0.08229166666666667,1.3020833333333335,1.6374999999999997
83,7,5,weighted_greedy,8-6-6-6-6,8,-8,14,13,1,EF1,EF,1,1,4,1,0,True,,False,0.2142857142857144,0.0,-0.02812500000000001,-0.25,-0.06383928571428577,-1.6653345369377348e-16,6.488839285714286,6.425,14,-5,0,0,0,0,-2,1,-10,-8,False,16,0.0,1,False,best_rejected_stop,marginal_utility_negative,11,8-6-6-6-6,54,6,"{""EF2"": 5, ""EF3"": 2, ""EF4"": 3, ""EF5"": 1, ""SL5"": 1, ""Seuil3"": 4, ""Seuil4"": 1}",delta_fatigue_term,0.1861607142857144,0.8727678571428568,0.9366071428571425
83,8,3,weighted_greedy,8-8-6-6-6,8,-8,21,10,11,EF1,EF,1,1,6,1,0,True,,False,0.14285714285714324,0.0,-0.05555555555555558,-0.75,-0.6626984126984121,2.220446049250313e-16,5.136904761904762,4.47420634920635,11,-9,0,0,0,0,-4,0,-12,-8,False,16,0.0,1,False,best_rejected_stop,marginal_utility_negative,12,8-8-6-6-6,67,8,"{""EF1"": 1, ""EF2"": 5, ""EF3"": 2, ""EF4"": 4, ""EF5"": 1, ""SL5"": 1, ""Seuil3"": 4, ""Seuil4"": 3}",delta_fatigue_term,0.02910052910052922,,
83,9,3,weighted_greedy,8-8-6-6-6,8,-8,18,11,7,EF5,EF,5,5,8,5,0,True,,False,0.833333333333333,0.0,-0.005208333333333343,-1.0,-0.1718750000000009,-5.828670879282072e-16,4.755208333333334,4.583333333333333,16,-4,0,0,0,0,-1,3,-9,-8,False,16,0.0,1,False,best_rejected_stop,marginal_utility_negative,13,8-8-6-6-6,77,9,"{""EF1"": 1, ""EF2"": 5, ""EF3"": 2, ""EF4"": 4, ""EF5"": 2, ""SL5"": 2, ""Seuil3"": 4, ""Seuil4"": 3}",delta_fatigue_term,0.20703124999999992,,
83,10,5,weighted_greedy,8-8-6-6-6,8,-8,15,14,1,EF1,EF,1,1,4,1,0,True,,False,0.20000000000000018,0.0,-0.03125,-0.25,-0.08124999999999982,0.0,6.51875,6.4375,15,-5,0,0,0,0,-2,1,-10,-8,False,16,0.0,1,False,best_rejected_stop,marginal_utility_negative,13,8-8-6-6-6,88,10,"{""EF1"": 1, ""EF2"": 5, ""EF3"": 2, ""EF4"": 4, ""EF5"": 3, ""SL5"": 2, ""SL6"": 1, ""Seuil3"": 4, ""Seuil4"": 3}",delta_fatigue_term,0.16875000000000018,0.8104166666666659,0.8916666666666657
83,11,5,weighted_greedy,8-8-8-6-6-6,8,-8,24,18,6,EF4,EF,4,4,8,4,0,True,,False,0.5,0.0,-0.003124999999999989,-0.5,-0.0031249999999998224,1.6653345369377348e-16,5.890625,5.8875,22,-2,0,0,0,0,0,3,-8,-8,False,16,0.0,1,False,best_rejected_stop,marginal_utility_negative,13,8-8-8-6-6-6,102,12,"{""EF1"": 1, ""EF2"": 6, ""EF3"": 2, ""EF4"": 5, ""EF5"": 3, ""SL5"": 2, ""SL6"": 1, ""Seuil3"": 4, ""Seuil4"": 5}",delta_fatigue_term,0.2484375,0.4947916666666661,0.4979166666666659
83,12,6,weighted_greedy,8-8-8-6-6-6,8,-8,21,20,1,EF1,EF,1,1,7,1,0,True,,False,0.14285714285714324,0.0,-0.01785714285714285,-0.25,-0.125,-3.885780586188048e-16,6.25,6.125,21,-3,0,0,0,0,0,1,-8,-8,False,16,0.0,1,False,best_rejected_stop,marginal_utility_negative,14,8-8-8-6-6-6,120,14,"{""EF1"": 1, ""EF2"": 6, ""EF3"": 3, ""EF4"": 5, ""EF5"": 4, ""SL5"": 2, ""SL6"": 2, ""Seuil3"": 4, ""Seuil4"": 6}",delta_fatigue_term,0.1250000000000004,0.017857142857143238,0.14285714285714324
83,14,5,weighted_greedy,8-8-8-8-6-6,8,-8,24,19,5,EF4,EF,4,4,8,4,0,True,,False,0.5,0.0,-0.004687500000000011,-0.5,-0.004687500000000178,-1.6653345369377348e-16,6.0234375,6.01875,23,-2,0,0,0,0,0,3,-8,-8,False,16,0.0,1,False,best_rejected_stop,marginal_utility_negative,14,8-8-8-8-6-6,161,18,"{""EF1"": 1, ""EF2"": 9, ""EF3"": 3, ""EF4"": 6, ""EF5"": 6, ""SL5"": 2, ""SL6"": 3, ""SL7"": 1, ""Seuil3"": 4, ""Seuil4"": 8}",delta_fatigue_term,0.24765625,0.4921875,0.4968750000000002
83,15,5,weighted_greedy,8-8-8-8-6-6,8,-8,26,19,7,EF2,EF,2,2,7,2,0,True,,False,0.23076923076923128,0.0,-0.019642857142857156,-0.25,-0.03887362637362468,1.1934897514720433e-15,5.861950549450549,5.823076923076924,21,-4,0,0,0,0,-1,2,-9,-8,False,16,0.0,1,False,best_rejected_stop,marginal_utility_negative,15,8-8-8-8-6-6,180,20,"{""EF1"": 1, ""EF2"": 9, ""EF3"": 4, ""EF4"": 6, ""EF5"": 7, ""SL5"": 2, ""SL6"": 3, ""SL7"": 2, ""Seuil3"": 4, ""Seuil4"": 9}",delta_fatigue_term,0.21112637362637413,0.4526098901098896,0.4914835164835143
83,16,5,weighted_greedy,8-8-8-8-6-6,8,-8,25,19,6,EF4,EF,4,4,8,4,0,True,,False,0.48,0.0,-0.004687500000000011,-0.5,-0.02468750000000064,-6.106226635438361e-16,5.9284375,5.9037500000000005,23,-2,0,0,0,0,0,3,-8,-8,False,16,0.0,1,False,best_rejected_stop,marginal_utility_negative,15,8-8-8-8-6-6,199,22,"{""EF1"": 1, ""EF2"": 9, ""EF3"": 5, ""EF4"": 6, ""EF5"": 8, ""SL5"": 2, ""SL6"": 3, ""SL7"": 3, ""Seuil3"": 4, ""Seuil4"": 10}",delta_fatigue_term,0.23765624999999999,0.4721875000000004,0.49687500000000107
84,1,3,weighted_greedy,6-6-6-6,6,0,13,4,9,EF1,EF,1,1,6,1,0,True,,False,0.23076923076923084,0.0,-0.013888888888888881,-0.75,-0.533119658119658,0.0,3.0064102564102564,2.4732905982905984,5,-9,0,0,0,0,-4,0,-4,-4,False,10,0.0,1,False,best_rejected_stop,marginal_utility_negative,2,6-6-6-6,0,0,{},delta_fatigue_term,0.07229344729344732,0.4615384615384617,0.9946581196581197
84,3,4,weighted_greedy,6-6-6-6,6,-4,13,12,1,EF1,EF,1,1,5,1,0,True,,False,0.23076923076923084,0.0,-0.037500000000000006,-0.25,-0.056730769230769695,-5.273559366969494e-16,4.469230769230769,4.4125,13,-1,0,0,0,0,0,0,-4,-4,False,10,0.0,1,False,best_rejected_stop,marginal_utility_negative,9,6-6-6-6,16,2,"{""EF2"": 2, ""EF3"": 2, ""Seuil3"": 2}",delta_fatigue_term,0.19326923076923083,0.42307692307692335,0.47980769230769305
84,4,3,weighted_greedy,6-6-6-6,6,-4,11,10,1,EF1,EF,1,1,6,1,0,True,,False,0.27272727272727293,0.0,-0.05555555555555558,-0.25,-0.032828282828281985,6.661338147750939e-16,4.6856060606060606,4.652777777777778,11,-3,0,0,0,0,0,1,-4,-4,False,10,0.0,1,False,best_rejected_stop,marginal_utility_negative,11,6-6-6-6,28,3,"{""EF2"": 2, ""EF3"": 2, ""EF4"": 2, ""Seuil3"": 2, ""Seuil4"": 1}",delta_fatigue_term,0.21717171717171735,,
84,5,4,weighted_greedy,8-6-6-6,8,-5,14,13,1,EF1,EF,1,1,5,1,0,True,,False,0.2142857142857144,0.0,-0.04166666666666666,-0.25,-0.07738095238095255,-3.0531133177191805e-16,4.502380952380952,4.425,14,-1,0,0,0,0,0,0,-5,-5,False,13,0.0,1,False,best_rejected_stop,marginal_utility_negative,11,8-6-6-6,38,4,"{""EF2"": 2, ""EF3"": 2, ""EF4"": 2, ""EF5"": 1, ""SL5"": 1, ""Seuil3"": 2, ""Seuil4"": 1}",delta_fatigue_term,0.17261904761904776,0.35952380952381,0.4369047619047626
84,8,3,weighted_greedy,8-8-6-6-6,8,-5,16,10,6,EF1,EF,1,1,5,1,0,True,,False,0.1875,0.0,-0.06666666666666668,-0.75,-0.6291666666666664,2.220446049250313e-16,5.625,4.995833333333334,11,-9,0,0,0,0,-4,0,-9,-8,False,16,0.0,1,False,best_rejected_stop,marginal_utility_negative,13,8-8-6-6-6,86,8,"{""EF2"": 3, ""EF3"": 3, ""EF4"": 4, ""EF5"": 4, ""SL5"": 2, ""SL6"": 2, ""Seuil3"": 3, ""Seuil4"": 1}",delta_fatigue_term,0.04027777777777777,,
84,10,4,weighted_greedy,8-8-6-6-6-6,8,-8,15,13,2,EF1,EF,1,1,6,1,0,True,,False,0.19999999999999973,0.0,-0.03472222222222221,-0.75,-0.5847222222222221,3.3306690738754696e-16,6.280555555555556,5.695833333333333,14,-9,0,0,0,0,-4,0,-12,-8,False,16,0.0,1,False,best_rejected_stop,marginal_utility_negative,14,8-8-6-6-6-6,109,11,"{""EF2"": 4, ""EF3"": 3, ""EF4"": 5, ""EF5"": 5, ""SL5"": 3, ""SL6"": 2, ""Seuil3"": 4, ""Seuil4"": 2}",delta_fatigue_term,0.055092592592592506,0.35138888888888875,0.9361111111111109
84,11,5,weighted_greedy,8-8-8-6-6-6,8,-8,24,18,6,EF4,EF,4,4,8,4,0,True,,False,0.5,0.0,-0.003124999999999989,-0.5,-0.0031249999999998224,1.6653345369377348e-16,5.890625,5.8875,22,-2,0,0,0,0,0,3,-8,-8,False,16,0.0,1,False,best_rejected_stop,marginal_utility_negative,14,8-8-8-6-6-6,122,12,"{""EF2"": 5, ""EF3"": 3, ""EF4"": 5, ""EF5"": 6, ""SL5"": 3, ""SL6"": 3, ""Seuil3"": 4, ""Seuil4"": 2}",delta_fatigue_term,0.2484375,0.4947916666666661,0.4979166666666659
84,13,5,weighted_greedy,8-8-8-8-6-6,8,-8,22,19,3,EF2,EF,2,2,5,2,0,True,,False,0.27272727272727293,0.0,-0.02749999999999997,-0.25,-0.004772727272727373,-3.3306690738754696e-16,6.328409090909091,6.323636363636364,21,-4,0,0,0,0,-1,2,-9,-8,False,16,0.0,1,False,best_rejected_stop,marginal_utility_negative,15,8-8-8-8-6-6,162,16,"{""EF2"": 7, ""EF3"": 3, ""EF4"": 6, ""EF5"": 8, ""SL5"": 3, ""SL6"": 3, ""SL7"": 2, ""Seuil3"": 4, ""Seuil4"": 4}",delta_fatigue_term,0.24522727272727296,0.5329545454545457,0.537727272727273
84,14,5,weighted_greedy,8-8-8-8-6-6,8,-8,26,19,7,EF2,EF,2,2,8,2,0,True,,False,0.23076923076923128,0.0,-0.017187499999999994,-0.25,-0.03641826923076863,8.326672684688674e-17,5.840745192307692,5.804326923076923,21,-4,0,0,0,0,-1,2,-9,-8,False,16,0.0,1,False,best_rejected_stop,marginal_utility_negative,15,8-8-8-8-6-6,181,18,"{""EF2"": 7, ""EF3"": 3, ""EF4"": 6, ""EF5"": 10, ""SL5"": 4, ""SL6"": 3, ""SL7"": 2, ""Seuil3"": 4, ""Seuil4"": 5}",delta_fatigue_term,0.2135817307692313,0.4537259615384608,0.4901442307692294
84,16,5,weighted_greedy,8-8-8-8-6-6,8,-8,26,19,7,EF2,EF,2,2,7,2,0,True,,False,0.23076923076923128,0.0,-0.019642857142857156,-0.25,-0.03887362637362468,1.1934897514720433e-15,5.861950549450549,5.823076923076924,21,-4,0,0,0,0,-1,2,-9,-8,False,16,0.0,1,False,best_rejected_stop,marginal_utility_negative,16,8-8-8-8-6-6,214,21,"{""EF1"": 1, ""EF2"": 8, ""EF3"": 3, ""EF4"": 6, ""EF5"": 12, ""SL5"": 4, ""SL6"": 3, ""SL7"": 2, ""SL8"": 2, ""Seuil3"": 4, ""Seuil4"": 6}",delta_fatigue_term,0.21112637362637413,0.4526098901098896,0.4914835164835143
85,1,3,weighted_greedy,6-6-6-6,6,0,13,4,9,EF1,EF,1,1,6,1,0,True,,False,0.23076923076923084,0.0,-0.013888888888888881,-0.75,-0.533119658119658,0.0,3.0064102564102564,2.4732905982905984,5,-9,0,0,0,0,-4,0,-4,-4,False,10,0.0,1,False,best_rejected_stop,marginal_utility_negative,2,6-6-6-6,0,0,{},delta_fatigue_term,0.07229344729344732,0.4615384615384617,0.9946581196581197
85,3,5,weighted_greedy,6-6-6-6,6,-6,15,13,2,EF1,EF,1,1,6,1,0,True,,False,0.19999999999999973,0.0,-0.018750000000000003,-0.25,-0.06875000000000053,-2.636779683484747e-16,5.485416666666667,5.416666666666666,14,0,0,0,0,0,0,0,-6,-6,False,12,0.0,1,False,best_rejected_stop,marginal_utility_negative,7,6-6-6-6,13,1,"{""EF2"": 2, ""EF3"": 2, ""Seuil3"": 1}",delta_fatigue_term,0.18124999999999974,1.5965277777777778,1.6652777777777783
85,6,3,weighted_greedy,8-6-6-6-6,8,-6,16,10,6,EF5,EF,5,5,6,5,0,True,,False,0.9375,0.0,0.0,-1.0,-0.06250000000000089,-8.881784197001252e-16,4.833333333333333,4.770833333333333,15,-4,0,0,0,0,-1,3,-7,-7,False,15,0.0,1,False,best_rejected_stop,marginal_utility_negative,11,8-6-6-6-6,51,5,"{""EF2"": 2, ""EF3"": 4, ""EF4"": 3, ""EF5"": 1, ""SL5"": 1, ""Seuil3"": 3, ""Seuil4"": 1}",delta_fatigue_term,0.234375,,
85,7,5,weighted_greedy,8-6-6-6-6,8,-8,21,18,3,EF1,EF,1,1,8,1,0,True,,False,0.14285714285714324,0.0,-0.021875000000000006,-0.5,-0.3790178571428564,3.3306690738754696e-16,5.462053571428571,5.083035714285715,19,1,1,1,0,0,0,0,-7,-7,False,15,0.0,1,False,best_rejected_stop,marginal_utility_negative,12,8-6-6-6-6,61,6,"{""EF2"": 2, ""EF3"": 4, ""EF4"": 3, ""EF5"": 2, ""SL5"": 2, ""Seuil3"": 3, ""Seuil4"": 1}",delta_fatigue_term,0.060491071428571616,1.4129464285714288,1.7919642857142852
85,8,3,weighted_greedy,8-8-6-6-6,8,-8,18,11,7,EF5,EF,5,5,6,5,0,True,,False,0.833333333333333,0.0,-0.0069444444444444475,-1.0,-0.1736111111111116,-1.942890293094024e-16,4.8125,4.638888888888888,16,-4,0,0,0,0,-1,3,-9,-8,False,16,0.0,1,False,best_rejected_stop,marginal_utility_negative,12,8-8-6-6-6,79,8,"{""EF2"": 2, ""EF3"": 4, ""EF4"": 4, ""EF5"": 3, ""SL5"": 2, ""SL6"": 1, ""Seuil3"": 4, ""Seuil4"": 1}",delta_fatigue_term,0.20659722222222215,,
85,9,3,weighted_greedy,8-8-6-6-6,8,-8,18,11,7,EF5,EF,5,5,6,5,0,True,,False,0.833333333333333,0.0,-0.0069444444444444475,-1.0,-0.1736111111111116,-1.942890293094024e-16,4.8125,4.638888888888888,16,-4,0,0,0,0,-1,3,-9,-8,False,16,0.0,1,False,best_rejected_stop,marginal_utility_negative,13,8-8-6-6-6,90,9,"{""EF2"": 2, ""EF3"": 4, ""EF4"": 4, ""EF5"": 4, ""SL5"": 2, ""SL6"": 2, ""Seuil3"": 4, ""Seuil4"": 1}",delta_fatigue_term,0.20659722222222215,,
85,13,5,weighted_greedy,8-8-8-6-6-6,8,-8,24,18,6,EF4,EF,4,4,8,4,0,True,,False,0.5,0.0,-0.003124999999999989,-0.5,-0.0031249999999998224,1.6653345369377348e-16,5.890625,5.8875,22,-2,0,0,0,0,0,3,-8,-8,False,16,0.0,1,False,best_rejected_stop,marginal_utility_negative,14,8-8-8-6-6-6,156,15,"{""EF2"": 4, ""EF3"": 5, ""EF4"": 6, ""EF5"": 8, ""SL5"": 3, ""SL6"": 5, ""Seuil3"": 4, ""Seuil4"": 3}",delta_fatigue_term,0.2484375,0.4947916666666661,0.4979166666666659
85,15,5,weighted_greedy,8-8-8-8-6-6,8,-8,20,19,1,EF1,EF,1,1,7,1,0,True,,False,0.15000000000000036,0.0,-0.0267857142857143,-0.25,-0.12678571428571317,7.771561172376096e-16,6.519642857142856,6.392857142857143,20,-5,0,0,0,0,-2,1,-10,-8,False,16,0.0,1,False,best_rejected_stop,marginal_utility_negative,14,8-8-8-8-6-6,192,19,"{""EF2"": 5, ""EF3"": 5, ""EF4"": 6, ""EF5"": 11, ""SL5"": 4, ""SL6"": 5, ""SL7"": 1, ""Seuil3"": 5, ""Seuil4"": 4}",delta_fatigue_term,0.12321428571428605,0.5910714285714276,0.7178571428571408
85,16,5,weighted_greedy,8-8-8-8-6-6,8,-8,24,19,5,EF4,EF,4,4,6,4,0,True,,False,0.5,0.0,-0.0062500000000000056,-0.5,-0.006250000000000533,-5.273559366969494e-16,6.072916666666667,6.066666666666666,23,-2,0,0,0,0,0,3,-8,-8,False,16,0.0,1,False,best_rejected_stop,marginal_utility_negative,15,8-8-8-8-6-6,211,21,"{""EF2"": 5, ""EF3"": 6, ""EF4"": 6, ""EF5"": 12, ""SL5"": 4, ""SL6"": 5, ""SL7"": 2, ""Seuil3"": 5, ""Seuil4"": 5}",delta_fatigue_term,0.246875,0.48958333333333304,0.49583333333333357
86,1,3,weighted_greedy,6-6-6-6,6,0,14,4,10,EF1,EF,1,1,6,1,0,True,,False,0.2142857142857143,0.0,-0.013888888888888881,-0.75,-0.5496031746031749,-3.3306690738754696e-16,2.9404761904761902,2.390873015873016,5,-9,0,0,0,0,-4,0,-4,-4,False,10,0.0,1,False,best_rejected_stop,marginal_utility_negative,2,6-6-6-6,0,0,{},delta_fatigue_term,0.0667989417989418,0.4285714285714288,0.9781746031746037
86,7,3,weighted_greedy,8-8-6-6-6,8,-7,15,10,5,EF1,EF,1,1,5,1,0,True,,False,0.19999999999999973,0.0,-0.06666666666666668,-0.75,-0.6166666666666671,-2.220446049250313e-16,5.75,5.133333333333333,11,-9,0,0,0,0,-4,0,-11,-8,False,16,0.0,1,False,best_rejected_stop,marginal_utility_negative,12,8-8-6-6-6,68,8,"{""EF1"": 2, ""EF2"": 3, ""EF3"": 3, ""EF4"": 4, ""EF5"": 1, ""SL5"": 1, ""Seuil3"": 3, ""Seuil4"": 4}",delta_fatigue_term,0.04444444444444435,,
86,8,3,weighted_greedy,8-8-6-6-6,8,-8,19,11,8,EF5,EF,5,5,8,5,0,True,,False,0.7894736842105261,0.0,-0.005208333333333343,-1.0,-0.2157346491228065,7.494005416219807e-16,4.6587171052631575,4.442982456140351,16,-4,0,0,0,0,-1,3,-9,-8,False,16,0.0,1,False,best_rejected_stop,marginal_utility_negative,13,8-8-6-6-6,78,9,"{""EF1"": 2, ""EF2"": 3, ""EF3"": 3, ""EF4"": 4, ""EF5"": 2, ""SL5"": 2, ""Seuil3"": 3, ""Seuil4"": 4}",delta_fatigue_term,0.19606633771929818,,
86,9,3,weighted_greedy,8-8-6-6-6,8,-8,21,11,10,EF5,EF,5,5,7,5,0,True,,False,0.714285714285714,0.0,-0.005952380952380959,-1.0,-0.29166666666666696,0.0,4.517857142857143,4.226190476190476,16,-4,0,0,0,0,-1,3,-9,-8,False,16,0.0,1,False,best_rejected_stop,marginal_utility_negative,13,8-8-6-6-6,89,10,"{""EF1"": 2, ""EF2"": 3, ""EF3"": 3, ""EF4"": 4, ""EF5"": 3, ""SL5"": 2, ""SL6"": 1, ""Seuil3"": 3, ""Seuil4"": 4}",delta_fatigue_term,0.17708333333333326,,
86,10,6,weighted_greedy,8-8-6-6-6-6,8,-8,22,21,1,EF1,EF,1,1,6,1,0,True,,False,0.13636363636363624,0.0,-0.022222222222222254,-0.25,-0.13585858585858546,5.551115123125783e-16,6.038636363636364,5.902777777777778,22,-1,0,0,0,0,0,0,-8,-8,False,16,0.0,1,False,best_rejected_stop,marginal_utility_negative,14,8-8-6-6-6-6,100,11,"{""EF1"": 2, ""EF2"": 3, ""EF3"": 3, ""EF4"": 4, ""EF5"": 4, ""SL5"": 2, ""SL6"": 2, ""Seuil3"": 3, ""Seuil4"": 4}",delta_fatigue_term,0.11414141414141399,0.043371212121211755,0.1792297979797972
86,11,5,weighted_greedy,8-8-8-6-6-6,8,-8,27,18,9,EF2,EF,2,2,6,2,0,True,,False,0.22222222222222232,0.0,-0.020833333333333343,-0.25,-0.048611111111110716,3.0531133177191805e-16,5.6875,5.638888888888889,20,-4,0,0,0,0,-1,2,-9,-8,False,16,0.0,1,False,best_rejected_stop,marginal_utility_negative,14,8-8-8-6-6-6,121,13,"{""EF1"": 2, ""EF2"": 4, ""EF3"": 3, ""EF4"": 5, ""EF5"": 5, ""SL5"": 2, ""SL6"": 3, ""Seuil3"": 3, ""Seuil4"": 5}",delta_fatigue_term,0.20138888888888898,0.4375,0.4861111111111107
86,12,5,weighted_greedy,8-8-8-6-6-6,8,-8,27,18,9,EF2,EF,2,2,8,2,0,True,,False,0.22222222222222232,0.0,-0.015625,-0.25,-0.04340277777777768,0.0,5.640625,5.597222222222222,20,-4,0,0,0,0,-1,2,-9,-8,False,16,0.0,1,False,best_rejected_stop,marginal_utility_negative,14,8-8-8-6-6-6,139,15,"{""EF1"": 2, ""EF2"": 4, ""EF3"": 4, ""EF4"": 5, ""EF5"": 6, ""SL5"": 2, ""SL6"": 4, ""Seuil3"": 3, ""Seuil4"": 6}",delta_fatigue_term,0.20659722222222232,0.4392361111111107,0.4826388888888884
86,13,5,weighted_greedy,8-8-8-8-6-6,8,-8,24,19,5,EF4,EF,4,4,8,4,0,True,,False,0.5,0.0,-0.004687500000000011,-0.5,-0.004687500000000178,-1.6653345369377348e-16,6.0234375,6.01875,23,-2,0,0,0,0,0,3,-8,-8,False,16,0.0,1,False,best_rejected_stop,marginal_utility_negative,14,8-8-8-8-6-6,157,17,"{""EF1"": 2, ""EF2"": 5, ""EF3"": 4, ""EF4"": 5, ""EF5"": 7, ""SL5"": 2, ""SL6"": 4, ""SL7"": 1, ""Seuil3"": 3, ""Seuil4"": 7}",delta_fatigue_term,0.24765625,0.4921875,0.4968750000000002
86,16,5,weighted_greedy,8-8-8-8-6-6,8,-8,27,19,8,EF2,EF,2,2,7,2,0,True,,False,0.22222222222222232,0.0,-0.019642857142857156,-0.25,-0.0474206349206332,1.6375789613221059e-15,5.780753968253968,5.733333333333333,21,-4,0,0,0,0,-1,2,-9,-8,False,16,0.0,1,False,best_rejected_stop,marginal_utility_negative,15,8-8-8-8-6-6,215,23,"{""EF1"": 2, ""EF2"": 7, ""EF3"": 6, ""EF4"": 5, ""EF5"": 10, ""SL5"": 2, ""SL6"": 4, ""SL7"": 3, ""SL8"": 1, ""Seuil3"": 4, ""Seuil4"": 9}",delta_fatigue_term,0.20257936507936516,0.4355158730158726,0.4829365079365058
87,1,3,weighted_greedy,6-6-6-6,6,0,13,4,9,EF1,EF,1,1,6,1,0,True,,False,0.23076923076923084,0.0,-0.013888888888888881,-0.75,-0.533119658119658,0.0,3.0064102564102564,2.4732905982905984,5,-9,0,0,0,0,-4,0,-4,-4,False,10,0.0,1,False,best_rejected_stop,marginal_utility_negative,2,6-6-6-6,0,0,{},delta_fatigue_term,0.07229344729344732,0.4615384615384617,0.9946581196581197
87,2,6,weighted_greedy,6-6-6-6,6,-4,14,12,2,EF1,EF,1,1,6,1,0,True,,False,0.2142857142857144,0.0,-0.009722222222222215,-0.25,-0.04543650793650755,2.498001805406602e-16,5.671428571428571,5.625992063492063,13,-1,0,0,0,0,0,0,-4,-4,False,10,0.0,1,False,best_rejected_stop,marginal_utility_negative,6,6-6-6-6,4,0,"{""EF2"": 2}",delta_fatigue_term,0.2045634920634922,0.19970238095238013,0.24513888888888768
87,3,5,weighted_greedy,6-6-6-6,6,-4,15,12,3,EF1,EF,1,1,6,1,0,True,,False,0.19999999999999973,0.0,-0.016666666666666663,-0.25,-0.06666666666666732,-3.885780586188048e-16,5.525,5.458333333333333,13,-1,0,0,0,0,0,0,-4,-4,False,10,0.0,1,False,best_rejected_stop,marginal_utility_negative,8,6-6-6-6,16,2,"{""EF1"": 1, ""EF2"": 3, ""EF3"": 1, ""Seuil3"": 2}",delta_fatigue_term,0.18333333333333307,1.813888888888889,1.8805555555555564
87,5,4,weighted_greedy,8-6-6-6,8,-4,14,13,1,EF1,EF,1,1,5,1,0,True,,False,0.2142857142857144,0.0,-0.04166666666666666,-0.25,-0.07738095238095255,-3.0531133177191805e-16,4.502380952380952,4.425,14,-1,0,0,0,0,0,0,-4,-4,False,12,0.0,1,False,best_rejected_stop,marginal_utility_negative,11,8-6-6-6,41,5,"{""EF1"": 1, ""EF2"": 5, ""EF3"": 2, ""EF4"": 2, ""Seuil3"": 4, ""Seuil4"": 1}",delta_fatigue_term,0.17261904761904776,0.35952380952381,0.4369047619047626
87,6,3,weighted_greedy,8-6-6-6-6,8,-4,18,10,8,EF5,EF,5,5,6,5,0,True,,False,0.8333333333333333,0.0,0.0,-1.0,-0.16666666666666696,-2.220446049250313e-16,4.625,4.458333333333333,15,-4,0,0,0,0,-1,3,-5,-5,False,13,0.0,1,False,best_rejected_stop,marginal_utility_negative,11,8-6-6-6-6,54,6,"{""EF1"": 1, ""EF2"": 5, ""EF3"": 3, ""EF4"": 2, ""EF5"": 1, ""SL5"": 1, ""Seuil3"": 4, ""Seuil4"": 1}",delta_fatigue_term,0.20833333333333331,,
87,8,3,weighted_greedy,8-8-6-6-6,8,-8,25,11,14,EF5,EF,5,5,7,5,0,True,,False,0.5999999999999999,0.0,-0.005952380952380959,-1.0,-0.40595238095238084,2.220446049250313e-16,4.2664285714285715,3.8604761904761906,16,-4,0,0,0,0,-1,3,-9,-8,False,16,0.0,1,False,best_rejected_stop,marginal_utility_negative,12,8-8-6-6-6,79,8,"{""EF1"": 1, ""EF2"": 5, ""EF3"": 3, ""EF4"": 3, ""EF5"": 3, ""SL5"": 2, ""SL6"": 1, ""Seuil3"": 4, ""Seuil4"": 1}",delta_fatigue_term,0.14851190476190473,,
87,9,4,weighted_greedy,8-8-6-6-6,8,-8,17,16,1,EF1,EF,1,1,8,1,0,True,,False,0.17647058823529438,0.0,-0.03385416666666666,-0.25,-0.10738357843137258,-3.0531133177191805e-16,4.740196078431373,4.6328125,17,-3,0,0,0,0,0,1,-8,-8,False,16,0.0,1,False,best_rejected_stop,marginal_utility_negative,13,8-8-6-6-6,90,9,"{""EF1"": 1, ""EF2"": 5, ""EF3"": 3, ""EF4"": 3, ""EF5"": 4, ""SL5"": 2, ""SL6"": 2, ""Seuil3"": 4, ""Seuil4"": 1}",delta_fatigue_term,0.14261642156862772,0.1850490196078436,0.2924325980392162
87,15,5,weighted_greedy,8-8-8-8-6-6,8,-8,24,19,5,EF4,EF,4,4,6,4,0,True,,False,0.5,0.0,-0.0062500000000000056,-0.5,-0.006250000000000533,-5.273559366969494e-16,6.072916666666667,6.066666666666666,23,-2,0,0,0,0,0,3,-8,-8,False,16,0.0,1,False,best_rejected_stop,marginal_utility_negative,15,8-8-8-8-6-6,212,20,"{""EF1"": 2, ""EF2"": 6, ""EF3"": 5, ""EF4"": 9, ""EF5"": 10, ""SL5"": 2, ""SL6"": 4, ""SL7"": 4, ""Seuil3"": 5, ""Seuil4"": 5}",delta_fatigue_term,0.246875,0.48958333333333304,0.49583333333333357
87,16,5,weighted_greedy,8-8-8-8-6-6,8,-8,26,19,7,EF2,EF,2,2,7,2,0,True,,False,0.23076923076923128,0.0,-0.019642857142857156,-0.25,-0.03887362637362468,1.1934897514720433e-15,5.861950549450549,5.823076923076924,21,-4,0,0,0,0,-1,2,-9,-8,False,16,0.0,1,False,best_rejected_stop,marginal_utility_negative,15,8-8-8-8-6-6,231,22,"{""EF1"": 2, ""EF2"": 6, ""EF3"": 5, ""EF4"": 10, ""EF5"": 11, ""SL5"": 2, ""SL6"": 5, ""SL7"": 4, ""Seuil3"": 5, ""Seuil4"": 6}",delta_fatigue_term,0.21112637362637413,0.4526098901098896,0.4914835164835143
88,1,3,weighted_greedy,6-6-6-6,6,0,13,4,9,EF1,EF,1,1,6,1,0,True,,False,0.23076923076923084,0.0,-0.013888888888888881,-0.75,-0.533119658119658,0.0,3.0064102564102564,2.4732905982905984,5,-9,0,0,0,0,-4,0,-4,-4,False,10,0.0,1,False,best_rejected_stop,marginal_utility_negative,2,6-6-6-6,0,0,{},delta_fatigue_term,0.07229344729344732,0.4615384615384617,0.9946581196581197
88,3,4,weighted_greedy,6-6-6-6,6,-4,13,12,1,EF1,EF,1,1,6,1,0,True,,False,0.23076923076923084,0.0,-0.03125,-0.25,-0.05048076923076916,0.0,4.435897435897436,4.385416666666667,13,-1,0,0,0,0,0,0,-4,-4,False,10,0.0,1,False,best_rejected_stop,marginal_utility_negative,9,6-6-6-6,16,2,"{""EF2"": 2, ""EF3"": 2, ""Seuil3"": 2}",delta_fatigue_term,0.19951923076923084,0.42307692307692335,0.4735576923076925
88,5,4,weighted_greedy,8-6-6-6,8,-4,14,13,1,EF1,EF,1,1,6,1,0,True,,False,0.2142857142857144,0.0,-0.03472222222222221,-0.25,-0.07043650793650791,-1.1102230246251565e-16,4.466269841269841,4.395833333333333,14,-1,0,0,0,0,0,0,-4,-4,False,12,0.0,1,False,best_rejected_stop,marginal_utility_negative,11,8-6-6-6,40,4,"{""EF2"": 3, ""EF3"": 2, ""EF4"": 2, ""EF5"": 1, ""SL5"": 1, ""Seuil3"": 2, ""Seuil4"": 1}",delta_fatigue_term,0.1795634920634922,0.36507936507936467,0.4355158730158726
88,6,4,weighted_greedy,8-6-6-6-6,8,-4,14,13,1,EF1,EF,1,1,7,1,0,True,,False,0.2142857142857144,0.0,-0.02976190476190474,-0.25,-0.06547619047619069,-3.608224830031759e-16,4.940476190476191,4.875,14,-5,0,0,0,0,-2,1,-6,-6,False,14,0.0,1,False,best_rejected_stop,marginal_utility_negative,12,8-6-6-6-6,53,5,"{""EF2"": 3, ""EF3"": 3, ""EF4"": 2, ""EF5"": 2, ""SL5"": 2, ""Seuil3"": 2, ""Seuil4"": 1}",delta_fatigue_term,0.18452380952380967,0.13690476190476186,0.20238095238095255
88,10,6,weighted_greedy,8-8-6-6-6-6,8,-8,22,21,1,EF1,EF,1,1,7,1,0,True,,False,0.13636363636363624,0.0,-0.019047619047619035,-0.25,-0.1326839826839823,4.996003610813204e-16,6.013636363636364,5.880952380952381,22,-1,0,0,0,0,0,0,-8,-8,False,16,0.0,1,False,best_rejected_stop,marginal_utility_negative,14,8-8-6-6-6-6,114,9,"{""EF2"": 5, ""EF3"": 4, ""EF4"": 4, ""EF5"": 6, ""SL5"": 2, ""SL6"": 2, ""SL7"": 2, ""Seuil3"": 2, ""Seuil4"": 1}",delta_fatigue_term,0.11731601731601721,0.04366883116883091,0.1763528138528132
88,11,3,weighted_greedy,8-8-6-6-6-6,8,-8,23,13,10,EF1,EF,1,1,8,1,0,True,,False,0.1304347826086958,0.0,-0.05729166666666666,-0.75,-0.6768568840579707,1.1102230246251565e-16,5.398777173913043,4.721920289855072,14,-9,0,0,0,0,-4,0,-12,-8,False,16,0.0,1,False,best_rejected_stop,marginal_utility_negative,15,8-8-6-6-6-6,135,11,"{""EF1"": 1, ""EF2"": 5, ""EF3"": 4, ""EF4"": 5, ""EF5"": 7, ""SL5"": 2, ""SL6"": 2, ""SL7"": 3, ""Seuil3"": 2, ""Seuil4"": 2}",delta_fatigue_term,0.024381038647343044,,
88,12,5,weighted_greedy,8-8-8-6-6-6,8,-8,19,18,1,EF1,EF,1,1,5,1,0,True,,False,0.1578947368421053,0.0,-0.035,-0.25,-0.12710526315789394,7.494005416219807e-16,6.567105263157894,6.44,19,-5,0,0,0,0,-2,1,-10,-8,False,16,0.0,1,False,best_rejected_stop,marginal_utility_negative,15,8-8-8-6-6-6,148,12,"{""EF1"": 1, ""EF2"": 5, ""EF3"": 4, ""EF4"": 5, ""EF5"": 8, ""SL5"": 2, ""SL6"": 2, ""SL7"": 3, ""SL8"": 1, ""Seuil3"": 2, ""Seuil4"": 2}",delta_fatigue_term,0.1228947368421053,0.6232456140350875,0.7503508771929814
88,13,5,weighted_greedy,8-8-8-6-6-6,8,-8,24,18,6,EF4,EF,4,4,7,4,0,True,,False,0.5,0.0,-0.0035714285714285587,-0.5,-0.0035714285714281147,4.440892098500626e-16,5.910714285714286,5.9071428571428575,22,-2,0,0,0,0,0,3,-8,-8,False,16,0.0,1,False,best_rejected_stop,marginal_utility_negative,15,8-8-8-6-6-6,166,14,"{""EF1"": 1, ""EF2"": 5, ""EF3"": 4, ""EF4"": 6, ""EF5"": 9, ""SL5"": 3, ""SL6"": 2, ""SL7"": 3, ""SL8"": 1, ""Seuil3"": 2, ""Seuil4"": 3}",delta_fatigue_term,0.24821428571428572,0.4940476190476195,0.4976190476190476
88,14,5,weighted_greedy,8-8-8-8-6-6,8,-8,26,19,7,EF2,EF,2,2,8,2,0,True,,False,0.23076923076923128,0.0,-0.017187499999999994,-0.25,-0.03641826923076863,8.326672684688674e-17,5.840745192307692,5.804326923076923,21,-4,0,0,0,0,-1,2,-9,-8,False,16,0.0,1,False,best_rejected_stop,marginal_utility_negative,15,8-8-8-8-6-6,184,16,"{""EF1"": 1, ""EF2"": 6, ""EF3"": 4, ""EF4"": 6, ""EF5"": 10, ""SL5"": 3, ""SL6"": 2, ""SL7"": 4, ""SL8"": 1, ""Seuil3"": 2, ""Seuil4"": 4}",delta_fatigue_term,0.2135817307692313,0.4537259615384608,0.4901442307692294
88,15,5,weighted_greedy,8-8-8-8-6-6,8,-8,25,19,6,EF4,EF,4,4,7,4,0,True,,False,0.48,0.0,-0.005357142857142866,-0.5,-0.025357142857142634,2.498001805406602e-16,5.949642857142857,5.924285714285714,23,-2,0,0,0,0,0,3,-8,-8,False,16,0.0,1,False,best_rejected_stop,marginal_utility_negative,16,8-8-8-8-6-6,203,18,"{""EF1"": 1, ""EF2"": 7, ""EF3"": 4, ""EF4"": 6, ""EF5"": 11, ""SL5"": 3, ""SL6"": 2, ""SL7"": 4, ""SL8"": 2, ""Seuil3"": 2, ""Seuil4"": 5}",delta_fatigue_term,0.23732142857142857,0.47107142857142925,0.4964285714285719
88,16,5,weighted_greedy,8-8-8-8-6-6,8,-8,26,19,7,EF2,EF,2,2,7,2,0,True,,False,0.23076923076923128,0.0,-0.019642857142857156,-0.25,-0.03887362637362468,1.1934897514720433e-15,5.861950549450549,5.823076923076924,21,-4,0,0,0,0,-1,2,-9,-8,False,16,0.0,1,False,best_rejected_stop,marginal_utility_negative,16,8-8-8-8-6-6,222,20,"{""EF1"": 1, ""EF2"": 7, ""EF3"": 5, ""EF4"": 6, ""EF5"": 12, ""SL5"": 3, ""SL6"": 2, ""SL7"": 5, ""SL8"": 2, ""Seuil3"": 2, ""Seuil4"": 6}",delta_fatigue_term,0.21112637362637413,0.4526098901098896,0.4914835164835143
89,1,3,weighted_greedy,6-6-6-6,6,0,12,4,8,EF1,EF,1,1,6,1,0,True,,False,0.25,0.0,-0.013888888888888881,-0.75,-0.5138888888888884,4.440892098500626e-16,3.0833333333333335,2.5694444444444446,5,-9,0,0,0,0,-4,0,-4,-4,False,10,0.0,1,False,best_rejected_stop,marginal_utility_negative,2,6-6-6-6,0,0,{},delta_fatigue_term,0.0787037037037037,0.49999999999999956,1.013888888888888
89,3,6,weighted_greedy,6-6-6-6,6,-6,13,12,1,EF1,EF,1,1,6,1,0,True,,False,0.23076923076923084,0.0,-0.009722222222222215,-0.25,-0.028952991452991128,2.498001805406602e-16,5.869230769230769,5.840277777777778,13,-1,0,0,0,0,0,0,-6,-6,False,12,0.0,1,False,best_rejected_stop,marginal_utility_negative,6,6-6-6-6,12,1,"{""EF2"": 3, ""EF3"": 1, ""Seuil3"": 1}",delta_fatigue_term,0.22104700854700862,0.21618589743589745,0.24513888888888857
89,4,4,weighted_greedy,6-6-6-6,6,-6,14,12,2,EF1,EF,1,1,6,1,0,True,,False,0.2142857142857144,0.0,-0.03125,-0.25,-0.06696428571428559,0.0,4.238095238095238,4.1711309523809526,13,-1,0,0,0,0,0,0,-6,-6,False,12,0.0,1,False,best_rejected_stop,marginal_utility_negative,9,6-6-6-6,24,3,"{""EF1"": 1, ""EF2"": 4, ""EF3"": 2, ""Seuil3"": 3}",delta_fatigue_term,0.1830357142857144,0.3571428571428572,0.4241071428571428
89,6,4,weighted_greedy,8-6-6-6,8,-6,15,13,2,EF1,EF,1,1,6,1,0,True,,False,0.19999999999999973,0.0,-0.03472222222222221,-0.25,-0.08472222222222214,3.3306690738754696e-16,4.280555555555556,4.195833333333333,14,-1,0,0,0,0,0,0,-6,-6,False,14,0.0,1,False,best_rejected_stop,marginal_utility_negative,11,8-6-6-6,49,5,"{""EF1"": 1, ""EF2"": 4, ""EF3"": 3, ""EF4"": 2, ""EF5"": 1, ""SL5"": 1, ""Seuil3"": 3, ""Seuil4"": 1}",delta_fatigue_term,0.16527777777777752,0.3222222222222215,0.40694444444444366
89,8,4,weighted_greedy,8-6-6-6-6,8,-6,16,15,1,EF1,EF,1,1,6,1,0,True,,False,0.1875,0.0,-0.041666666666666685,-0.25,-0.10416666666666607,6.106226635438361e-16,4.770833333333333,4.666666666666667,16,-3,0,0,0,0,0,1,-6,-6,False,14,0.0,1,False,best_rejected_stop,marginal_utility_negative,12,8-6-6-6-6,79,7,"{""EF1"": 1, ""EF2"": 5, ""EF3"": 4, ""EF4"": 3, ""EF5"": 3, ""SL5"": 2, ""SL6"": 1, ""Seuil3"": 3, ""Seuil4"": 1}",delta_fatigue_term,0.14583333333333331,0.22916666666666696,0.33333333333333304
89,9,3,weighted_greedy,8-8-6-6-6,8,-7,16,11,5,EF5,EF,5,5,6,5,0,True,,False,0.9375,0.0,-0.0069444444444444475,-1.0,-0.06944444444444375,6.938893903907228e-16,5.041666666666667,4.972222222222222,16,-4,0,0,0,0,-1,3,-8,-8,False,16,0.0,1,False,best_rejected_stop,marginal_utility_negative,13,8-8-6-6-6,94,8,"{""EF1"": 1, ""EF2"": 5, ""EF3"": 4, ""EF4"": 4, ""EF5"": 4, ""SL5"": 2, ""SL6"": 2, ""Seuil3"": 3, ""Seuil4"": 1}",delta_fatigue_term,0.2326388888888889,,
89,10,5,weighted_greedy,8-8-6-6-6-6,8,-8,24,17,7,EF4,EF,4,4,6,4,0,True,,False,0.5,0.0,-0.002083333333333326,-0.5,-0.002083333333333215,1.1102230246251565e-16,5.802083333333333,5.8,21,-2,0,0,0,0,0,3,-8,-8,False,16,0.0,1,False,best_rejected_stop,marginal_utility_negative,13,8-8-6-6-6-6,105,9,"{""EF1"": 1, ""EF2"": 5, ""EF3"": 4, ""EF4"": 4, ""EF5"": 5, ""SL5"": 2, ""SL6"": 3, ""Seuil3"": 3, ""Seuil4"": 1}",delta_fatigue_term,0.24895833333333334,0.4965277777777777,0.4986111111111109
89,11,5,weighted_greedy,8-8-6-6-6-6,8,-8,25,17,8,EF4,EF,4,4,8,4,0,True,,False,0.48,0.0,-0.0015624999999999944,-0.5,-0.021562500000000817,-8.049116928532385e-16,5.6728125,5.65125,21,-2,0,0,0,0,0,3,-8,-8,False,16,0.0,1,False,best_rejected_stop,marginal_utility_negative,14,8-8-6-6-6-6,122,11,"{""EF1"": 1, ""EF2"": 6, ""EF3"": 4, ""EF4"": 4, ""EF5"": 6, ""SL5"": 2, ""SL6"": 4, ""Seuil3"": 3, ""Seuil4"": 2}",delta_fatigue_term,0.23921874999999998,0.47739583333333346,0.4989583333333343
89,12,5,weighted_greedy,8-8-8-6-6-6,8,-8,28,18,10,EF2,EF,2,2,7,2,0,True,,False,0.21428571428571397,0.0,-0.017857142857142877,-0.25,-0.053571428571428825,8.326672684688674e-17,5.589285714285714,5.535714285714286,20,-4,0,0,0,0,-1,2,-9,-8,False,16,0.0,1,False,best_rejected_stop,marginal_utility_negative,14,8-8-8-6-6-6,139,13,"{""EF1"": 2, ""EF2"": 6, ""EF3"": 4, ""EF4"": 4, ""EF5"": 7, ""SL5"": 2, ""SL6"": 4, ""SL7"": 1, ""Seuil3"": 3, ""Seuil4"": 3}",delta_fatigue_term,0.1964285714285711,0.42261904761904834,0.47619047619047716
89,13,5,weighted_greedy,8-8-8-6-6-6,8,-8,24,18,6,EF4,EF,4,4,6,4,0,True,,False,0.5,0.0,-0.004166666666666652,-0.5,-0.00416666666666643,2.220446049250313e-16,5.9375,5.933333333333334,22,-2,0,0,0,0,0,3,-8,-8,False,16,0.0,1,False,best_rejected_stop,marginal_utility_negative,15,8-8-8-6-6-6,157,15,"{""EF1"": 2, ""EF2"": 7, ""EF3"": 4, ""EF4"": 4, ""EF5"": 8, ""SL5"": 2, ""SL6"": 4, ""SL7"": 2, ""Seuil3"": 3, ""Seuil4"": 4}",delta_fatigue_term,0.24791666666666667,0.49305555555555536,0.4972222222222218
89,14,5,weighted_greedy,8-8-8-8-6-6,8,-8,26,19,7,EF2,EF,2,2,7,2,0,True,,False,0.23076923076923128,0.0,-0.019642857142857156,-0.25,-0.03887362637362468,1.1934897514720433e-15,5.861950549450549,5.823076923076924,21,-4,0,0,0,0,-1,2,-9,-8,False,16,0.0,1,False,best_rejected_stop,marginal_utility_negative,15,8-8-8-8-6-6,175,17,"{""EF1"": 2, ""EF2"": 7, ""EF3"": 5, ""EF4"": 4, ""EF5"": 9, ""SL5"": 2, ""SL6"": 5, ""SL7"": 2, ""Seuil3"": 3, ""Seuil4"": 5}",delta_fatigue_term,0.21112637362637413,0.4526098901098896,0.4914835164835143
89,15,5,weighted_greedy,8-8-8-8-6-6,8,-8,22,19,3,EF2,EF,2,2,6,2,0,True,,False,0.27272727272727293,0.0,-0.02291666666666664,-0.25,-0.00018939393939465532,-9.43689570931383e-16,6.288825757575758,6.288636363636364,21,-4,0,0,0,0,-1,2,-9,-8,False,16,0.0,1,False,best_rejected_stop,marginal_utility_negative,15,8-8-8-8-6-6,194,19,"{""EF1"": 2, ""EF2"": 7, ""EF3"": 6, ""EF4"": 4, ""EF5"": 10, ""SL5"": 2, ""SL6"": 5, ""SL7"": 3, ""Seuil3"": 3, ""Seuil4"": 6}",delta_fatigue_term,0.2498106060606063,0.5350378787878789,0.5352272727272736
89,16,5,weighted_greedy,8-8-8-8-6-6,8,-8,27,19,8,EF2,EF,2,2,7,2,0,True,,False,0.22222222222222232,0.0,-0.019642857142857156,-0.25,-0.0474206349206332,1.6375789613221059e-15,5.780753968253968,5.733333333333333,21,-4,0,0,0,0,-1,2,-9,-8,False,16,0.0,1,False,best_rejected_stop,marginal_utility_negative,15,8-8-8-8-6-6,213,21,"{""EF1"": 2, ""EF2"": 7, ""EF3"": 6, ""EF4"": 5, ""EF5"": 11, ""SL5"": 2, ""SL6"": 6, ""SL7"": 3, ""Seuil3"": 3, ""Seuil4"": 7}",delta_fatigue_term,0.20257936507936516,0.4355158730158726,0.4829365079365058
90,1,3,weighted_greedy,6-6-6-6,6,0,12,4,8,EF1,EF,1,1,6,1,0,True,,False,0.25,0.0,-0.013888888888888881,-0.75,-0.5138888888888884,4.440892098500626e-16,3.0833333333333335,2.5694444444444446,5,-9,0,0,0,0,-4,0,-4,-4,False,10,0.0,1,False,best_rejected_stop,marginal_utility_negative,2,6-6-6-6,0,0,{},delta_fatigue_term,0.0787037037037037,0.49999999999999956,1.013888888888888
90,2,7,weighted_greedy,6-6-6-6,6,-4,16,15,1,EF1,EF,1,1,6,1,0,True,,False,0.1875,0.0,-0.008928571428571438,-0.5,-0.32142857142857206,-6.106226635438361e-16,6.666666666666667,6.345238095238095,16,2,2,1,0,0,0,0,-2,-2,False,8,0.0,1,False,best_rejected_stop,marginal_utility_negative,6,6-6-6-6,4,0,"{""EF2"": 2}",delta_fatigue_term,0.08928571428571427,1.3166666666666673,1.6380952380952394
90,4,5,weighted_greedy,8-6-6-6,8,-3,16,14,2,EF1,EF,1,1,8,1,0,True,,False,0.1875,0.0,-0.015625,-0.25,-0.078125,0.0,5.484375,5.40625,15,0,0,0,0,0,0,0,-3,-3,False,11,0.0,1,False,best_rejected_stop,marginal_utility_negative,9,8-6-6-6,31,4,"{""EF1"": 1, ""EF2"": 4, ""EF3"": 3, ""Seuil3"": 3, ""Seuil4"": 1}",delta_fatigue_term,0.171875,1.5572916666666665,1.6354166666666665
90,6,3,weighted_greedy,8-6-6-6-6,8,-5,16,10,6,EF5,EF,5,5,6,5,0,True,,False,0.9375,0.0,0.0,-1.0,-0.06250000000000089,-8.881784197001252e-16,4.833333333333333,4.770833333333333,15,-4,0,0,0,0,-1,3,-6,-6,False,14,0.0,1,False,best_rejected_stop,marginal_utility_negative,12,8-6-6-6-6,55,7,"{""EF1"": 1, ""EF2"": 5, ""EF3"": 3, ""EF4"": 3, ""Seuil3"": 5, ""Seuil4"": 2}",delta_fatigue_term,0.234375,,
90,7,3,weighted_greedy,8-8-6-6-6,8,-8,18,10,8,EF1,EF,1,1,7,1,0,True,,False,0.16666666666666674,0.0,-0.047619047619047616,-0.75,-0.6309523809523805,4.440892098500626e-16,5.345238095238095,4.714285714285714,11,-9,0,0,0,0,-4,0,-12,-8,False,16,0.0,1,False,best_rejected_stop,marginal_utility_negative,12,8-8-6-6-6,65,8,"{""EF1"": 1, ""EF2"": 5, ""EF3"": 3, ""EF4"": 3, ""EF5"": 1, ""SL5"": 1, ""Seuil3"": 5, ""Seuil4"": 2}",delta_fatigue_term,0.03968253968253971,,
90,8,3,weighted_greedy,8-8-6-6-6,8,-8,14,11,3,EF3,EF,3,3,6,3,0,True,,False,0.6428571428571428,0.0,-0.03472222222222221,-0.75,-0.14186507936507908,3.3306690738754696e-16,5.336309523809524,5.194444444444445,14,-6,0,0,0,0,-3,1,-11,-8,False,16,0.0,1,False,best_rejected_stop,marginal_utility_negative,13,8-8-6-6-6,75,9,"{""EF1"": 1, ""EF2"": 5, ""EF3"": 3, ""EF4"": 3, ""EF5"": 2, ""SL5"": 2, ""Seuil3"": 5, ""Seuil4"": 2}",delta_fatigue_term,0.2027116402116402,,
90,9,3,weighted_greedy,8-8-6-6-6,8,-8,14,10,4,EF1,EF,1,1,5,1,0,True,,False,0.2142857142857144,0.0,-0.06666666666666668,-0.75,-0.602380952380952,2.220446049250313e-16,5.892857142857142,5.29047619047619,11,-9,0,0,0,0,-4,0,-12,-8,False,16,0.0,1,False,best_rejected_stop,marginal_utility_negative,13,8-8-6-6-6,86,10,"{""EF1"": 1, ""EF2"": 5, ""EF3"": 3, ""EF4"": 3, ""EF5"": 3, ""SL5"": 2, ""SL6"": 1, ""Seuil3"": 5, ""Seuil4"": 2}",delta_fatigue_term,0.04920634920634925,,
90,10,3,weighted_greedy,8-8-6-6-6,8,-8,12,11,1,EF1,EF,1,1,7,1,0,True,,False,0.25,0.0,-0.053571428571428575,-0.5,-0.30357142857142794,6.661338147750939e-16,5.696428571428571,5.392857142857143,12,-8,0,0,0,0,-4,0,-12,-8,False,16,0.0,1,False,best_rejected_stop,marginal_utility_negative,13,8-8-6-6-6,96,11,"{""EF1"": 1, ""EF2"": 5, ""EF3"": 3, ""EF4"": 3, ""EF5"": 4, ""SL5"": 3, ""SL6"": 1, ""Seuil3"": 5, ""Seuil4"": 2}",delta_fatigue_term,0.09821428571428571,,
90,11,6,weighted_greedy,8-8-8-6-6-6,8,-8,21,20,1,EF1,EF,1,1,5,1,0,True,,False,0.14285714285714324,0.0,-0.025000000000000022,-0.25,-0.13214285714285712,-3.3306690738754696e-16,6.307142857142857,6.175,21,-3,0,0,0,0,0,1,-8,-8,False,16,0.0,1,False,best_rejected_stop,marginal_utility_negative,14,8-8-8-6-6-6,107,12,"{""EF1"": 1, ""EF2"": 5, ""EF3"": 3, ""EF4"": 3, ""EF5"": 5, ""SL5"": 3, ""SL6"": 2, ""Seuil3"": 5, ""Seuil4"": 2}",delta_fatigue_term,0.11785714285714322,0.01071428571428612,0.14285714285714324
90,12,6,weighted_greedy,8-8-8-6-6-6,8,-8,23,22,1,EF1,EF,1,1,6,1,0,True,,False,0.13043478260869534,0.0,-0.02361111111111111,-0.25,-0.1431763285024159,-1.3877787807814457e-16,6.052898550724638,5.909722222222222,23,-1,0,0,0,0,0,0,-8,-8,False,16,0.0,1,False,best_rejected_stop,marginal_utility_negative,14,8-8-8-6-6-6,127,14,"{""EF1"": 1, ""EF2"": 6, ""EF3"": 3, ""EF4"": 4, ""EF5"": 6, ""SL5"": 4, ""SL6"": 2, ""Seuil3"": 5, ""Seuil4"": 3}",delta_fatigue_term,0.10682367149758423,0.01757246376811672,0.16074879227053263
90,13,5,weighted_greedy,8-8-8-8-6-6,8,-8,30,19,11,EF2,EF,2,2,7,2,0,True,,False,0.19999999999999973,0.0,-0.019642857142857156,-0.25,-0.06964285714285712,3.0531133177191805e-16,5.569642857142857,5.5,21,-4,0,0,0,0,-1,2,-9,-8,False,16,0.0,1,False,best_rejected_stop,marginal_utility_negative,14,8-8-8-8-6-6,149,16,"{""EF1"": 1, ""EF2"": 6, ""EF3"": 4, ""EF4"": 5, ""EF5"": 7, ""SL5"": 4, ""SL6"": 3, ""Seuil3"": 5, ""Seuil4"": 4}",delta_fatigue_term,0.18035714285714258,0.3910714285714283,0.4607142857142854
90,14,5,weighted_greedy,8-8-8-8-6-6,8,-8,28,19,9,EF2,EF,2,2,8,2,0,True,,False,0.2142857142857144,0.0,-0.017187499999999994,-0.25,-0.05290178571428594,-3.608224830031759e-16,5.684151785714286,5.63125,21,-4,0,0,0,0,-1,2,-9,-8,False,16,0.0,1,False,best_rejected_stop,marginal_utility_negative,14,8-8-8-8-6-6,168,18,"{""EF1"": 1, ""EF2"": 6, ""EF3"": 5, ""EF4"": 5, ""EF5"": 8, ""SL5"": 4, ""SL6"": 3, ""SL7"": 1, ""Seuil3"": 5, ""Seuil4"": 5}",delta_fatigue_term,0.19709821428571442,0.42075892857142794,0.4736607142857139
90,15,6,weighted_greedy,8-8-8-8-6-6,8,-8,22,21,1,EF1,EF,1,1,7,1,0,True,,False,0.13636363636363624,0.0,-0.019047619047619035,-0.25,-0.1326839826839823,4.996003610813204e-16,6.263636363636364,6.130952380952381,22,-3,0,0,0,0,0,1,-8,-8,False,16,0.0,1,False,best_rejected_stop,marginal_utility_negative,15,8-8-8-8-6-6,187,20,"{""EF1"": 1, ""EF2"": 6, ""EF3"": 6, ""EF4"": 5, ""EF5"": 9, ""SL5"": 4, ""SL6"": 3, ""SL7"": 2, ""Seuil3"": 5, ""Seuil4"": 6}",delta_fatigue_term,0.11731601731601721,0.003084415584416078,0.13576839826839837
90,16,5,weighted_greedy,8-8-8-8-6-6,8,-8,25,19,6,EF4,EF,4,4,8,4,0,True,,False,0.48,0.0,-0.004687500000000011,-0.5,-0.02468750000000064,-6.106226635438361e-16,5.9284375,5.9037500000000005,23,-2,0,0,0,0,0,3,-8,-8,False,16,0.0,1,False,best_rejected_stop,marginal_utility_negative,15,8-8-8-8-6-6,208,22,"{""EF1"": 1, ""EF2"": 7, ""EF3"": 7, ""EF4"": 5, ""EF5"": 10, ""SL5"": 4, ""SL6"": 3, ""SL7"": 3, ""Seuil3"": 5, ""Seuil4"": 7}",delta_fatigue_term,0.23765624999999999,0.4721875000000004,0.49687500000000107
91,1,3,weighted_greedy,6-6-6-6,6,0,17,4,13,EF1,EF,1,1,6,1,0,True,,False,0.17647058823529416,0.0,-0.013888888888888881,-0.75,-0.5874183006535949,-2.220446049250313e-16,2.7892156862745097,2.201797385620915,5,-9,0,0,0,0,-4,0,-4,-4,False,10,0.0,1,False,best_rejected_stop,marginal_utility_negative,2,6-6-6-6,0,0,{},delta_fatigue_term,0.05419389978213509,0.3529411764705883,0.9403594771241832
91,2,6,weighted_greedy,6-6-6-6,6,-4,14,12,2,EF1,EF,1,1,6,1,0,True,,False,0.2142857142857144,0.0,-0.009722222222222215,-0.25,-0.04543650793650755,2.498001805406602e-16,5.671428571428571,5.625992063492063,13,-1,0,0,0,0,0,0,-4,-4,False,10,0.0,1,False,best_rejected_stop,marginal_utility_negative,6,6-6-6-6,4,0,"{""EF2"": 2}",delta_fatigue_term,0.2045634920634922,0.19970238095238013,0.24513888888888768
91,5,4,weighted_greedy,8-6-6-6,8,-5,14,13,1,EF1,EF,1,1,8,1,0,True,,False,0.2142857142857144,0.0,-0.026041666666666657,-0.25,-0.06175595238095255,-3.0531133177191805e-16,4.4211309523809526,4.359375,14,-1,0,0,0,0,0,0,-5,-5,False,13,0.0,1,False,best_rejected_stop,marginal_utility_negative,10,8-6-6-6,38,4,"{""EF1"": 1, ""EF2"": 5, ""EF3"": 3, ""EF4"": 1, ""Seuil3"": 2, ""Seuil4"": 2}",delta_fatigue_term,0.18824404761904776,0.3519345238095237,0.4136904761904763
91,6,3,weighted_greedy,8-6-6-6-6,8,-5,18,10,8,EF5,EF,5,5,6,5,0,True,,False,0.8333333333333333,0.0,0.0,-1.0,-0.16666666666666696,-2.220446049250313e-16,4.625,4.458333333333333,15,-4,0,0,0,0,-1,3,-6,-6,False,14,0.0,1,False,best_rejected_stop,marginal_utility_negative,12,8-6-6-6-6,51,5,"{""EF1"": 1, ""EF2"": 5, ""EF3"": 3, ""EF4"": 3, ""Seuil3"": 2, ""Seuil4"": 2, ""Seuil5"": 1}",delta_fatigue_term,0.20833333333333331,,
91,7,3,weighted_greedy,8-6-6-6-6,8,-8,17,10,7,EF5,EF,5,5,5,5,0,True,,False,0.8823529411764706,0.0,0.0,-1.0,-0.11764705882352988,-4.440892098500626e-16,4.764705882352941,4.647058823529411,15,-4,0,0,0,0,-1,3,-9,-8,False,16,0.0,1,False,best_rejected_stop,marginal_utility_negative,12,8-6-6-6-6,61,6,"{""EF1"": 1, ""EF2"": 5, ""EF3"": 3, ""EF4"": 3, ""EF5"": 1, ""SL5"": 1, ""Seuil3"": 2, ""Seuil4"": 2, ""Seuil5"": 1}",delta_fatigue_term,0.22058823529411764,,
91,8,3,weighted_greedy,8-6-6-6-6,8,-8,24,11,13,EF4,EF,4,4,7,4,0,True,,False,0.5,0.0,-0.01785714285714285,-0.5,-0.017857142857143238,-3.885780586188048e-16,3.8214285714285716,3.8035714285714284,15,-4,0,0,0,0,-1,3,-9,-8,False,16,0.0,1,False,best_rejected_stop,marginal_utility_negative,13,8-6-6-6-6,71,7,"{""EF1"": 1, ""EF2"": 5, ""EF3"": 3, ""EF4"": 3, ""EF5"": 2, ""SL5"": 2, ""Seuil3"": 2, ""Seuil4"": 2, ""Seuil5"": 1}",delta_fatigue_term,0.24107142857142858,,
91,9,3,weighted_greedy,8-8-6-6-6,8,-8,17,11,6,EF5,EF,5,5,7,5,0,True,,False,0.8823529411764701,0.0,-0.005952380952380959,-1.0,-0.12359943977591037,4.718447854656915e-16,4.887605042016807,4.764005602240896,16,-4,0,0,0,0,-1,3,-9,-8,False,16,0.0,1,False,best_rejected_stop,marginal_utility_negative,13,8-8-6-6-6,82,8,"{""EF1"": 1, ""EF2"": 5, ""EF3"": 3, ""EF4"": 3, ""EF5"": 3, ""SL5"": 2, ""SL6"": 1, ""Seuil3"": 2, ""Seuil4"": 2, ""Seuil5"": 1}",delta_fatigue_term,0.2191001400560223,,
91,10,3,weighted_greedy,8-8-6-6-6,8,-8,18,11,7,EF5,EF,5,5,6,5,0,True,,False,0.833333333333333,0.0,-0.0069444444444444475,-1.0,-0.1736111111111116,-1.942890293094024e-16,4.8125,4.638888888888888,16,-4,0,0,0,0,-1,3,-9,-8,False,16,0.0,1,False,best_rejected_stop,marginal_utility_negative,14,8-8-6-6-6,93,9,"{""EF1"": 1, ""EF2"": 5, ""EF3"": 3, ""EF4"": 3, ""EF5"": 4, ""SL5"": 2, ""SL6"": 2, ""Seuil3"": 2, ""Seuil4"": 2, ""Seuil5"": 1}",delta_fatigue_term,0.20659722222222215,,
91,11,6,weighted_greedy,8-8-6-6-6-6,8,-8,20,19,1,EF1,EF,1,1,7,1,0,True,,False,0.15000000000000036,0.0,-0.01666666666666665,-0.25,-0.11666666666666714,-8.465450562766819e-16,6.235714285714286,6.119047619047619,20,-3,0,0,0,0,0,1,-8,-8,False,16,0.0,1,False,best_rejected_stop,marginal_utility_negative,14,8-8-6-6-6-6,104,10,"{""EF1"": 1, ""EF2"": 5, ""EF3"": 3, ""EF4"": 3, ""EF5"": 5, ""SL5"": 2, ""SL6"": 3, ""Seuil3"": 2, ""Seuil4"": 2, ""Seuil5"": 1}",delta_fatigue_term,0.1333333333333337,0.03392857142857153,0.15059523809523867
91,12,5,weighted_greedy,8-8-8-6-6-6,8,-8,25,18,7,EF4,EF,4,4,7,4,0,True,,False,0.48,0.0,-0.0035714285714285587,-0.5,-0.02357142857142769,8.881784197001252e-16,5.820714285714286,5.797142857142857,22,-2,0,0,0,0,0,3,-8,-8,False,16,0.0,1,False,best_rejected_stop,marginal_utility_negative,14,8-8-8-6-6-6,123,12,"{""EF1"": 2, ""EF2"": 6, ""EF3"": 3, ""EF4"": 3, ""EF5"": 6, ""SL5"": 2, ""SL6"": 3, ""SL7"": 1, ""Seuil3"": 2, ""Seuil4"": 3, ""Seuil5"": 1}",delta_fatigue_term,0.2382142857142857,0.47404761904761905,0.49761904761904674
91,13,5,weighted_greedy,8-8-8-6-6-6,8,-8,24,18,6,EF4,EF,4,4,8,4,0,True,,False,0.5,0.0,-0.003124999999999989,-0.5,-0.0031249999999998224,1.6653345369377348e-16,5.890625,5.8875,22,-2,0,0,0,0,0,3,-8,-8,False,16,0.0,1,False,best_rejected_stop,marginal_utility_negative,15,8-8-8-6-6-6,141,14,"{""EF1"": 2, ""EF2"": 7, ""EF3"": 3, ""EF4"": 3, ""EF5"": 7, ""SL5"": 2, ""SL6"": 3, ""SL7"": 2, ""Seuil3"": 2, ""Seuil4"": 4, ""Seuil5"": 1}",delta_fatigue_term,0.2484375,0.4947916666666661,0.4979166666666659
91,14,5,weighted_greedy,8-8-8-8-6-6,8,-8,25,19,6,EF4,EF,4,4,8,4,0,True,,False,0.48,0.0,-0.004687500000000011,-0.5,-0.02468750000000064,-6.106226635438361e-16,5.9284375,5.9037500000000005,23,-2,0,0,0,0,0,3,-8,-8,False,16,0.0,1,False,best_rejected_stop,marginal_utility_negative,15,8-8-8-8-6-6,159,16,"{""EF1"": 3, ""EF2"": 7, ""EF3"": 3, ""EF4"": 3, ""EF5"": 8, ""SL5"": 2, ""SL6"": 3, ""SL7"": 2, ""SL8"": 1, ""Seuil3"": 2, ""Seuil4"": 5, ""Seuil5"": 1}",delta_fatigue_term,0.23765624999999999,0.4721875000000004,0.49687500000000107
91,15,5,weighted_greedy,8-8-8-8-6-6,8,-8,24,19,5,EF4,EF,4,4,7,4,0,True,,False,0.5,0.0,-0.005357142857142866,-0.5,-0.005357142857142172,6.938893903907228e-16,6.044642857142857,6.039285714285715,23,-2,0,0,0,0,0,3,-8,-8,False,16,0.0,1,False,best_rejected_stop,marginal_utility_negative,16,8-8-8-8-6-6,178,18,"{""EF1"": 3, ""EF2"": 8, ""EF3"": 3, ""EF4"": 3, ""EF5"": 9, ""SL5"": 2, ""SL6"": 3, ""SL7"": 2, ""SL8"": 2, ""Seuil3"": 2, ""Seuil4"": 6, ""Seuil5"": 1}",delta_fatigue_term,0.24732142857142858,0.49107142857142794,0.4964285714285701
92,1,3,weighted_greedy,6-6-6-6,6,0,14,4,10,EF1,EF,1,1,5,1,0,True,,False,0.2142857142857143,0.0,-0.016666666666666663,-0.75,-0.5523809523809526,-2.220446049250313e-16,2.9571428571428573,2.4047619047619047,5,-9,0,0,0,0,-4,0,-4,-4,False,10,0.0,1,False,best_rejected_stop,marginal_utility_negative,2,6-6-6-6,0,0,{},delta_fatigue_term,0.06587301587301587,0.4285714285714288,0.9809523809523815
92,3,5,weighted_greedy,6-6-6-6,6,-3,14,12,2,EF1,EF,1,1,6,1,0,True,,False,0.2142857142857144,0.0,-0.016666666666666663,-0.25,-0.052380952380952195,5.551115123125783e-17,5.696428571428571,5.644047619047619,13,-1,0,0,0,0,0,0,-3,-3,False,9,0.0,1,False,best_rejected_stop,marginal_utility_negative,8,6-6-6-6,19,3,"{""EF1"": 1, ""EF2"": 3, ""EF3"": 1, ""Seuil3"": 3}",delta_fatigue_term,0.19761904761904775,1.8710317460317456,1.9234126984126978
92,4,5,weighted_greedy,8-6-6-6,8,-3,15,14,1,EF1,EF,1,1,8,1,0,True,,False,0.20000000000000018,0.0,-0.015625,-0.25,-0.06562499999999982,0.0,5.659375,5.59375,15,0,0,0,0,0,0,0,-3,-3,False,11,0.0,1,False,best_rejected_stop,marginal_utility_negative,9,8-6-6-6,31,5,"{""EF1"": 1, ""EF2"": 4, ""EF3"": 2, ""Seuil3"": 4, ""Seuil4"": 1}",delta_fatigue_term,0.18437500000000018,1.5947916666666666,1.6604166666666664
92,5,4,weighted_greedy,8-6-6-6,8,-3,14,13,1,EF1,EF,1,1,6,1,0,True,,False,0.2142857142857144,0.0,-0.03472222222222221,-0.25,-0.07043650793650791,-1.1102230246251565e-16,4.466269841269841,4.395833333333333,14,-1,0,0,0,0,0,0,-3,-3,False,11,0.0,1,False,best_rejected_stop,marginal_utility_negative,11,8-6-6-6,45,7,"{""EF1"": 1, ""EF2"": 4, ""EF3"": 2, ""EF4"": 2, ""Seuil3"": 6, ""Seuil4"": 1}",delta_fatigue_term,0.1795634920634922,0.36507936507936467,0.4355158730158726
92,6,3,weighted_greedy,8-8-6-6-6,8,-3,16,10,6,EF1,EF,1,1,5,1,0,True,,False,0.1875,0.0,-0.06666666666666668,-0.75,-0.6291666666666664,2.220446049250313e-16,5.625,4.995833333333334,11,-9,0,0,0,0,-4,0,-7,-7,False,15,0.0,1,False,best_rejected_stop,marginal_utility_negative,11,8-8-6-6-6,58,8,"{""EF1"": 1, ""EF2"": 4, ""EF3"": 3, ""EF4"": 2, ""EF5"": 1, ""SL5"": 1, ""Seuil3"": 6, ""Seuil4"": 1}",delta_fatigue_term,0.04027777777777777,,
92,7,3,weighted_greedy,8-8-6-6-6,8,-7,22,11,11,EF5,EF,5,5,7,5,0,True,,False,0.6818181818181817,0.0,-0.005952380952380959,-1.0,-0.32413419913419883,4.440892098500626e-16,4.446428571428571,4.122294372294372,16,-4,0,0,0,0,-1,3,-8,-8,False,16,0.0,1,False,best_rejected_stop,marginal_utility_negative,12,8-8-6-6-6,68,9,"{""EF1"": 1, ""EF2"": 4, ""EF3"": 3, ""EF4"": 2, ""EF5"": 2, ""SL5"": 2, ""Seuil3"": 6, ""Seuil4"": 1}",delta_fatigue_term,0.16896645021645018,,
92,8,3,weighted_greedy,8-8-6-6-6,8,-8,17,11,6,EF5,EF,5,5,6,5,0,True,,False,0.8823529411764701,0.0,-0.0069444444444444475,-1.0,-0.12459150326797364,6.938893903907228e-16,4.9203431372549025,4.795751633986928,16,-4,0,0,0,0,-1,3,-9,-8,False,16,0.0,1,False,best_rejected_stop,marginal_utility_negative,12,8-8-6-6-6,79,10,"{""EF1"": 1, ""EF2"": 4, ""EF3"": 3, ""EF4"": 2, ""EF5"": 3, ""SL5"": 2, ""SL6"": 1, ""Seuil3"": 6, ""Seuil4"": 1}",delta_fatigue_term,0.21885212418300642,,
92,11,6,weighted_greedy,8-8-8-6-6-6,8,-8,21,20,1,EF1,EF,1,1,7,1,0,True,,False,0.14285714285714324,0.0,-0.01785714285714285,-0.25,-0.125,-3.885780586188048e-16,6.25,6.125,21,-3,0,0,0,0,0,1,-8,-8,False,16,0.0,1,False,best_rejected_stop,marginal_utility_negative,14,8-8-8-6-6-6,128,14,"{""EF1"": 1, ""EF2"": 6, ""EF3"": 3, ""EF4"": 4, ""EF5"": 6, ""SL5"": 3, ""SL6"": 2, ""SL7"": 1, ""Seuil3"": 6, ""Seuil4"": 2}",delta_fatigue_term,0.1250000000000004,0.017857142857143238,0.14285714285714324
92,12,5,weighted_greedy,8-8-8-8-6-6,8,-8,26,19,7,EF2,EF,2,2,7,2,0,True,,False,0.23076923076923128,0.0,-0.019642857142857156,-0.25,-0.03887362637362468,1.1934897514720433e-15,5.861950549450549,5.823076923076924,21,-4,0,0,0,0,-1,2,-9,-8,False,16,0.0,1,False,best_rejected_stop,marginal_utility_negative,15,8-8-8-8-6-6,148,16,"{""EF1"": 1, ""EF2"": 8, ""EF3"": 3, ""EF4"": 4, ""EF5"": 7, ""SL5"": 3, ""SL6"": 2, ""SL7"": 2, ""Seuil3"": 6, ""Seuil4"": 3}",delta_fatigue_term,0.21112637362637413,0.4526098901098896,0.4914835164835143
92,13,5,weighted_greedy,8-8-8-8-6-6,8,-8,25,19,6,EF4,EF,4,4,6,4,0,True,,False,0.48,0.0,-0.0062500000000000056,-0.5,-0.026250000000000995,-9.71445146547012e-16,5.977916666666667,5.951666666666667,23,-2,0,0,0,0,0,3,-8,-8,False,16,0.0,1,False,best_rejected_stop,marginal_utility_negative,15,8-8-8-8-6-6,167,18,"{""EF1"": 1, ""EF2"": 8, ""EF3"": 4, ""EF4"": 4, ""EF5"": 8, ""SL5"": 3, ""SL6"": 2, ""SL7"": 3, ""Seuil3"": 6, ""Seuil4"": 4}",delta_fatigue_term,0.236875,0.46958333333333435,0.49583333333333535
92,14,5,weighted_greedy,8-8-8-8-6-6,8,-8,24,19,5,EF4,EF,4,4,8,4,0,True,,False,0.5,0.0,-0.004687500000000011,-0.5,-0.004687500000000178,-1.6653345369377348e-16,6.0234375,6.01875,23,-2,0,0,0,0,0,3,-8,-8,False,16,0.0,1,False,best_rejected_stop,marginal_utility_negative,15,8-8-8-8-6-6,186,20,"{""EF1"": 1, ""EF2"": 8, ""EF3"": 4, ""EF4"": 5, ""EF5"": 9, ""SL5"": 3, ""SL6"": 3, ""SL7"": 3, ""Seuil3"": 6, ""Seuil4"": 5}",delta_fatigue_term,0.24765625,0.4921875,0.4968750000000002
92,15,5,weighted_greedy,8-8-8-8-6-6,8,-8,24,19,5,EF4,EF,4,4,8,4,0,True,,False,0.5,0.0,-0.004687500000000011,-0.5,-0.004687500000000178,-1.6653345369377348e-16,6.0234375,6.01875,23,-2,0,0,0,0,0,3,-8,-8,False,16,0.0,1,False,best_rejected_stop,marginal_utility_negative,15,8-8-8-8-6-6,205,22,"{""EF1"": 1, ""EF2"": 9, ""EF3"": 4, ""EF4"": 5, ""EF5"": 10, ""SL5"": 3, ""SL6"": 3, ""SL7"": 3, ""SL8"": 1, ""Seuil3"": 6, ""Seuil4"": 6}",delta_fatigue_term,0.24765625,0.4921875,0.4968750000000002
93,1,3,weighted_greedy,6-6-6-6,6,0,13,4,9,EF1,EF,1,1,6,1,0,True,,False,0.23076923076923084,0.0,-0.013888888888888881,-0.75,-0.533119658119658,0.0,3.0064102564102564,2.4732905982905984,5,-9,0,0,0,0,-4,0,-4,-4,False,10,0.0,1,False,best_rejected_stop,marginal_utility_negative,2,6-6-6-6,0,0,{},delta_fatigue_term,0.07229344729344732,0.4615384615384617,0.9946581196581197
93,4,5,weighted_greedy,6-6-6-6,6,-6,16,15,1,EF1,EF,1,1,6,1,0,True,,False,0.1875,0.0,-0.02291666666666667,-0.5,-0.33541666666666625,4.440892098500626e-16,5.21875,4.883333333333334,16,2,2,1,0,0,0,0,-4,-4,False,10,0.0,1,False,best_rejected_stop,marginal_utility_negative,9,6-6-6-6,22,2,"{""EF1"": 1, ""EF2"": 3, ""EF3"": 3, ""Seuil3"": 2}",delta_fatigue_term,0.08229166666666667,1.3020833333333335,1.6374999999999997
93,6,3,weighted_greedy,8-6-6-6-6,8,-4,18,10,8,EF5,EF,5,5,6,5,0,True,,False,0.8333333333333333,0.0,0.0,-1.0,-0.16666666666666696,-2.220446049250313e-16,4.625,4.458333333333333,15,-4,0,0,0,0,-1,3,-5,-5,False,13,0.0,1,False,best_rejected_stop,marginal_utility_negative,11,8-6-6-6-6,53,6,"{""EF1"": 1, ""EF2"": 3, ""EF3"": 4, ""EF4"": 2, ""EF5"": 1, ""SL5"": 1, ""Seuil3"": 4, ""Seuil4"": 1}",delta_fatigue_term,0.20833333333333331,,
93,8,3,weighted_greedy,8-8-6-6-6,8,-8,17,11,6,EF5,EF,5,5,6,5,0,True,,False,0.8823529411764701,0.0,-0.0069444444444444475,-1.0,-0.12459150326797364,6.938893903907228e-16,4.9203431372549025,4.795751633986928,16,-4,0,0,0,0,-1,3,-9,-8,False,16,0.0,1,False,best_rejected_stop,marginal_utility_negative,12,8-8-6-6-6,81,9,"{""EF1"": 1, ""EF2"": 3, ""EF3"": 4, ""EF4"": 3, ""EF5"": 3, ""SL5"": 2, ""SL6"": 1, ""Seuil3"": 5, ""Seuil4"": 1}",delta_fatigue_term,0.21885212418300642,,
93,11,6,weighted_greedy,8-8-8-6-6-6,8,-8,21,20,1,EF1,EF,1,1,7,1,0,True,,False,0.14285714285714324,0.0,-0.01785714285714285,-0.25,-0.125,-3.885780586188048e-16,6.25,6.125,21,-3,0,0,0,0,0,1,-8,-8,False,16,0.0,1,False,best_rejected_stop,marginal_utility_negative,14,8-8-8-6-6-6,115,12,"{""EF1"": 2, ""EF2"": 3, ""EF3"": 4, ""EF4"": 5, ""EF5"": 5, ""SL5"": 3, ""SL6"": 2, ""Seuil3"": 5, ""Seuil4"": 2}",delta_fatigue_term,0.1250000000000004,0.017857142857143238,0.14285714285714324
93,12,5,weighted_greedy,8-8-8-6-6-6,8,-8,25,18,7,EF4,EF,4,4,7,4,0,True,,False,0.48,0.0,-0.0035714285714285587,-0.5,-0.02357142857142769,8.881784197001252e-16,5.820714285714286,5.797142857142857,22,-2,0,0,0,0,0,3,-8,-8,False,16,0.0,1,False,best_rejected_stop,marginal_utility_negative,14,8-8-8-6-6-6,135,14,"{""EF1"": 2, ""EF2"": 5, ""EF3"": 4, ""EF4"": 5, ""EF5"": 6, ""SL5"": 3, ""SL6"": 2, ""SL7"": 1, ""Seuil3"": 5, ""Seuil4"": 3}",delta_fatigue_term,0.2382142857142857,0.47404761904761905,0.49761904761904674
93,15,5,weighted_greedy,8-8-8-8-6-6,8,-8,24,19,5,EF4,EF,4,4,8,4,0,True,,False,0.5,0.0,-0.004687500000000011,-0.5,-0.004687500000000178,-1.6653345369377348e-16,6.0234375,6.01875,23,-2,0,0,0,0,0,3,-8,-8,False,16,0.0,1,False,best_rejected_stop,marginal_utility_negative,15,8-8-8-8-6-6,189,19,"{""EF1"": 2, ""EF2"": 7, ""EF3"": 5, ""EF4"": 6, ""EF5"": 9, ""SL5"": 3, ""SL6"": 3, ""SL7"": 3, ""Seuil3"": 5, ""Seuil4"": 5}",delta_fatigue_term,0.24765625,0.4921875,0.4968750000000002
94,1,3,weighted_greedy,6-6-6-6,6,0,11,4,7,EF1,EF,1,1,5,1,0,True,,False,0.2727272727272727,0.0,-0.016666666666666663,-0.75,-0.4939393939393941,-1.6653345369377348e-16,3.190909090909091,2.696969696969697,5,-9,0,0,0,0,-4,0,-4,-4,False,10,0.0,1,False,best_rejected_stop,marginal_utility_negative,2,6-6-6-6,0,0,{},delta_fatigue_term,0.08535353535353535,0.5454545454545454,1.0393939393939395
94,2,6,weighted_greedy,6-6-6-6,6,-4,14,12,2,EF1,EF,1,1,6,1,0,True,,False,0.2142857142857144,0.0,-0.009722222222222215,-0.25,-0.04543650793650755,2.498001805406602e-16,5.671428571428571,5.625992063492063,13,-1,0,0,0,0,0,0,-4,-4,False,10,0.0,1,False,best_rejected_stop,marginal_utility_negative,6,6-6-6-6,4,0,"{""EF2"": 2}",delta_fatigue_term,0.2045634920634922,0.19970238095238013,0.24513888888888768
94,5,4,weighted_greedy,8-6-6-6,8,-4,14,13,1,EF1,EF,1,1,7,1,0,True,,False,0.2142857142857144,0.0,-0.02976190476190474,-0.25,-0.06547619047619069,-3.608224830031759e-16,4.440476190476191,4.375,14,-1,0,0,0,0,0,0,-4,-4,False,12,0.0,1,False,best_rejected_stop,marginal_utility_negative,12,8-6-6-6,40,4,"{""EF1"": 1, ""EF2"": 4, ""EF3"": 3, ""EF4"": 2, ""Seuil3"": 2, ""Seuil4"": 2}",delta_fatigue_term,0.18452380952380967,0.3690476190476195,0.4345238095238102
94,6,3,weighted_greedy,8-6-6-6-6,8,-4,17,10,7,EF5,EF,5,5,6,5,0,True,,False,0.8823529411764706,0.0,0.0,-1.0,-0.11764705882352988,-4.440892098500626e-16,4.723039215686274,4.605392156862745,15,-4,0,0,0,0,-1,3,-5,-5,False,13,0.0,1,False,best_rejected_stop,marginal_utility_negative,12,8-6-6-6-6,53,5,"{""EF1"": 1, ""EF2"": 4, ""EF3"": 4, ""EF4"": 2, ""EF5"": 1, ""SL5"": 1, ""Seuil3"": 2, ""Seuil4"": 2}",delta_fatigue_term,0.22058823529411764,,
94,7,4,weighted_greedy,8-6-6-6-6,8,-8,16,15,1,EF1,EF,1,1,7,1,0,True,,False,0.1875,0.0,-0.035714285714285726,-0.25,-0.09821428571428559,1.3877787807814457e-16,4.741071428571429,4.642857142857143,16,-3,0,0,0,0,0,1,-8,-8,False,16,0.0,1,False,best_rejected_stop,marginal_utility_negative,13,8-6-6-6-6,63,6,"{""EF1"": 1, ""EF2"": 4, ""EF3"": 4, ""EF4"": 2, ""EF5"": 2, ""SL5"": 2, ""Seuil3"": 2, ""Seuil4"": 2}",delta_fatigue_term,0.15178571428571427,0.23214285714285765,0.33035714285714324
94,8,4,weighted_greedy,8-6-6-6-6,8,-8,16,15,1,EF1,EF,1,1,6,1,0,True,,False,0.1875,0.0,-0.041666666666666685,-0.25,-0.10416666666666607,6.106226635438361e-16,4.770833333333333,4.666666666666667,16,-3,0,0,0,0,0,1,-8,-8,False,16,0.0,1,False,best_rejected_stop,marginal_utility_negative,13,8-6-6-6-6,78,7,"{""EF1"": 1, ""EF2"": 4, ""EF3"": 4, ""EF4"": 3, ""EF5"": 3, ""SL5"": 2, ""SL6"": 1, ""Seuil3"": 2, ""Seuil4"": 2}",delta_fatigue_term,0.14583333333333331,0.22916666666666696,0.33333333333333304
94,9,3,weighted_greedy,8-8-6-6-6,8,-8,21,11,10,EF5,EF,5,5,6,5,0,True,,False,0.714285714285714,0.0,-0.0069444444444444475,-1.0,-0.29265873015873023,2.220446049250313e-16,4.550595238095238,4.257936507936508,16,-4,0,0,0,0,-1,3,-9,-8,False,16,0.0,1,False,best_rejected_stop,marginal_utility_negative,14,8-8-6-6-6,93,8,"{""EF1"": 1, ""EF2"": 4, ""EF3"": 4, ""EF4"": 4, ""EF5"": 4, ""SL5"": 2, ""SL6"": 2, ""Seuil3"": 2, ""Seuil4"": 2}",delta_fatigue_term,0.1768353174603174,,
94,11,5,weighted_greedy,8-8-6-6-6-6,8,-8,18,17,1,EF1,EF,1,1,8,1,0,True,,False,0.16666666666666696,0.0,-0.020312499999999997,-0.25,-0.10364583333333321,-1.8041124150158794e-16,6.466145833333333,6.3625,18,-5,0,0,0,0,-2,1,-10,-8,False,16,0.0,1,False,best_rejected_stop,marginal_utility_negative,14,8-8-6-6-6-6,117,10,"{""EF1"": 1, ""EF2"": 5, ""EF3"": 4, ""EF4"": 4, ""EF5"": 6, ""SL5"": 2, ""SL6"": 4, ""Seuil3"": 2, ""Seuil4"": 2}",delta_fatigue_term,0.14635416666666695,0.6640625,0.7677083333333332
94,12,5,weighted_greedy,8-8-8-6-6-6,8,-8,25,18,7,EF4,EF,4,4,8,4,0,True,,False,0.48,0.0,-0.003124999999999989,-0.5,-0.023124999999999396,6.106226635438361e-16,5.800625,5.7775,22,-2,0,0,0,0,0,3,-8,-8,False,16,0.0,1,False,best_rejected_stop,marginal_utility_negative,14,8-8-8-6-6-6,134,12,"{""EF1"": 2, ""EF2"": 5, ""EF3"": 4, ""EF4"": 4, ""EF5"": 7, ""SL5"": 2, ""SL6"": 4, ""SL7"": 1, ""Seuil3"": 2, ""Seuil4"": 3}",delta_fatigue_term,0.2384375,0.4747916666666665,0.4979166666666659
94,14,6,weighted_greedy,8-8-8-6-6-6,8,-8,21,20,1,EF1,EF,1,1,5,1,0,True,,False,0.14285714285714324,0.0,-0.025000000000000022,-0.25,-0.13214285714285712,-3.3306690738754696e-16,6.307142857142857,6.175,21,-3,0,0,0,0,0,1,-8,-8,False,16,0.0,1,False,best_rejected_stop,marginal_utility_negative,15,8-8-8-6-6-6,166,15,"{""EF1"": 2, ""EF2"": 6, ""EF3"": 4, ""EF4"": 5, ""EF5"": 9, ""SL5"": 3, ""SL6"": 4, ""SL7"": 2, ""Seuil3"": 2, ""Seuil4"": 4}",delta_fatigue_term,0.11785714285714322,0.01071428571428612,0.14285714285714324
94,15,5,weighted_greedy,8-8-8-8-6-6,8,-8,25,19,6,EF4,EF,4,4,8,4,0,True,,False,0.48,0.0,-0.004687500000000011,-0.5,-0.02468750000000064,-6.106226635438361e-16,5.9284375,5.9037500000000005,23,-2,0,0,0,0,0,3,-8,-8,False,16,0.0,1,False,best_rejected_stop,marginal_utility_negative,15,8-8-8-8-6-6,186,17,"{""EF1"": 2, ""EF2"": 7, ""EF3"": 4, ""EF4"": 6, ""EF5"": 10, ""SL5"": 4, ""SL6"": 4, ""SL7"": 2, ""Seuil3"": 2, ""Seuil4"": 5}",delta_fatigue_term,0.23765624999999999,0.4721875000000004,0.49687500000000107
95,1,3,weighted_greedy,6-6-6-6,6,0,16,4,12,EF1,EF,1,1,6,1,0,True,,False,0.1875,0.0,-0.013888888888888881,-0.75,-0.5763888888888888,0.0,2.8333333333333335,2.2569444444444446,5,-9,0,0,0,0,-4,0,-4,-4,False,10,0.0,1,False,best_rejected_stop,marginal_utility_negative,2,6-6-6-6,0,0,{},delta_fatigue_term,0.05787037037037037,0.375,0.9513888888888888
95,4,4,weighted_greedy,6-6-6-6,6,-4,14,12,2,EF1,EF,1,1,6,1,0,True,,False,0.2142857142857144,0.0,-0.03125,-0.25,-0.06696428571428559,0.0,4.238095238095238,4.1711309523809526,13,-1,0,0,0,0,0,0,-4,-4,False,10,0.0,1,False,best_rejected_stop,marginal_utility_negative,9,6-6-6-6,28,3,"{""EF2"": 3, ""EF3"": 3, ""EF4"": 1, ""Seuil3"": 3}",delta_fatigue_term,0.1830357142857144,0.3571428571428572,0.4241071428571428
95,6,3,weighted_greedy,8-6-6-6-6,8,-3,19,10,9,EF5,EF,5,5,7,5,0,True,,False,0.7894736842105261,0.0,0.0,-1.0,-0.21052631578947345,4.440892098500626e-16,4.507518796992481,4.296992481203008,15,-4,0,0,0,0,-1,3,-4,-4,False,12,0.0,1,False,best_rejected_stop,marginal_utility_negative,11,8-6-6-6-6,56,6,"{""EF2"": 3, ""EF3"": 4, ""EF4"": 3, ""EF5"": 1, ""SL5"": 1, ""Seuil3"": 4, ""Seuil4"": 1}",delta_fatigue_term,0.19736842105263153,,
95,7,4,weighted_greedy,8-6-6-6-6,8,-7,16,15,1,EF1,EF,1,1,6,1,0,True,,False,0.1875,0.0,-0.041666666666666685,-0.25,-0.10416666666666607,6.106226635438361e-16,4.770833333333333,4.666666666666667,16,-3,0,0,0,0,0,1,-7,-7,False,15,0.0,1,False,best_rejected_stop,marginal_utility_negative,12,8-6-6-6-6,66,7,"{""EF2"": 3, ""EF3"": 4, ""EF4"": 3, ""EF5"": 2, ""SL5"": 2, ""Seuil3"": 4, ""Seuil4"": 1}",delta_fatigue_term,0.14583333333333331,0.22916666666666696,0.33333333333333304
95,8,3,weighted_greedy,8-8-6-6-6,8,-8,20,11,9,EF5,EF,5,5,6,5,0,True,,False,0.7500000000000002,0.0,-0.0069444444444444475,-1.0,-0.25694444444444375,4.440892098500626e-16,4.629166666666666,4.372222222222223,16,-4,0,0,0,0,-1,3,-9,-8,False,16,0.0,1,False,best_rejected_stop,marginal_utility_negative,12,8-8-6-6-6,81,8,"{""EF2"": 3, ""EF3"": 4, ""EF4"": 4, ""EF5"": 3, ""SL5"": 2, ""SL6"": 1, ""Seuil3"": 4, ""Seuil4"": 1}",delta_fatigue_term,0.18576388888888895,,
95,9,3,weighted_greedy,8-8-6-6-6,8,-8,15,11,4,EF3,EF,3,3,6,3,0,True,,False,0.6000000000000001,0.0,-0.03472222222222221,-0.75,-0.1847222222222218,3.3306690738754696e-16,5.179166666666666,4.9944444444444445,14,-6,0,0,0,0,-3,1,-11,-8,False,16,0.0,1,False,best_rejected_stop,marginal_utility_negative,13,8-8-6-6-6,92,9,"{""EF2"": 3, ""EF3"": 4, ""EF4"": 4, ""EF5"": 4, ""SL5"": 2, ""SL6"": 2, ""Seuil3"": 4, ""Seuil4"": 1}",delta_fatigue_term,0.18842592592592597,,
95,10,6,weighted_greedy,8-8-6-6-6-6,8,-8,22,21,1,EF1,EF,1,1,8,1,0,True,,False,0.13636363636363624,0.0,-0.016666666666666677,-0.25,-0.13030303030302992,4.996003610813204e-16,5.994886363636364,5.864583333333333,22,-1,0,0,0,0,0,0,-8,-8,False,16,0.0,1,False,best_rejected_stop,marginal_utility_negative,13,8-8-6-6-6-6,103,10,"{""EF2"": 3, ""EF3"": 4, ""EF4"": 4, ""EF5"": 5, ""SL5"": 2, ""SL6"": 3, ""Seuil3"": 4, ""Seuil4"": 1}",delta_fatigue_term,0.11969696969696957,0.043892045454544615,0.17419507575757454
95,11,6,weighted_greedy,8-8-8-6-6-6,8,-8,23,22,1,EF1,EF,1,1,6,1,0,True,,False,0.13043478260869534,0.0,-0.02361111111111111,-0.25,-0.1431763285024159,-1.3877787807814457e-16,6.052898550724638,5.909722222222222,23,-1,0,0,0,0,0,0,-8,-8,False,16,0.0,1,False,best_rejected_stop,marginal_utility_negative,14,8-8-8-6-6-6,124,12,"{""EF1"": 1, ""EF2"": 3, ""EF3"": 4, ""EF4"": 5, ""EF5"": 6, ""SL5"": 2, ""SL6"": 3, ""SL7"": 1, ""Seuil3"": 4, ""Seuil4"": 2}",delta_fatigue_term,0.10682367149758423,0.01757246376811672,0.16074879227053263
95,13,5,weighted_greedy,8-8-8-8-6-6,8,-8,29,19,10,EF2,EF,2,2,8,2,0,True,,False,0.20689655172413812,0.0,-0.017187499999999994,-0.25,-0.060290948275862455,-5.828670879282072e-16,5.6139547413793105,5.553663793103448,21,-4,0,0,0,0,-1,2,-9,-8,False,16,0.0,1,False,best_rejected_stop,marginal_utility_negative,15,8-8-8-8-6-6,164,16,"{""EF1"": 1, ""EF2"": 4, ""EF3"": 5, ""EF4"": 6, ""EF5"": 8, ""SL5"": 2, ""SL6"": 4, ""SL7"": 2, ""Seuil3"": 4, ""Seuil4"": 4}",delta_fatigue_term,0.18970905172413813,0.4059806034482758,0.46627155172413826
95,14,5,weighted_greedy,8-8-8-8-6-6,8,-8,26,19,7,EF2,EF,2,2,8,2,0,True,,False,0.23076923076923128,0.0,-0.017187499999999994,-0.25,-0.03641826923076863,8.326672684688674e-17,5.840745192307692,5.804326923076923,21,-4,0,0,0,0,-1,2,-9,-8,False,16,0.0,1,False,best_rejected_stop,marginal_utility_negative,15,8-8-8-8-6-6,183,18,"{""EF1"": 1, ""EF2"": 5, ""EF3"": 5, ""EF4"": 6, ""EF5"": 9, ""SL5"": 2, ""SL6"": 4, ""SL7"": 2, ""SL8"": 1, ""Seuil3"": 4, ""Seuil4"": 5}",delta_fatigue_term,0.2135817307692313,0.4537259615384608,0.4901442307692294
95,15,5,weighted_greedy,8-8-8-8-6-6,8,-8,25,19,6,EF4,EF,4,4,8,4,0,True,,False,0.48,0.0,-0.004687500000000011,-0.5,-0.02468750000000064,-6.106226635438361e-16,5.9284375,5.9037500000000005,23,-2,0,0,0,0,0,3,-8,-8,False,16,0.0,1,False,best_rejected_stop,marginal_utility_negative,16,8-8-8-8-6-6,202,20,"{""EF1"": 1, ""EF2"": 6, ""EF3"": 5, ""EF4"": 6, ""EF5"": 10, ""SL5"": 2, ""SL6"": 4, ""SL7"": 2, ""SL8"": 2, ""Seuil3"": 4, ""Seuil4"": 6}",delta_fatigue_term,0.23765624999999999,0.4721875000000004,0.49687500000000107
96,1,3,weighted_greedy,6-6-6-6,6,0,12,4,8,EF1,EF,1,1,6,1,0,True,,False,0.25,0.0,-0.013888888888888881,-0.75,-0.5138888888888884,4.440892098500626e-16,3.0833333333333335,2.5694444444444446,5,-9,0,0,0,0,-4,0,-4,-4,False,10,0.0,1,False,best_rejected_stop,marginal_utility_negative,2,6-6-6-6,0,0,{},delta_fatigue_term,0.0787037037037037,0.49999999999999956,1.013888888888888
96,5,3,weighted_greedy,6-6-6-6,6,-6,11,10,1,EF1,EF,1,1,5,1,0,True,,False,0.27272727272727293,0.0,-0.06666666666666668,-0.25,-0.04393939393939306,6.938893903907228e-16,4.727272727272727,4.683333333333334,11,-3,0,0,0,0,0,1,-6,-6,False,12,0.0,1,False,best_rejected_stop,marginal_utility_negative,11,6-6-6-6,37,3,"{""EF1"": 1, ""EF2"": 3, ""EF3"": 2, ""EF4"": 2, ""EF5"": 1, ""SL5"": 1, ""Seuil3"": 2}",delta_fatigue_term,0.20606060606060625,,
96,6,5,weighted_greedy,8-6-6-6,8,-6,18,16,2,EF1,EF,1,1,8,1,0,True,,False,0.16666666666666652,0.0,-0.018750000000000003,-0.5,-0.35208333333333286,6.106226635438361e-16,5.041666666666666,4.689583333333333,17,2,2,1,0,0,0,0,-4,-4,False,12,0.0,1,False,best_rejected_stop,marginal_utility_negative,12,8-6-6-6,47,4,"{""EF1"": 1, ""EF2"": 3, ""EF3"": 2, ""EF4"": 2, ""EF5"": 2, ""SL5"": 2, ""Seuil3"": 2}",delta_fatigue_term,0.07395833333333326,1.239583333333333,1.591666666666666
96,7,4,weighted_greedy,8-6-6-6-6,8,-5,16,15,1,EF1,EF,1,1,8,1,0,True,,False,0.1875,0.0,-0.03125,-0.25,-0.09375,0.0,4.71875,4.625,16,-3,0,0,0,0,0,1,-5,-5,False,13,0.0,1,False,best_rejected_stop,marginal_utility_negative,12,8-6-6-6-6,63,6,"{""EF1"": 1, ""EF2"": 4, ""EF3"": 2, ""EF4"": 2, ""EF5"": 3, ""SL5"": 2, ""SL6"": 1, ""Seuil3"": 3}",delta_fatigue_term,0.15625,0.234375,0.328125
96,9,3,weighted_greedy,8-8-6-6-6,8,-8,15,11,4,EF3,EF,3,3,6,3,0,True,,False,0.6000000000000001,0.0,-0.03472222222222221,-0.75,-0.1847222222222218,3.3306690738754696e-16,5.179166666666666,4.9944444444444445,14,-6,0,0,0,0,-3,1,-11,-8,False,16,0.0,1,False,best_rejected_stop,marginal_utility_negative,13,8-8-6-6-6,91,8,"{""EF1"": 1, ""EF2"": 5, ""EF3"": 2, ""EF4"": 3, ""EF5"": 5, ""SL5"": 2, ""SL6"": 3, ""Seuil3"": 3}",delta_fatigue_term,0.18842592592592597,,
96,11,6,weighted_greedy,8-8-6-6-6-6,8,-8,23,21,2,EF1,EF,1,1,7,1,0,True,,False,0.13043478260869623,0.0,-0.019047619047619035,-0.25,-0.13861283643892275,5.551115123125783e-17,5.889130434782609,5.750517598343686,22,-1,0,0,0,0,0,0,-8,-8,False,16,0.0,1,False,best_rejected_stop,marginal_utility_negative,13,8-8-6-6-6-6,123,11,"{""EF1"": 1, ""EF2"": 6, ""EF3"": 2, ""EF4"": 4, ""EF5"": 7, ""SL5"": 2, ""SL6"": 5, ""Seuil3"": 3, ""Seuil4"": 1}",delta_fatigue_term,0.1113871635610772,0.019953416149068204,0.15856625258799095
96,12,5,weighted_greedy,8-8-8-6-6-6,8,-8,26,18,8,EF2,EF,2,2,7,2,0,True,,False,0.23076923076923128,0.0,-0.017857142857142877,-0.25,-0.037087912087910624,9.71445146547012e-16,5.737637362637362,5.700549450549451,20,-4,0,0,0,0,-1,2,-9,-8,False,16,0.0,1,False,best_rejected_stop,marginal_utility_negative,14,8-8-8-6-6-6,144,13,"{""EF1"": 2, ""EF2"": 6, ""EF3"": 2, ""EF4"": 5, ""EF5"": 8, ""SL5"": 2, ""SL6"": 5, ""SL7"": 1, ""Seuil3"": 3, ""Seuil4"": 2}",delta_fatigue_term,0.2129120879120884,0.4555860805860803,0.4926739926739909
96,13,5,weighted_greedy,8-8-8-6-6-6,8,-8,25,18,7,EF4,EF,4,4,8,4,0,True,,False,0.48,0.0,-0.003124999999999989,-0.5,-0.023124999999999396,6.106226635438361e-16,5.800625,5.7775,22,-2,0,0,0,0,0,3,-8,-8,False,16,0.0,1,False,best_rejected_stop,marginal_utility_negative,15,8-8-8-6-6-6,162,15,"{""EF1"": 2, ""EF2"": 7, ""EF3"": 2, ""EF4"": 5, ""EF5"": 9, ""SL5"": 2, ""SL6"": 5, ""SL7"": 2, ""Seuil3"": 3, ""Seuil4"": 3}",delta_fatigue_term,0.2384375,0.4747916666666665,0.4979166666666659
97,1,3,weighted_greedy,6-6-6-6,6,0,12,4,8,EF1,EF,1,1,5,1,0,True,,False,0.25,0.0,-0.016666666666666663,-0.75,-0.516666666666667,-4.440892098500626e-16,3.1,2.5833333333333335,5,-9,0,0,0,0,-4,0,-4,-4,False,10,0.0,1,False,best_rejected_stop,marginal_utility_negative,2,6-6-6-6,0,0,{},delta_fatigue_term,0.07777777777777778,0.5,1.016666666666667
97,4,4,weighted_greedy,6-6-6-6,6,-4,14,12,2,EF1,EF,1,1,6,1,0,True,,False,0.2142857142857144,0.0,-0.03125,-0.25,-0.06696428571428559,0.0,4.238095238095238,4.1711309523809526,13,-1,0,0,0,0,0,0,-4,-4,False,10,0.0,1,False,best_rejected_stop,marginal_utility_negative,11,6-6-6-6,28,3,"{""EF2"": 2, ""EF3"": 2, ""EF4"": 2, ""Seuil3"": 2, ""Seuil4"": 1}",delta_fatigue_term,0.1830357142857144,0.13690476190476186,0.20386904761904745
97,6,3,weighted_greedy,8-6-6-6-6,8,-5,16,10,6,EF5,EF,5,5,5,5,0,True,,False,0.9375,0.0,0.0,-1.0,-0.0625,0.0,4.875,4.8125,15,-4,0,0,0,0,-1,3,-6,-6,False,14,0.0,1,False,best_rejected_stop,marginal_utility_negative,11,8-6-6-6-6,51,5,"{""EF2"": 4, ""EF3"": 4, ""EF4"": 2, ""EF5"": 1, ""SL5"": 1, ""Seuil3"": 3, ""Seuil4"": 1}",delta_fatigue_term,0.234375,,
97,7,3,weighted_greedy,8-6-6-6-6,8,-8,16,10,6,EF5,EF,5,5,5,5,0,True,,False,0.9375,0.0,0.0,-1.0,-0.0625,0.0,4.875,4.8125,15,-4,0,0,0,0,-1,3,-9,-8,False,16,0.0,1,False,best_rejected_stop,marginal_utility_negative,12,8-6-6-6-6,61,6,"{""EF2"": 4, ""EF3"": 4, ""EF4"": 2, ""EF5"": 2, ""SL5"": 2, ""Seuil3"": 3, ""Seuil4"": 1}",delta_fatigue_term,0.234375,,
97,9,3,weighted_greedy,8-8-6-6-6,8,-8,17,11,6,EF5,EF,5,5,6,5,0,True,,False,0.8823529411764701,0.0,-0.0069444444444444475,-1.0,-0.12459150326797364,6.938893903907228e-16,4.9203431372549025,4.795751633986928,16,-4,0,0,0,0,-1,3,-9,-8,False,16,0.0,1,False,best_rejected_stop,marginal_utility_negative,12,8-8-6-6-6,86,8,"{""EF2"": 4, ""EF3"": 4, ""EF4"": 3, ""EF5"": 4, ""SL5"": 3, ""SL6"": 1, ""Seuil3"": 3, ""Seuil4"": 1}",delta_fatigue_term,0.21885212418300642,,
97,10,3,weighted_greedy,8-8-6-6-6,8,-8,14,10,4,EF1,EF,1,1,5,1,0,True,,False,0.2142857142857144,0.0,-0.06666666666666668,-0.75,-0.602380952380952,2.220446049250313e-16,5.892857142857142,5.29047619047619,11,-9,0,0,0,0,-4,0,-12,-8,False,16,0.0,1,False,best_rejected_stop,marginal_utility_negative,13,8-8-6-6-6,97,9,"{""EF2"": 4, ""EF3"": 4, ""EF4"": 3, ""EF5"": 5, ""SL5"": 3, ""SL6"": 2, ""Seuil3"": 3, ""Seuil4"": 1}",delta_fatigue_term,0.04920634920634925,,
97,11,6,weighted_greedy,8-8-6-6-6-6,8,-8,22,21,1,EF1,EF,1,1,6,1,0,True,,False,0.13636363636363624,0.0,-0.022222222222222254,-0.25,-0.13585858585858546,5.551115123125783e-16,6.038636363636364,5.902777777777778,22,-1,0,0,0,0,0,0,-8,-8,False,16,0.0,1,False,best_rejected_stop,marginal_utility_negative,13,8-8-6-6-6-6,107,10,"{""EF2"": 4, ""EF3"": 4, ""EF4"": 3, ""EF5"": 6, ""SL5"": 4, ""SL6"": 2, ""Seuil3"": 3, ""Seuil4"": 1}",delta_fatigue_term,0.11414141414141399,0.043371212121211755,0.1792297979797972
97,12,6,weighted_greedy,8-8-8-6-6-6,8,-8,21,20,1,EF1,EF,1,1,8,1,0,True,,False,0.14285714285714324,0.0,-0.015625,-0.25,-0.12276785714285676,0.0,6.232142857142857,6.109375,21,-3,0,0,0,0,0,1,-8,-8,False,16,0.0,1,False,best_rejected_stop,marginal_utility_negative,14,8-8-8-6-6-6,128,12,"{""EF2"": 5, ""EF3"": 4, ""EF4"": 4, ""EF5"": 7, ""SL5"": 4, ""SL6"": 3, ""Seuil3"": 3, ""Seuil4"": 2}",delta_fatigue_term,0.12723214285714324,0.020089285714285587,0.14285714285714235
97,14,5,weighted_greedy,8-8-8-8-6-6,8,-8,24,19,5,EF4,EF,4,4,8,4,0,True,,False,0.5,0.0,-0.004687500000000011,-0.5,-0.004687500000000178,-1.6653345369377348e-16,6.0234375,6.01875,23,-2,0,0,0,0,0,3,-8,-8,False,16,0.0,1,False,best_rejected_stop,marginal_utility_negative,15,8-8-8-8-6-6,170,16,"{""EF2"": 8, ""EF3"": 4, ""EF4"": 5, ""EF5"": 9, ""SL5"": 4, ""SL6"": 3, ""SL7"": 2, ""Seuil3"": 3, ""Seuil4"": 4}",delta_fatigue_term,0.24765625,0.4921875,0.4968750000000002
97,15,6,weighted_greedy,8-8-8-8-6-6,8,-8,22,21,1,EF1,EF,1,1,7,1,0,True,,False,0.13636363636363624,0.0,-0.019047619047619035,-0.25,-0.1326839826839823,4.996003610813204e-16,6.263636363636364,6.130952380952381,22,-3,0,0,0,0,0,1,-8,-8,False,16,0.0,1,False,best_rejected_stop,marginal_utility_negative,15,8-8-8-8-6-6,189,18,"{""EF2"": 9, ""EF3"": 4, ""EF4"": 5, ""EF5"": 10, ""SL5"": 4, ""SL6"": 3, ""SL7"": 2, ""SL8"": 1, ""Seuil3"": 3, ""Seuil4"": 5}",delta_fatigue_term,0.11731601731601721,0.003084415584416078,0.13576839826839837
97,16,6,weighted_greedy,8-8-8-8-6-6,8,-8,22,21,1,EF1,EF,1,1,8,1,0,True,,False,0.13636363636363624,0.0,-0.016666666666666677,-0.25,-0.13030303030302992,4.996003610813204e-16,6.244886363636364,6.114583333333333,22,-3,0,0,0,0,0,1,-8,-8,False,16,0.0,1,False,best_rejected_stop,marginal_utility_negative,15,8-8-8-8-6-6,210,20,"{""EF2"": 10, ""EF3"": 5, ""EF4"": 5, ""EF5"": 11, ""SL5"": 4, ""SL6"": 3, ""SL7"": 3, ""SL8"": 1, ""Seuil3"": 3, ""Seuil4"": 6}",delta_fatigue_term,0.11969696969696957,0.00553977272727213,0.13584280303030205
98,1,3,weighted_greedy,6-6-6-6,6,0,12,4,8,EF1,EF,1,1,5,1,0,True,,False,0.25,0.0,-0.016666666666666663,-0.75,-0.516666666666667,-4.440892098500626e-16,3.1,2.5833333333333335,5,-9,0,0,0,0,-4,0,-4,-4,False,10,0.0,1,False,best_rejected_stop,marginal_utility_negative,2,6-6-6-6,0,0,{},delta_fatigue_term,0.07777777777777778,0.5,1.016666666666667
98,2,7,weighted_greedy,6-6-6-6,6,-4,16,15,1,EF1,EF,1,1,6,1,0,True,,False,0.1875,0.0,-0.008928571428571438,-0.5,-0.32142857142857206,-6.106226635438361e-16,6.666666666666667,6.345238095238095,16,2,2,1,0,0,0,0,-2,-2,False,8,0.0,1,False,best_rejected_stop,marginal_utility_negative,6,6-6-6-6,4,0,"{""EF2"": 2}",delta_fatigue_term,0.08928571428571427,1.3166666666666673,1.6380952380952394
98,3,4,weighted_greedy,6-6-6-6,6,-3,11,10,1,EF1,EF,1,1,5,1,0,True,,False,0.27272727272727293,0.0,-0.029166666666666674,-0.25,-0.006439393939393412,3.3306690738754696e-16,4.643939393939394,4.6375,11,-3,0,0,0,0,0,1,-3,-3,False,9,0.0,1,False,best_rejected_stop,marginal_utility_negative,8,6-6-6-6,19,3,"{""EF1"": 1, ""EF2"": 3, ""EF3"": 1, ""Seuil3"": 3}",delta_fatigue_term,0.24356060606060626,0.5598484848484846,0.566287878787878
98,6,3,weighted_greedy,8-6-6-6-6,8,-4,19,10,9,EF5,EF,5,5,6,5,0,True,,False,0.7894736842105261,0.0,0.0,-1.0,-0.21052631578947434,-4.440892098500626e-16,4.537280701754386,4.326754385964912,15,-4,0,0,0,0,-1,3,-5,-5,False,13,0.0,1,False,best_rejected_stop,marginal_utility_negative,11,8-6-6-6-6,56,7,"{""EF1"": 1, ""EF2"": 3, ""EF3"": 4, ""EF4"": 2, ""EF5"": 1, ""SL5"": 1, ""Seuil3"": 5, ""Seuil4"": 1}",delta_fatigue_term,0.19736842105263153,,
98,7,3,weighted_greedy,8-8-6-6-6,8,-8,19,11,8,EF5,EF,5,5,8,5,0,True,,False,0.7894736842105261,0.0,-0.005208333333333343,-1.0,-0.2157346491228065,7.494005416219807e-16,4.6587171052631575,4.442982456140351,16,-4,0,0,0,0,-1,3,-9,-8,False,16,0.0,1,False,best_rejected_stop,marginal_utility_negative,12,8-8-6-6-6,66,8,"{""EF1"": 1, ""EF2"": 3, ""EF3"": 4, ""EF4"": 2, ""EF5"": 2, ""SL5"": 2, ""Seuil3"": 5, ""Seuil4"": 1}",delta_fatigue_term,0.19606633771929818,,
98,8,3,weighted_greedy,8-8-6-6-6,8,-8,20,11,9,EF5,EF,5,5,7,5,0,True,,False,0.7500000000000002,0.0,-0.005952380952380959,-1.0,-0.2559523809523805,2.220446049250313e-16,4.5964285714285715,4.340476190476191,16,-4,0,0,0,0,-1,3,-9,-8,False,16,0.0,1,False,best_rejected_stop,marginal_utility_negative,12,8-8-6-6-6,77,9,"{""EF1"": 1, ""EF2"": 3, ""EF3"": 4, ""EF4"": 2, ""EF5"": 3, ""SL5"": 2, ""SL6"": 1, ""Seuil3"": 5, ""Seuil4"": 1}",delta_fatigue_term,0.18601190476190482,,
98,9,3,weighted_greedy,8-8-6-6-6,8,-8,19,10,9,EF1,EF,1,1,5,1,0,True,,False,0.1578947368421053,0.0,-0.06666666666666668,-0.75,-0.658771929824562,-6.661338147750939e-16,5.328947368421053,4.670175438596491,11,-9,0,0,0,0,-4,0,-12,-8,False,16,0.0,1,False,best_rejected_stop,marginal_utility_negative,13,8-8-6-6-6,88,10,"{""EF1"": 1, ""EF2"": 3, ""EF3"": 4, ""EF4"": 2, ""EF5"": 4, ""SL5"": 2, ""SL6"": 2, ""Seuil3"": 5, ""Seuil4"": 1}",delta_fatigue_term,0.03040935672514621,,
98,10,5,weighted_greedy,8-8-6-6-6,8,-8,21,19,2,EF1,EF,1,1,7,1,0,True,,False,0.14285714285714235,0.0,-0.0267857142857143,-0.5,-0.3839285714285712,7.771561172376096e-16,5.633928571428571,5.25,20,1,1,1,0,0,0,0,-7,-7,False,15,0.0,1,False,best_rejected_stop,marginal_utility_negative,13,8-8-6-6-6,98,11,"{""EF1"": 1, ""EF2"": 3, ""EF3"": 4, ""EF4"": 2, ""EF5"": 5, ""SL5"": 3, ""SL6"": 2, ""Seuil3"": 5, ""Seuil4"": 1}",delta_fatigue_term,0.058035714285714024,1.407738095238095,1.791666666666666
98,11,6,weighted_greedy,8-8-8-6-6-6,8,-8,21,20,1,EF1,EF,1,1,7,1,0,True,,False,0.14285714285714324,0.0,-0.01785714285714285,-0.25,-0.125,-3.885780586188048e-16,6.25,6.125,21,-3,0,0,0,0,0,1,-8,-8,False,16,0.0,1,False,best_rejected_stop,marginal_utility_negative,13,8-8-8-6-6-6,117,13,"{""EF1"": 1, ""EF2"": 3, ""EF3"": 4, ""EF4"": 3, ""EF5"": 6, ""SL5"": 3, ""SL6"": 2, ""SL7"": 1, ""Seuil3"": 6, ""Seuil4"": 1}",delta_fatigue_term,0.1250000000000004,0.017857142857143238,0.14285714285714324
98,12,5,weighted_greedy,8-8-8-6-6-6,8,-8,26,18,8,EF2,EF,2,2,8,2,0,True,,False,0.23076923076923128,0.0,-0.015625,-0.25,-0.034855769230768274,4.440892098500626e-16,5.717548076923077,5.682692307692308,20,-4,0,0,0,0,-1,2,-9,-8,False,16,0.0,1,False,best_rejected_stop,marginal_utility_negative,15,8-8-8-6-6-6,137,15,"{""EF1"": 1, ""EF2"": 5, ""EF3"": 4, ""EF4"": 3, ""EF5"": 7, ""SL5"": 3, ""SL6"": 2, ""SL7"": 2, ""Seuil3"": 6, ""Seuil4"": 2}",delta_fatigue_term,0.21514423076923128,0.45633012820512775,0.491185897435896
98,15,5,weighted_greedy,8-8-8-8-6-6,8,-8,26,19,7,EF2,EF,2,2,8,2,0,True,,False,0.23076923076923128,0.0,-0.017187499999999994,-0.25,-0.03641826923076863,8.326672684688674e-17,5.840745192307692,5.804326923076923,21,-4,0,0,0,0,-1,2,-9,-8,False,16,0.0,1,False,best_rejected_stop,marginal_utility_negative,15,8-8-8-8-6-6,191,20,"{""EF1"": 2, ""EF2"": 6, ""EF3"": 4, ""EF4"": 4, ""EF5"": 11, ""SL5"": 4, ""SL6"": 3, ""SL7"": 2, ""SL8"": 1, ""Seuil3"": 6, ""Seuil4"": 4}",delta_fatigue_term,0.2135817307692313,0.4537259615384608,0.4901442307692294
98,16,5,weighted_greedy,8-8-8-8-6-6,8,-8,25,19,6,EF4,EF,4,4,7,4,0,True,,False,0.48,0.0,-0.005357142857142866,-0.5,-0.025357142857142634,2.498001805406602e-16,5.949642857142857,5.924285714285714,23,-2,0,0,0,0,0,3,-8,-8,False,16,0.0,1,False,best_rejected_stop,marginal_utility_negative,16,8-8-8-8-6-6,210,22,"{""EF1"": 2, ""EF2"": 7, ""EF3"": 4, ""EF4"": 4, ""EF5"": 12, ""SL5"": 4, ""SL6"": 3, ""SL7"": 2, ""SL8"": 2, ""Seuil3"": 6, ""Seuil4"": 5}",delta_fatigue_term,0.23732142857142857,0.47107142857142925,0.4964285714285719
99,1,3,weighted_greedy,6-6-6-6,6,0,13,4,9,EF1,EF,1,1,5,1,0,True,,False,0.23076923076923084,0.0,-0.016666666666666663,-0.75,-0.5358974358974358,0.0,3.023076923076923,2.4871794871794872,5,-9,0,0,0,0,-4,0,-4,-4,False,10,0.0,1,False,best_rejected_stop,marginal_utility_negative,2,6-6-6-6,0,0,{},delta_fatigue_term,0.07136752136752139,0.4615384615384617,0.9974358974358974
99,2,3,weighted_greedy,6-6-6-6,6,-4,7,4,3,EF1,EF,1,1,2,1,0,True,,False,0.4285714285714286,0.0,-0.04166666666666666,-0.75,-0.36309523809523814,-1.1102230246251565e-16,3.9642857142857144,3.6011904761904763,5,-9,0,0,0,0,-4,0,-8,-6,False,12,0.0,1,False,best_rejected_stop,marginal_utility_negative,6,6-6-6-6,4,0,"{""EF2"": 2}",delta_fatigue_term,0.12896825396825398,0.8571428571428572,1.2202380952380953
99,6,4,weighted_greedy,8-6-6-6,8,-5,14,13,1,EF1,EF,1,1,6,1,0,True,,False,0.2142857142857144,0.0,-0.03472222222222221,-0.25,-0.07043650793650791,-1.1102230246251565e-16,4.466269841269841,4.395833333333333,14,-1,0,0,0,0,0,0,-5,-5,False,13,0.0,1,False,best_rejected_stop,marginal_utility_negative,11,8-6-6-6,49,6,"{""EF1"": 1, ""EF2"": 6, ""EF3"": 3, ""EF4"": 2, ""Seuil3"": 5, ""Seuil4"": 1}",delta_fatigue_term,0.1795634920634922,0.36507936507936467,0.4355158730158726
99,7,3,weighted_greedy,8-6-6-6-6,8,-5,18,10,8,EF5,EF,5,5,6,5,0,True,,False,0.8333333333333333,0.0,0.0,-1.0,-0.16666666666666696,-2.220446049250313e-16,4.625,4.458333333333333,15,-4,0,0,0,0,-1,3,-6,-6,False,14,0.0,1,False,best_rejected_stop,marginal_utility_negative,11,8-6-6-6-6,62,7,"{""EF1"": 1, ""EF2"": 6, ""EF3"": 4, ""EF4"": 2, ""EF5"": 1, ""SL5"": 1, ""Seuil3"": 5, ""Seuil4"": 1}",delta_fatigue_term,0.20833333333333331,,
99,8,3,weighted_greedy,8-8-6-6-6,8,-8,19,11,8,EF5,EF,5,5,6,5,0,True,,False,0.7894736842105261,0.0,-0.0069444444444444475,-1.0,-0.2174707602339181,2.498001805406602e-16,4.7160087719298245,4.498538011695906,16,-4,0,0,0,0,-1,3,-9,-8,False,16,0.0,1,False,best_rejected_stop,marginal_utility_negative,12,8-8-6-6-6,72,8,"{""EF1"": 1, ""EF2"": 6, ""EF3"": 4, ""EF4"": 2, ""EF5"": 2, ""SL5"": 2, ""Seuil3"": 5, ""Seuil4"": 1}",delta_fatigue_term,0.19563230994152042,,
99,9,3,weighted_greedy,8-8-6-6-6,8,-8,17,11,6,EF5,EF,5,5,8,5,0,True,,False,0.8823529411764701,0.0,-0.005208333333333343,-1.0,-0.12285539215686292,3.0531133177191805e-16,4.8630514705882355,4.740196078431373,16,-4,0,0,0,0,-1,3,-9,-8,False,16,0.0,1,False,best_rejected_stop,marginal_utility_negative,12,8-8-6-6-6,83,9,"{""EF1"": 1, ""EF2"": 6, ""EF3"": 4, ""EF4"": 2, ""EF5"": 3, ""SL5"": 2, ""SL6"": 1, ""Seuil3"": 5, ""Seuil4"": 1}",delta_fatigue_term,0.2192861519607842,,
99,10,3,weighted_greedy,8-8-6-6-6,8,-8,14,10,4,EF1,EF,1,1,5,1,0,True,,False,0.2142857142857144,0.0,-0.06666666666666668,-0.75,-0.602380952380952,2.220446049250313e-16,5.892857142857142,5.29047619047619,11,-9,0,0,0,0,-4,0,-12,-8,False,16,0.0,1,False,best_rejected_stop,marginal_utility_negative,13,8-8-6-6-6,94,10,"{""EF1"": 1, ""EF2"": 6, ""EF3"": 4, ""EF4"": 2, ""EF5"": 4, ""SL5"": 2, ""SL6"": 2, ""Seuil3"": 5, ""Seuil4"": 1}",delta_fatigue_term,0.04920634920634925,,
99,11,6,weighted_greedy,8-8-6-6-6-6,8,-8,22,21,1,EF1,EF,1,1,8,1,0,True,,False,0.13636363636363624,0.0,-0.016666666666666677,-0.25,-0.13030303030302992,4.996003610813204e-16,5.994886363636364,5.864583333333333,22,-1,0,0,0,0,0,0,-8,-8,False,16,0.0,1,False,best_rejected_stop,marginal_utility_negative,13,8-8-6-6-6-6,104,11,"{""EF1"": 1, ""EF2"": 6, ""EF3"": 4, ""EF4"": 2, ""EF5"": 5, ""SL5"": 3, ""SL6"": 2, ""Seuil3"": 5, ""Seuil4"": 1}",delta_fatigue_term,0.11969696969696957,0.043892045454544615,0.17419507575757454
99,12,5,weighted_greedy,8-8-8-6-6-6,8,-8,26,18,8,EF2,EF,2,2,8,2,0,True,,False,0.23076923076923128,0.0,-0.015625,-0.25,-0.034855769230768274,4.440892098500626e-16,5.717548076923077,5.682692307692308,20,-4,0,0,0,0,-1,2,-9,-8,False,16,0.0,1,False,best_rejected_stop,marginal_utility_negative,14,8-8-8-6-6-6,125,13,"{""EF1"": 2, ""EF2"": 6, ""EF3"": 4, ""EF4"": 3, ""EF5"": 6, ""SL5"": 3, ""SL6"": 2, ""SL7"": 1, ""Seuil3"": 5, ""Seuil4"": 2}",delta_fatigue_term,0.21514423076923128,0.45633012820512775,0.491185897435896
99,15,5,weighted_greedy,8-8-8-8-6-6,8,-8,25,19,6,EF4,EF,4,4,7,4,0,True,,False,0.48,0.0,-0.005357142857142866,-0.5,-0.025357142857142634,2.498001805406602e-16,5.949642857142857,5.924285714285714,23,-2,0,0,0,0,0,3,-8,-8,False,16,0.0,1,False,best_rejected_stop,marginal_utility_negative,15,8-8-8-8-6-6,184,19,"{""EF1"": 3, ""EF2"": 7, ""EF3"": 5, ""EF4"": 4, ""EF5"": 9, ""SL5"": 3, ""SL6"": 2, ""SL7"": 3, ""SL8"": 1, ""Seuil3"": 5, ""Seuil4"": 5}",delta_fatigue_term,0.23732142857142857,0.47107142857142925,0.4964285714285719
99,16,5,weighted_greedy,8-8-8-8-6-6,8,-8,24,19,5,EF4,EF,4,4,8,4,0,True,,False,0.5,0.0,-0.004687500000000011,-0.5,-0.004687500000000178,-1.6653345369377348e-16,6.0234375,6.01875,23,-2,0,0,0,0,0,3,-8,-8,False,16,0.0,1,False,best_rejected_stop,marginal_utility_negative,15,8-8-8-8-6-6,203,21,"{""EF1"": 3, ""EF2"": 7, ""EF3"": 6, ""EF4"": 4, ""EF5"": 10, ""SL5"": 3, ""SL6"": 2, ""SL7"": 4, ""SL8"": 1, ""Seuil3"": 5, ""Seuil4"": 6}",delta_fatigue_term,0.24765625,0.4921875,0.4968750000000002
