seed,turn,greedy_step,phase,pool_active,best_die,fatigue_before,energy_budget,energy_used_before,energy_remaining_before,candidate,category,energy_cost,rpe,rpe_max,ctl_gain,quality_gain,legal,illegal_reason,excluded_only_by_rpe,delta_energy_term,delta_quality_term,delta_rpe_term,delta_fatigue_term,marginal_utility,decomposition_residual,utility_before,utility_after,projected_spend,projected_offset,projected_q,projected_q_delta,projected_s,projected_s_delta,projected_recovery,projected_recovery_delta,projected_fatigue_raw,projected_fatigue_final,projected_overtraining,distance_to_ot,bust_probability,rank,selected,decision,stop_reason,available_count,pool_permanent,cumulative_ctl_before,quality_total_before,completions_before,rpe_counterfactual_competitive,rpe_counterfactual_first,rpe_counterfactual_rank
0,10,2,long_run_sl,8-8-6-6-6,8,-8,13,5,8,SL7,SL,7,7,6,7,1,False,rpe_max,True,1.6153846153846152,1.5,0.04166666666666666,-1.25,1.907051282051282,0.0,3.3621794871794872,5.269230769230769,12,-8,0,0,1,1,-4,0,-11,-8,False,16,0.125,,False,not_highest_rpe_sl,,14,8-8-6-6-6,99,9,"{""EF1"": 1, ""EF2"": 8, ""EF3"": 3, ""EF4"": 3, ""EF5"": 4, ""SL5"": 2, ""SL6"": 2, ""Seuil3"": 2, ""Seuil4"": 2, ""Seuil5"": 1}",False,False,3
0,12,1,long_run_ef,8-8-8-6-6-6,8,-8,14,0,14,EF5,EF,5,5,4,5,0,False,rpe_max,True,1.0714285714285714,0.0,0.3125,0.0,1.3839285714285712,-2.220446049250313e-16,2.0,3.383928571428571,5,-19,0,0,1,1,-4,0,-11,-8,False,16,0.125,,False,not_highest_rpe_ef,,14,8-8-8-6-6-6,127,12,"{""EF1"": 2, ""EF2"": 8, ""EF3"": 3, ""EF4"": 3, ""EF5"": 6, ""SL5"": 2, ""SL6"": 3, ""SL7"": 1, ""Seuil3"": 2, ""Seuil4"": 3, ""Seuil5"": 1}",True,True,1
0,12,2,weighted_greedy,8-8-8-6-6-6,8,-8,14,4,10,EF5,EF,5,5,4,5,0,False,rpe_max,True,1.0714285714285716,0.0,0.03125,0.0,1.1026785714285716,0.0,3.107142857142857,4.209821428571429,9,-15,0,0,1,1,-4,0,-11,-8,False,16,0.125,,False,illegal,,14,8-8-8-6-6-6,127,12,"{""EF1"": 2, ""EF2"": 8, ""EF3"": 3, ""EF4"": 3, ""EF5"": 6, ""SL5"": 2, ""SL6"": 3, ""SL7"": 1, ""Seuil3"": 2, ""Seuil4"": 3, ""Seuil5"": 1}",False,False,10
0,12,2,weighted_greedy,8-8-8-6-6-6,8,-8,14,4,10,Seuil5,Seuil,5,5,4,5,1,False,rpe_max,True,1.0714285714285716,1.5,0.03125,0.0,2.6026785714285716,0.0,3.107142857142857,5.709821428571429,9,-15,0,0,1,1,-4,0,-11,-8,False,16,0.125,,False,illegal,,14,8-8-8-6-6-6,127,12,"{""EF1"": 2, ""EF2"": 8, ""EF3"": 3, ""EF4"": 3, ""EF5"": 6, ""SL5"": 2, ""SL6"": 3, ""SL7"": 1, ""Seuil3"": 2, ""Seuil4"": 3, ""Seuil5"": 1}",True,True,3
0,12,2,weighted_greedy,8-8-8-6-6-6,8,-8,14,4,10,SL5,SL,5,5,4,5,1,False,rpe_max,True,1.0714285714285716,1.5,0.03125,0.0,2.6026785714285716,0.0,3.107142857142857,5.709821428571429,9,-15,0,0,1,1,-4,0,-11,-8,False,16,0.125,,False,illegal,,14,8-8-8-6-6-6,127,12,"{""EF1"": 2, ""EF2"": 8, ""EF3"": 3, ""EF4"": 3, ""EF5"": 6, ""SL5"": 2, ""SL6"": 3, ""SL7"": 1, ""Seuil3"": 2, ""Seuil4"": 3, ""Seuil5"": 1}",True,True,4
0,12,2,weighted_greedy,8-8-8-6-6-6,8,-8,14,4,10,SL6,SL,6,6,4,6,1,False,rpe_max,True,1.2857142857142856,1.5,0.0625,0.0,2.848214285714285,-4.440892098500626e-16,3.107142857142857,5.955357142857142,10,-14,0,0,2,2,-4,0,-10,-8,False,16,0.25,,False,illegal,,14,8-8-8-6-6-6,127,12,"{""EF1"": 2, ""EF2"": 8, ""EF3"": 3, ""EF4"": 3, ""EF5"": 6, ""SL5"": 2, ""SL6"": 3, ""SL7"": 1, ""Seuil3"": 2, ""Seuil4"": 3, ""Seuil5"": 1}",True,True,2
0,12,2,weighted_greedy,8-8-8-6-6-6,8,-8,14,4,10,SL7,SL,7,7,4,7,1,False,rpe_max,True,1.5,1.5,0.09375,0.0,3.0937500000000004,4.440892098500626e-16,3.107142857142857,6.200892857142858,11,-13,0,0,3,3,-4,0,-9,-8,False,16,0.375,,False,illegal,,14,8-8-8-6-6-6,127,12,"{""EF1"": 2, ""EF2"": 8, ""EF3"": 3, ""EF4"": 3, ""EF5"": 6, ""SL5"": 2, ""SL6"": 3, ""SL7"": 1, ""Seuil3"": 2, ""Seuil4"": 3, ""Seuil5"": 1}",True,True,1
0,12,3,weighted_greedy,8-8-8-6-6-6,8,-8,14,8,6,EF5,EF,5,5,4,5,0,False,rpe_max,True,1.0714285714285714,0.0,0.020833333333333315,0.0,1.0922619047619042,-4.440892098500626e-16,5.464285714285714,6.556547619047619,13,-11,0,0,1,1,-4,0,-11,-8,False,16,0.125,,False,illegal,,14,8-8-8-6-6-6,127,12,"{""EF1"": 2, ""EF2"": 8, ""EF3"": 3, ""EF4"": 3, ""EF5"": 6, ""SL5"": 2, ""SL6"": 3, ""SL7"": 1, ""Seuil3"": 2, ""Seuil4"": 3, ""Seuil5"": 1}",True,True,1
0,14,2,long_run_sl,8-8-8-6-6-6,8,-8,23,5,18,SL7,SL,7,7,6,7,1,False,rpe_max,True,0.9130434782608694,1.5,0.04166666666666666,0.0,2.454710144927536,0.0,2.8605072463768115,5.315217391304348,12,-12,0,0,1,1,-4,0,-11,-8,False,16,0.125,,False,not_highest_rpe_sl,,15,8-8-8-6-6-6,163,15,"{""EF1"": 2, ""EF2"": 10, ""EF3"": 3, ""EF4"": 6, ""EF5"": 7, ""SL5"": 2, ""SL6"": 3, ""SL7"": 2, ""Seuil3"": 2, ""Seuil4"": 5, ""Seuil5"": 1}",True,True,2
0,14,2,long_run_sl,8-8-8-6-6-6,8,-8,23,5,18,SL8,SL,8,8,6,8,1,False,rpe_max,True,1.0434782608695652,1.5,0.06249999999999997,0.0,2.6059782608695654,4.440892098500626e-16,2.8605072463768115,5.466485507246377,13,-11,0,0,2,2,-4,0,-10,-8,False,16,0.25,,False,not_highest_rpe_sl,,15,8-8-8-6-6-6,163,15,"{""EF1"": 2, ""EF2"": 10, ""EF3"": 3, ""EF4"": 6, ""EF5"": 7, ""SL5"": 2, ""SL6"": 3, ""SL7"": 2, ""Seuil3"": 2, ""Seuil4"": 5, ""Seuil5"": 1}",True,True,1
0,16,2,long_run_sl,8-8-8-8-6-6,8,-8,24,5,19,SL8,SL,8,8,7,8,1,False,rpe_max,True,1.0,1.5,0.053571428571428575,0.0,2.553571428571429,4.440892098500626e-16,2.8035714285714284,5.357142857142857,13,-12,0,0,1,1,-4,0,-11,-8,False,16,0.125,,False,not_highest_rpe_sl,,15,8-8-8-8-6-6,204,19,"{""EF1"": 2, ""EF2"": 11, ""EF3"": 4, ""EF4"": 7, ""EF5"": 9, ""SL5"": 2, ""SL6"": 4, ""SL7"": 2, ""SL8"": 1, ""Seuil3"": 2, ""Seuil4"": 7, ""Seuil5"": 1}",True,True,1
1,4,1,long_run_ef,6-6-6-6,6,-4,13,0,13,EF5,EF,5,5,4,5,0,False,rpe_max,True,1.153846153846154,0.0,0.3125,-0.75,0.7163461538461542,2.220446049250313e-16,2.0,2.716346153846154,5,-9,0,0,1,1,-4,0,-7,-6,False,12,0.16666666666666666,,False,not_highest_rpe_ef,,11,6-6-6-6,28,3,"{""EF2"": 2, ""EF3"": 2, ""EF4"": 2, ""Seuil3"": 2, ""Seuil4"": 1}",False,False,3
1,4,2,weighted_greedy,6-6-6-6,6,-4,13,4,9,EF5,EF,5,5,4,5,0,False,rpe_max,True,1.1538461538461535,0.0,0.03125,-1.75,-0.5649038461538467,-2.220446049250313e-16,3.1730769230769234,2.6081730769230766,9,-5,0,0,1,1,-2,2,-5,-5,False,11,0.16666666666666666,,False,illegal,,11,6-6-6-6,28,3,"{""EF2"": 2, ""EF3"": 2, ""EF4"": 2, ""Seuil3"": 2, ""Seuil4"": 1}",False,False,7
1,4,2,weighted_greedy,6-6-6-6,6,-4,13,4,9,SL5,SL,5,5,4,5,1,False,rpe_max,True,1.1538461538461535,1.5,0.03125,-1.75,0.9350961538461533,-2.220446049250313e-16,3.1730769230769234,4.108173076923077,9,-5,0,0,1,1,-2,2,-5,-5,False,11,0.16666666666666666,,False,illegal,,11,6-6-6-6,28,3,"{""EF2"": 2, ""EF3"": 2, ""EF4"": 2, ""Seuil3"": 2, ""Seuil4"": 1}",True,True,1
1,4,3,weighted_greedy,6-6-6-6,6,-4,13,8,5,EF5,EF,5,5,4,5,0,False,rpe_max,True,1.1538461538461537,0.0,0.020833333333333315,-0.75,0.42467948717948634,-7.216449660063518e-16,4.096153846153847,4.520833333333333,13,-1,0,0,1,1,0,3,-3,-3,False,9,0.16666666666666666,,False,illegal,,11,6-6-6-6,28,3,"{""EF2"": 2, ""EF3"": 2, ""EF4"": 2, ""Seuil3"": 2, ""Seuil4"": 1}",True,True,1
1,10,2,long_run_sl,8-8-6-6-6-6,8,-8,22,5,17,SL7,SL,7,7,6,7,1,False,rpe_max,True,0.9545454545454545,1.5,0.04166666666666666,0.0,2.4962121212121215,4.440892098500626e-16,2.890151515151515,5.386363636363637,12,-11,0,0,1,1,-4,0,-11,-8,False,16,0.125,,False,not_highest_rpe_sl,,14,8-8-6-6-6-6,114,10,"{""EF2"": 3, ""EF3"": 3, ""EF4"": 7, ""EF5"": 5, ""SL5"": 2, ""SL6"": 2, ""SL7"": 1, ""Seuil3"": 3, ""Seuil4"": 2}",True,True,1
1,12,2,long_run_sl,8-8-8-6-6-6,8,-8,23,5,18,SL8,SL,8,8,7,8,1,False,rpe_max,True,1.0434782608695652,1.5,0.053571428571428575,0.0,2.597049689440994,0.0,2.830745341614907,5.427795031055901,13,-11,0,0,1,1,-4,0,-11,-8,False,16,0.125,,False,not_highest_rpe_sl,,15,8-8-8-6-6-6,153,14,"{""EF2"": 5, ""EF3"": 3, ""EF4"": 8, ""EF5"": 7, ""SL5"": 2, ""SL6"": 3, ""SL7"": 2, ""Seuil3"": 3, ""Seuil4"": 4}",True,True,1
1,15,2,long_run_sl,8-8-8-8-6-6,8,-8,21,5,16,SL7,SL,7,7,6,7,1,False,rpe_max,True,1.0,1.5,0.04166666666666666,0.0,2.541666666666667,4.440892098500626e-16,2.9226190476190474,5.464285714285714,12,-13,0,0,1,1,-4,0,-11,-8,False,16,0.125,,False,not_highest_rpe_sl,,16,8-8-8-8-6-6,213,20,"{""EF2"": 8, ""EF3"": 3, ""EF4"": 9, ""EF5"": 10, ""SL5"": 2, ""SL6"": 3, ""SL7"": 3, ""SL8"": 2, ""Seuil3"": 3, ""Seuil4"": 7}",True,True,3
1,15,2,long_run_sl,8-8-8-8-6-6,8,-8,21,5,16,SL8,SL,8,8,6,8,1,False,rpe_max,True,1.142857142857143,1.5,0.06249999999999997,0.0,2.7053571428571432,4.440892098500626e-16,2.9226190476190474,5.627976190476191,13,-12,0,0,2,2,-4,0,-10,-8,False,16,0.25,,False,not_highest_rpe_sl,,16,8-8-8-8-6-6,213,20,"{""EF2"": 8, ""EF3"": 3, ""EF4"": 9, ""EF5"": 10, ""SL5"": 2, ""SL6"": 3, ""SL7"": 3, ""SL8"": 2, ""Seuil3"": 3, ""Seuil4"": 7}",True,True,2
1,15,2,long_run_sl,8-8-8-8-6-6,8,-8,21,5,16,SL9,SL,9,9,6,9,1,False,rpe_max,True,1.2857142857142858,1.5,0.08333333333333334,0.0,2.8690476190476186,-4.440892098500626e-16,2.9226190476190474,5.791666666666667,14,-11,0,0,3,3,-4,0,-9,-8,False,16,0.375,,False,not_highest_rpe_sl,,16,8-8-8-8-6-6,213,20,"{""EF2"": 8, ""EF3"": 3, ""EF4"": 9, ""EF5"": 10, ""SL5"": 2, ""SL6"": 3, ""SL7"": 3, ""SL8"": 2, ""Seuil3"": 3, ""Seuil4"": 7}",True,True,1
1,16,2,long_run_sl,8-8-8-8-6-6,8,-8,23,5,18,SL8,SL,8,8,7,8,1,False,rpe_max,True,1.0434782608695652,1.5,0.053571428571428575,0.0,2.597049689440994,0.0,2.830745341614907,5.427795031055901,13,-12,0,0,1,1,-4,0,-11,-8,False,16,0.125,,False,not_highest_rpe_sl,,16,8-8-8-8-6-6,234,22,"{""EF2"": 9, ""EF3"": 3, ""EF4"": 10, ""EF5"": 11, ""SL5"": 2, ""SL6"": 4, ""SL7"": 3, ""SL8"": 2, ""Seuil3"": 3, ""Seuil4"": 8}",True,True,2
1,16,2,long_run_sl,8-8-8-8-6-6,8,-8,23,5,18,SL9,SL,9,9,7,9,1,False,rpe_max,True,1.173913043478261,1.5,0.07142857142857142,0.0,2.7453416149068324,0.0,2.830745341614907,5.576086956521739,14,-11,0,0,2,2,-4,0,-10,-8,False,16,0.25,,False,not_highest_rpe_sl,,16,8-8-8-8-6-6,234,22,"{""EF2"": 9, ""EF3"": 3, ""EF4"": 10, ""EF5"": 11, ""SL5"": 2, ""SL6"": 4, ""SL7"": 3, ""SL8"": 2, ""Seuil3"": 3, ""Seuil4"": 8}",True,True,1
2,9,2,long_run_sl,8-8-8-6-6,8,-8,17,5,12,SL7,SL,7,7,6,7,1,False,rpe_max,True,1.2352941176470589,1.5,0.04166666666666666,-0.75,2.026960784313725,-4.440892098500626e-16,3.090686274509804,5.117647058823529,12,-9,0,0,1,1,-4,0,-11,-8,False,16,0.125,,False,not_highest_rpe_sl,,13,8-8-8-6-6,94,12,"{""EF1"": 1, ""EF2"": 3, ""EF3"": 4, ""EF4"": 2, ""EF5"": 4, ""SL5"": 2, ""SL6"": 2, ""Seuil3"": 7, ""Seuil4"": 1}",False,False,3
2,14,2,long_run_sl,8-8-8-8-6-6,8,-8,25,5,20,SL9,SL,9,9,8,9,1,False,rpe_max,True,1.08,1.5,0.0625,0.0,2.6424999999999996,-4.440892098500626e-16,2.75625,5.39875,14,-11,0,0,1,1,-4,0,-11,-8,False,16,0.125,,False,not_highest_rpe_sl,,16,8-8-8-8-6-6,179,21,"{""EF1"": 1, ""EF2"": 7, ""EF3"": 4, ""EF4"": 2, ""EF5"": 9, ""SL5"": 2, ""SL6"": 3, ""SL7"": 2, ""SL8"": 2, ""Seuil3"": 7, ""Seuil4"": 5}",True,True,1
2,15,2,long_run_sl,8-8-8-8-6-6,8,-8,25,5,20,SL8,SL,8,8,7,8,1,False,rpe_max,True,0.96,1.5,0.053571428571428575,0.0,2.513571428571429,4.440892098500626e-16,2.7785714285714285,5.292142857142857,13,-12,0,0,1,1,-4,0,-11,-8,False,16,0.125,,False,not_highest_rpe_sl,,16,8-8-8-8-6-6,198,23,"{""EF1"": 1, ""EF2"": 8, ""EF3"": 4, ""EF4"": 2, ""EF5"": 10, ""SL5"": 2, ""SL6"": 3, ""SL7"": 2, ""SL8"": 3, ""Seuil3"": 7, ""Seuil4"": 6}",True,True,2
2,15,2,long_run_sl,8-8-8-8-6-6,8,-8,25,5,20,SL9,SL,9,9,7,9,1,False,rpe_max,True,1.08,1.5,0.07142857142857142,0.0,2.6514285714285712,-4.440892098500626e-16,2.7785714285714285,5.43,14,-11,0,0,2,2,-4,0,-10,-8,False,16,0.25,,False,not_highest_rpe_sl,,16,8-8-8-8-6-6,198,23,"{""EF1"": 1, ""EF2"": 8, ""EF3"": 4, ""EF4"": 2, ""EF5"": 10, ""SL5"": 2, ""SL6"": 3, ""SL7"": 2, ""SL8"": 3, ""Seuil3"": 7, ""Seuil4"": 6}",True,True,1
2,16,2,long_run_sl,8-8-8-8-6-6,8,-8,24,5,19,SL7,SL,7,7,6,7,1,False,rpe_max,True,0.875,1.5,0.04166666666666666,0.0,2.4166666666666665,0.0,2.8333333333333335,5.25,12,-13,0,0,1,1,-4,0,-11,-8,False,16,0.125,,False,not_highest_rpe_sl,,16,8-8-8-8-6-6,217,25,"{""EF1"": 1, ""EF2"": 8, ""EF3"": 5, ""EF4"": 2, ""EF5"": 11, ""SL5"": 2, ""SL6"": 3, ""SL7"": 3, ""SL8"": 3, ""Seuil3"": 7, ""Seuil4"": 7}",True,True,3
2,16,2,long_run_sl,8-8-8-8-6-6,8,-8,24,5,19,SL8,SL,8,8,6,8,1,False,rpe_max,True,1.0,1.5,0.06249999999999997,0.0,2.5625000000000004,4.440892098500626e-16,2.8333333333333335,5.395833333333333,13,-12,0,0,2,2,-4,0,-10,-8,False,16,0.25,,False,not_highest_rpe_sl,,16,8-8-8-8-6-6,217,25,"{""EF1"": 1, ""EF2"": 8, ""EF3"": 5, ""EF4"": 2, ""EF5"": 11, ""SL5"": 2, ""SL6"": 3, ""SL7"": 3, ""SL8"": 3, ""Seuil3"": 7, ""Seuil4"": 7}",True,True,2
2,16,2,long_run_sl,8-8-8-8-6-6,8,-8,24,5,19,SL9,SL,9,9,6,9,1,False,rpe_max,True,1.125,1.5,0.08333333333333334,0.0,2.7083333333333326,-8.881784197001252e-16,2.8333333333333335,5.541666666666667,14,-11,0,0,3,3,-4,0,-9,-8,False,16,0.375,,False,not_highest_rpe_sl,,16,8-8-8-8-6-6,217,25,"{""EF1"": 1, ""EF2"": 8, ""EF3"": 5, ""EF4"": 2, ""EF5"": 11, ""SL5"": 2, ""SL6"": 3, ""SL7"": 3, ""SL8"": 3, ""Seuil3"": 7, ""Seuil4"": 7}",True,True,1
3,11,2,long_run_sl,8-8-8-6-6-6,8,-8,23,5,18,SL8,SL,8,8,7,8,1,False,rpe_max,True,1.0434782608695652,1.5,0.053571428571428575,0.0,2.597049689440994,0.0,2.830745341614907,5.427795031055901,13,-11,0,0,1,1,-4,0,-11,-8,False,16,0.125,,False,not_highest_rpe_sl,,15,8-8-8-6-6-6,119,13,"{""EF1"": 2, ""EF2"": 4, ""EF3"": 4, ""EF4"": 2, ""EF5"": 6, ""SL5"": 2, ""SL6"": 2, ""SL7"": 2, ""Seuil3"": 5, ""Seuil4"": 2}",True,True,1
3,12,2,long_run_sl,8-8-8-6-6-6,8,-8,25,5,20,SL8,SL,8,8,7,8,1,False,rpe_max,True,0.96,1.5,0.053571428571428575,0.0,2.513571428571429,4.440892098500626e-16,2.7785714285714285,5.292142857142857,13,-11,0,0,1,1,-4,0,-11,-8,False,16,0.125,,False,not_highest_rpe_sl,,15,8-8-8-6-6-6,141,15,"{""EF1"": 2, ""EF2"": 5, ""EF3"": 4, ""EF4"": 3, ""EF5"": 7, ""SL5"": 2, ""SL6"": 2, ""SL7"": 3, ""Seuil3"": 5, ""Seuil4"": 3}",True,True,1
3,13,2,long_run_sl,8-8-8-8-6-6,8,-8,21,5,16,SL7,SL,7,7,6,7,1,False,rpe_max,True,1.0,1.5,0.04166666666666666,0.0,2.541666666666667,4.440892098500626e-16,2.9226190476190474,5.464285714285714,12,-13,0,0,1,1,-4,0,-11,-8,False,16,0.125,,False,not_highest_rpe_sl,,15,8-8-8-8-6-6,159,17,"{""EF1"": 2, ""EF2"": 6, ""EF3"": 4, ""EF4"": 3, ""EF5"": 8, ""SL5"": 2, ""SL6"": 2, ""SL7"": 4, ""Seuil3"": 5, ""Seuil4"": 4}",True,True,2
3,13,2,long_run_sl,8-8-8-8-6-6,8,-8,21,5,16,SL8,SL,8,8,6,8,1,False,rpe_max,True,1.142857142857143,1.5,0.06249999999999997,0.0,2.7053571428571432,4.440892098500626e-16,2.9226190476190474,5.627976190476191,13,-12,0,0,2,2,-4,0,-10,-8,False,16,0.25,,False,not_highest_rpe_sl,,15,8-8-8-8-6-6,159,17,"{""EF1"": 2, ""EF2"": 6, ""EF3"": 4, ""EF4"": 3, ""EF5"": 8, ""SL5"": 2, ""SL6"": 2, ""SL7"": 4, ""Seuil3"": 5, ""Seuil4"": 4}",True,True,1
3,15,2,long_run_sl,8-8-8-8-6-6,8,-8,20,5,15,SL8,SL,8,8,7,8,1,False,rpe_max,True,1.2000000000000002,1.5,0.053571428571428575,0.0,2.753571428571428,-4.440892098500626e-16,2.9285714285714284,5.682142857142857,13,-12,0,0,1,1,-4,0,-11,-8,False,16,0.125,,False,not_highest_rpe_sl,,15,8-8-8-8-6-6,199,21,"{""EF1"": 2, ""EF2"": 8, ""EF3"": 4, ""EF4"": 4, ""EF5"": 10, ""SL5"": 2, ""SL6"": 3, ""SL7"": 4, ""SL8"": 1, ""Seuil3"": 5, ""Seuil4"": 6}",True,True,1
3,16,2,long_run_sl,8-8-8-8-6-6,8,-8,26,5,21,SL8,SL,8,8,7,8,1,False,rpe_max,True,0.923076923076923,1.5,0.053571428571428575,0.0,2.476648351648352,4.440892098500626e-16,2.7554945054945055,5.232142857142857,13,-12,0,0,1,1,-4,0,-11,-8,False,16,0.125,,False,not_highest_rpe_sl,,15,8-8-8-8-6-6,218,23,"{""EF1"": 2, ""EF2"": 8, ""EF3"": 5, ""EF4"": 4, ""EF5"": 11, ""SL5"": 2, ""SL6"": 3, ""SL7"": 5, ""SL8"": 1, ""Seuil3"": 5, ""Seuil4"": 7}",True,True,1
4,10,2,long_run_sl,8-8-6-6-6-6,8,-8,22,5,17,SL6,SL,6,6,5,6,1,False,rpe_max,True,0.8181818181818182,1.5,0.025000000000000022,0.0,2.3431818181818187,4.440892098500626e-16,2.9318181818181817,5.275,11,-12,0,0,1,1,-4,0,-11,-8,False,16,0.125,,False,not_highest_rpe_sl,,13,8-8-6-6-6-6,111,11,"{""EF1"": 2, ""EF2"": 2, ""EF3"": 4, ""EF4"": 5, ""EF5"": 5, ""SL5"": 2, ""SL6"": 2, ""SL7"": 1, ""Seuil3"": 5, ""Seuil4"": 1}",True,True,2
4,10,2,long_run_sl,8-8-6-6-6-6,8,-8,22,5,17,SL7,SL,7,7,5,7,1,False,rpe_max,True,0.9545454545454545,1.5,0.04999999999999999,0.0,2.504545454545454,-4.440892098500626e-16,2.9318181818181817,5.4363636363636365,12,-11,0,0,2,2,-4,0,-10,-8,False,16,0.25,,False,not_highest_rpe_sl,,13,8-8-6-6-6-6,111,11,"{""EF1"": 2, ""EF2"": 2, ""EF3"": 4, ""EF4"": 5, ""EF5"": 5, ""SL5"": 2, ""SL6"": 2, ""SL7"": 1, ""Seuil3"": 5, ""Seuil4"": 1}",True,True,1
4,14,2,long_run_sl,8-8-8-8-6-6,8,-8,25,5,20,SL9,SL,9,9,8,9,1,False,rpe_max,True,1.08,1.5,0.0625,0.0,2.6424999999999996,-4.440892098500626e-16,2.75625,5.39875,14,-11,0,0,1,1,-4,0,-11,-8,False,16,0.125,,False,not_highest_rpe_sl,,16,8-8-8-8-6-6,191,19,"{""EF1"": 3, ""EF2"": 4, ""EF3"": 5, ""EF4"": 7, ""EF5"": 9, ""SL5"": 3, ""SL6"": 2, ""SL7"": 2, ""SL8"": 2, ""Seuil3"": 5, ""Seuil4"": 5}",True,True,1
4,15,2,long_run_sl,8-8-8-8-6-6,8,-8,23,5,18,SL9,SL,9,9,8,9,1,False,rpe_max,True,1.173913043478261,1.5,0.0625,0.0,2.7364130434782608,0.0,2.8084239130434785,5.544836956521739,14,-11,0,0,1,1,-4,0,-11,-8,False,16,0.125,,False,not_highest_rpe_sl,,16,8-8-8-8-6-6,210,21,"{""EF1"": 3, ""EF2"": 5, ""EF3"": 5, ""EF4"": 7, ""EF5"": 10, ""SL5"": 3, ""SL6"": 2, ""SL7"": 2, ""SL8"": 3, ""Seuil3"": 5, ""Seuil4"": 6}",True,True,1
4,16,2,long_run_sl,8-8-8-8-6-6,8,-8,24,5,19,SL8,SL,8,8,7,8,1,False,rpe_max,True,1.0,1.5,0.053571428571428575,0.0,2.553571428571429,4.440892098500626e-16,2.8035714285714284,5.357142857142857,13,-12,0,0,1,1,-4,0,-11,-8,False,16,0.125,,False,not_highest_rpe_sl,,16,8-8-8-8-6-6,233,23,"{""EF1"": 3, ""EF2"": 6, ""EF3"": 5, ""EF4"": 8, ""EF5"": 11, ""SL5"": 3, ""SL6"": 2, ""SL7"": 2, ""SL8"": 4, ""Seuil3"": 5, ""Seuil4"": 7}",True,True,2
4,16,2,long_run_sl,8-8-8-8-6-6,8,-8,24,5,19,SL9,SL,9,9,7,9,1,False,rpe_max,True,1.125,1.5,0.07142857142857142,0.0,2.696428571428571,-4.440892098500626e-16,2.8035714285714284,5.5,14,-11,0,0,2,2,-4,0,-10,-8,False,16,0.25,,False,not_highest_rpe_sl,,16,8-8-8-8-6-6,233,23,"{""EF1"": 3, ""EF2"": 6, ""EF3"": 5, ""EF4"": 8, ""EF5"": 11, ""SL5"": 3, ""SL6"": 2, ""SL7"": 2, ""SL8"": 4, ""Seuil3"": 5, ""Seuil4"": 7}",True,True,1
5,9,2,long_run_sl,8-8-6-6-6,8,-8,15,5,10,SL6,SL,6,6,5,6,1,False,rpe_max,True,1.1999999999999997,1.5,0.025000000000000022,-0.75,1.9749999999999996,0.0,3.25,5.225,11,-9,0,0,1,1,-4,0,-11,-8,False,16,0.125,,False,not_highest_rpe_sl,,13,8-8-6-6-6,86,9,"{""EF1"": 1, ""EF2"": 4, ""EF3"": 4, ""EF4"": 3, ""EF5"": 3, ""SL5"": 2, ""SL6"": 1, ""Seuil3"": 3, ""Seuil4"": 2, ""Seuil5"": 1}",False,False,2
5,11,2,long_run_sl,8-8-6-6-6-6,8,-8,22,5,17,SL7,SL,7,7,6,7,1,False,rpe_max,True,0.9545454545454545,1.5,0.04166666666666666,0.0,2.4962121212121215,4.440892098500626e-16,2.890151515151515,5.386363636363637,12,-11,0,0,1,1,-4,0,-11,-8,False,16,0.125,,False,not_highest_rpe_sl,,14,8-8-6-6-6-6,107,11,"{""EF1"": 1, ""EF2"": 4, ""EF3"": 4, ""EF4"": 3, ""EF5"": 5, ""SL5"": 3, ""SL6"": 2, ""Seuil3"": 3, ""Seuil4"": 2, ""Seuil5"": 1}",True,True,1
5,13,2,long_run_sl,8-8-8-6-6-6,8,-8,23,5,18,SL7,SL,7,7,6,7,1,False,rpe_max,True,0.9130434782608694,1.5,0.04166666666666666,0.0,2.454710144927536,0.0,2.8605072463768115,5.315217391304348,12,-12,0,0,1,1,-4,0,-11,-8,False,16,0.125,,False,not_highest_rpe_sl,,14,8-8-8-6-6-6,150,15,"{""EF1"": 1, ""EF2"": 6, ""EF3"": 4, ""EF4"": 5, ""EF5"": 7, ""SL5"": 3, ""SL6"": 3, ""SL7"": 1, ""Seuil3"": 3, ""Seuil4"": 4, ""Seuil5"": 1}",True,True,1
5,16,2,long_run_sl,8-8-8-8-6-6,8,-8,23,5,18,SL8,SL,8,8,7,8,1,False,rpe_max,True,1.0434782608695652,1.5,0.053571428571428575,0.0,2.597049689440994,0.0,2.830745341614907,5.427795031055901,13,-12,0,0,1,1,-4,0,-11,-8,False,16,0.125,,False,not_highest_rpe_sl,,15,8-8-8-8-6-6,210,21,"{""EF1"": 1, ""EF2"": 7, ""EF3"": 6, ""EF4"": 6, ""EF5"": 10, ""SL5"": 3, ""SL6"": 4, ""SL7"": 2, ""SL8"": 1, ""Seuil3"": 3, ""Seuil4"": 7, ""Seuil5"": 1}",True,True,1
6,9,2,long_run_sl,8-8-6-6-6-6,8,-8,20,5,15,SL7,SL,7,7,6,7,1,False,rpe_max,True,1.0499999999999998,1.5,0.04166666666666666,0.0,2.5916666666666663,0.0,2.9583333333333335,5.55,12,-11,0,0,1,1,-4,0,-11,-8,False,16,0.125,,False,not_highest_rpe_sl,,13,8-8-6-6-6-6,101,10,"{""EF2"": 3, ""EF3"": 3, ""EF4"": 4, ""EF5"": 5, ""SL5"": 2, ""SL6"": 2, ""SL7"": 1, ""Seuil3"": 4, ""Seuil4"": 1}",True,True,1
6,11,2,long_run_sl,8-8-8-6-6-6,8,-8,24,5,19,SL8,SL,8,8,7,8,1,False,rpe_max,True,1.0,1.5,0.053571428571428575,0.0,2.553571428571429,4.440892098500626e-16,2.8035714285714284,5.357142857142857,13,-11,0,0,1,1,-4,0,-11,-8,False,16,0.125,,False,not_highest_rpe_sl,,15,8-8-8-6-6-6,142,14,"{""EF2"": 6, ""EF3"": 3, ""EF4"": 5, ""EF5"": 7, ""SL5"": 2, ""SL6"": 3, ""SL7"": 2, ""Seuil3"": 4, ""Seuil4"": 3}",True,True,1
6,12,2,long_run_sl,8-8-8-8-6-6,8,-8,22,5,17,SL7,SL,7,7,6,7,1,False,rpe_max,True,0.9545454545454545,1.5,0.04166666666666666,0.0,2.4962121212121215,4.440892098500626e-16,2.890151515151515,5.386363636363637,12,-13,0,0,1,1,-4,0,-11,-8,False,16,0.125,,False,not_highest_rpe_sl,,15,8-8-8-8-6-6,160,16,"{""EF2"": 7, ""EF3"": 3, ""EF4"": 5, ""EF5"": 8, ""SL5"": 2, ""SL6"": 3, ""SL7"": 3, ""Seuil3"": 4, ""Seuil4"": 4}",True,True,2
6,12,2,long_run_sl,8-8-8-8-6-6,8,-8,22,5,17,SL8,SL,8,8,6,8,1,False,rpe_max,True,1.0909090909090913,1.5,0.06249999999999997,0.0,2.6534090909090913,0.0,2.890151515151515,5.543560606060606,13,-12,0,0,2,2,-4,0,-10,-8,False,16,0.25,,False,not_highest_rpe_sl,,15,8-8-8-8-6-6,160,16,"{""EF2"": 7, ""EF3"": 3, ""EF4"": 5, ""EF5"": 8, ""SL5"": 2, ""SL6"": 3, ""SL7"": 3, ""Seuil3"": 4, ""Seuil4"": 4}",True,True,1
6,14,2,long_run_sl,8-8-8-8-6-6,8,-8,15,5,10,SL7,SL,7,7,6,7,1,False,rpe_max,True,1.4000000000000004,1.5,0.04166666666666666,0.0,2.9416666666666673,4.440892098500626e-16,3.2083333333333335,6.15,12,-13,0,0,1,1,-4,0,-11,-8,False,16,0.125,,False,not_highest_rpe_sl,,15,8-8-8-8-6-6,198,20,"{""EF2"": 8, ""EF3"": 3, ""EF4"": 6, ""EF5"": 10, ""SL5"": 2, ""SL6"": 4, ""SL7"": 3, ""SL8"": 1, ""Seuil3"": 4, ""Seuil4"": 6}",True,True,2
6,14,2,long_run_sl,8-8-8-8-6-6,8,-8,15,5,10,SL8,SL,8,8,6,8,1,False,rpe_max,True,1.6,1.5,0.06249999999999997,0.0,3.1624999999999996,-4.440892098500626e-16,3.2083333333333335,6.370833333333334,13,-12,0,0,2,2,-4,0,-10,-8,False,16,0.25,,False,not_highest_rpe_sl,,15,8-8-8-8-6-6,198,20,"{""EF2"": 8, ""EF3"": 3, ""EF4"": 6, ""EF5"": 10, ""SL5"": 2, ""SL6"": 4, ""SL7"": 3, ""SL8"": 1, ""Seuil3"": 4, ""Seuil4"": 6}",True,True,1
6,15,2,long_run_sl,8-8-8-8-6-6,8,-8,29,5,24,SL8,SL,8,8,7,8,1,False,rpe_max,True,0.8275862068965517,1.5,0.053571428571428575,0.0,2.381157635467981,4.440892098500626e-16,2.6958128078817736,5.076970443349754,13,-12,0,0,1,1,-4,0,-11,-8,False,16,0.125,,False,not_highest_rpe_sl,,15,8-8-8-8-6-6,213,21,"{""EF2"": 8, ""EF3"": 3, ""EF4"": 7, ""EF5"": 11, ""SL5"": 2, ""SL6"": 5, ""SL7"": 3, ""SL8"": 1, ""Seuil3"": 4, ""Seuil4"": 6}",True,True,1
7,8,2,long_run_sl,8-8-6-6-6,8,-7,14,5,9,SL6,SL,6,6,5,6,1,False,rpe_max,True,1.2857142857142858,1.5,0.025000000000000022,-0.75,2.060714285714286,0.0,3.321428571428571,5.382142857142857,11,-9,0,0,1,1,-4,0,-10,-8,False,16,0.125,,False,not_highest_rpe_sl,,13,8-8-6-6-6,76,8,"{""EF1"": 2, ""EF2"": 5, ""EF3"": 3, ""EF4"": 2, ""EF5"": 3, ""SL5"": 2, ""Seuil3"": 3, ""Seuil4"": 2, ""Seuil5"": 1}",False,False,2
7,10,2,long_run_sl,8-8-6-6-6,8,-8,15,5,10,SL6,SL,6,6,5,6,1,False,rpe_max,True,1.1999999999999997,1.5,0.025000000000000022,-0.75,1.9749999999999996,0.0,3.25,5.225,11,-9,0,0,1,1,-4,0,-11,-8,False,16,0.125,,False,not_highest_rpe_sl,,13,8-8-6-6-6,97,10,"{""EF1"": 2, ""EF2"": 5, ""EF3"": 3, ""EF4"": 2, ""EF5"": 5, ""SL5"": 3, ""SL6"": 1, ""Seuil3"": 3, ""Seuil4"": 2, ""Seuil5"": 1}",False,False,2
7,14,2,long_run_sl,8-8-8-8-6-6,8,-8,23,5,18,SL7,SL,7,7,6,7,1,False,rpe_max,True,0.9130434782608694,1.5,0.04166666666666666,0.0,2.454710144927536,0.0,2.8605072463768115,5.315217391304348,12,-13,0,0,1,1,-4,0,-11,-8,False,16,0.125,,False,not_highest_rpe_sl,,15,8-8-8-8-6-6,164,17,"{""EF1"": 2, ""EF2"": 8, ""EF3"": 3, ""EF4"": 3, ""EF5"": 9, ""SL5"": 4, ""SL6"": 2, ""SL7"": 2, ""Seuil3"": 3, ""Seuil4"": 5, ""Seuil5"": 1}",True,True,2
7,14,2,long_run_sl,8-8-8-8-6-6,8,-8,23,5,18,SL8,SL,8,8,6,8,1,False,rpe_max,True,1.0434782608695652,1.5,0.06249999999999997,0.0,2.6059782608695654,4.440892098500626e-16,2.8605072463768115,5.466485507246377,13,-12,0,0,2,2,-4,0,-10,-8,False,16,0.25,,False,not_highest_rpe_sl,,15,8-8-8-8-6-6,164,17,"{""EF1"": 2, ""EF2"": 8, ""EF3"": 3, ""EF4"": 3, ""EF5"": 9, ""SL5"": 4, ""SL6"": 2, ""SL7"": 2, ""Seuil3"": 3, ""Seuil4"": 5, ""Seuil5"": 1}",True,True,1
8,5,1,long_run_ef,6-6-6-6,6,-6,12,0,12,EF5,EF,5,5,4,5,0,False,rpe_max,True,1.25,0.0,0.3125,-0.75,0.8125,0.0,2.0,2.8125,5,-9,0,0,1,1,-4,0,-9,-6,False,12,0.16666666666666666,,False,not_highest_rpe_ef,,11,6-6-6-6,36,3,"{""EF2"": 3, ""EF3"": 2, ""EF4"": 2, ""EF5"": 1, ""SL5"": 1, ""Seuil3"": 2}",False,False,3
8,5,2,weighted_greedy,6-6-6-6,6,-6,12,4,8,EF5,EF,5,5,4,5,0,False,rpe_max,True,1.25,0.0,0.03125,-1.75,-0.46875,0.0,3.25,2.78125,9,-5,0,0,1,1,-2,2,-7,-6,False,12,0.16666666666666666,,False,illegal,,11,6-6-6-6,36,3,"{""EF2"": 3, ""EF3"": 2, ""EF4"": 2, ""EF5"": 1, ""SL5"": 1, ""Seuil3"": 2}",False,False,7
8,5,2,weighted_greedy,6-6-6-6,6,-6,12,4,8,SL5,SL,5,5,4,5,1,False,rpe_max,True,1.25,1.5,0.03125,-1.75,1.03125,0.0,3.25,4.28125,9,-5,0,0,1,1,-2,2,-7,-6,False,12,0.16666666666666666,,False,illegal,,11,6-6-6-6,36,3,"{""EF2"": 3, ""EF3"": 2, ""EF4"": 2, ""EF5"": 1, ""SL5"": 1, ""Seuil3"": 2}",True,True,1
8,6,1,long_run_ef,8-6-6-6,8,-6,13,0,13,EF5,EF,5,5,4,5,0,False,rpe_max,True,1.153846153846154,0.0,0.3125,0.0,1.4663461538461542,2.220446049250313e-16,2.0,3.466346153846154,5,-10,0,0,1,1,-4,0,-9,-8,False,16,0.125,,False,not_highest_rpe_ef,,11,8-6-6-6,48,4,"{""EF2"": 3, ""EF3"": 2, ""EF4"": 4, ""EF5"": 1, ""SL5"": 1, ""Seuil3"": 2, ""Seuil4"": 1}",True,True,1
8,6,2,weighted_greedy,8-6-6-6,8,-6,13,4,9,EF5,EF,5,5,4,5,0,False,rpe_max,True,1.1538461538461535,0.0,0.03125,-1.5,-0.3149038461538467,-2.220446049250313e-16,3.1730769230769234,2.8581730769230766,9,-6,0,0,1,1,-3,1,-8,-8,False,16,0.125,,False,illegal,,11,8-6-6-6,48,4,"{""EF2"": 3, ""EF3"": 2, ""EF4"": 4, ""EF5"": 1, ""SL5"": 1, ""Seuil3"": 2, ""Seuil4"": 1}",False,False,8
8,6,2,weighted_greedy,8-6-6-6,8,-6,13,4,9,SL5,SL,5,5,4,5,1,False,rpe_max,True,1.1538461538461535,1.5,0.03125,-1.5,1.1850961538461533,-2.220446049250313e-16,3.1730769230769234,4.358173076923077,9,-6,0,0,1,1,-3,1,-8,-8,False,16,0.125,,False,illegal,,11,8-6-6-6,48,4,"{""EF2"": 3, ""EF3"": 2, ""EF4"": 4, ""EF5"": 1, ""SL5"": 1, ""Seuil3"": 2, ""Seuil4"": 1}",True,True,1
8,6,3,weighted_greedy,8-6-6-6,8,-6,13,8,5,EF5,EF,5,5,4,5,0,False,rpe_max,True,1.1538461538461537,0.0,0.020833333333333315,-0.5,0.6746794871794863,-6.661338147750939e-16,4.096153846153847,4.770833333333333,13,-2,0,0,1,1,0,4,-5,-5,False,13,0.125,,False,illegal,,11,8-6-6-6,48,4,"{""EF2"": 3, ""EF3"": 2, ""EF4"": 4, ""EF5"": 1, ""SL5"": 1, ""Seuil3"": 2, ""Seuil4"": 1}",True,True,1
8,13,2,long_run_sl,8-8-8-6-6-6,8,-8,22,5,17,SL8,SL,8,8,7,8,1,False,rpe_max,True,1.0909090909090913,1.5,0.053571428571428575,0.0,2.6444805194805197,0.0,2.8603896103896105,5.50487012987013,13,-11,0,0,1,1,-4,0,-11,-8,False,16,0.125,,False,not_highest_rpe_sl,,15,8-8-8-6-6-6,160,15,"{""EF1"": 4, ""EF2"": 3, ""EF3"": 2, ""EF4"": 9, ""EF5"": 7, ""SL5"": 2, ""SL6"": 2, ""SL7"": 2, ""SL8"": 1, ""Seuil3"": 3, ""Seuil4"": 5}",True,True,1
8,15,2,long_run_sl,8-8-8-8-6-6,8,-8,23,5,18,SL7,SL,7,7,6,7,1,False,rpe_max,True,0.9130434782608694,1.5,0.04166666666666666,0.0,2.454710144927536,0.0,2.8605072463768115,5.315217391304348,12,-13,0,0,1,1,-4,0,-11,-8,False,16,0.125,,False,not_highest_rpe_sl,,16,8-8-8-8-6-6,201,19,"{""EF1"": 4, ""EF2"": 5, ""EF3"": 2, ""EF4"": 10, ""EF5"": 9, ""SL5"": 2, ""SL6"": 2, ""SL7"": 3, ""SL8"": 2, ""Seuil3"": 3, ""Seuil4"": 7}",True,True,3
8,15,2,long_run_sl,8-8-8-8-6-6,8,-8,23,5,18,SL8,SL,8,8,6,8,1,False,rpe_max,True,1.0434782608695652,1.5,0.06249999999999997,0.0,2.6059782608695654,4.440892098500626e-16,2.8605072463768115,5.466485507246377,13,-12,0,0,2,2,-4,0,-10,-8,False,16,0.25,,False,not_highest_rpe_sl,,16,8-8-8-8-6-6,201,19,"{""EF1"": 4, ""EF2"": 5, ""EF3"": 2, ""EF4"": 10, ""EF5"": 9, ""SL5"": 2, ""SL6"": 2, ""SL7"": 3, ""SL8"": 2, ""Seuil3"": 3, ""Seuil4"": 7}",True,True,2
8,15,2,long_run_sl,8-8-8-8-6-6,8,-8,23,5,18,SL9,SL,9,9,6,9,1,False,rpe_max,True,1.173913043478261,1.5,0.08333333333333334,0.0,2.7572463768115947,4.440892098500626e-16,2.8605072463768115,5.617753623188406,14,-11,0,0,3,3,-4,0,-9,-8,False,16,0.375,,False,not_highest_rpe_sl,,16,8-8-8-8-6-6,201,19,"{""EF1"": 4, ""EF2"": 5, ""EF3"": 2, ""EF4"": 10, ""EF5"": 9, ""SL5"": 2, ""SL6"": 2, ""SL7"": 3, ""SL8"": 2, ""Seuil3"": 3, ""Seuil4"": 7}",True,True,1
8,16,2,long_run_sl,8-8-8-8-6-6,8,-8,21,5,16,SL7,SL,7,7,6,7,1,False,rpe_max,True,1.0,1.5,0.04166666666666666,0.0,2.541666666666667,4.440892098500626e-16,2.9226190476190474,5.464285714285714,12,-13,0,0,1,1,-4,0,-11,-8,False,16,0.125,,False,not_highest_rpe_sl,,16,8-8-8-8-6-6,224,21,"{""EF1"": 4, ""EF2"": 5, ""EF3"": 2, ""EF4"": 12, ""EF5"": 10, ""SL5"": 2, ""SL6"": 3, ""SL7"": 3, ""SL8"": 2, ""Seuil3"": 3, ""Seuil4"": 8}",True,True,3
8,16,2,long_run_sl,8-8-8-8-6-6,8,-8,21,5,16,SL8,SL,8,8,6,8,1,False,rpe_max,True,1.142857142857143,1.5,0.06249999999999997,0.0,2.7053571428571432,4.440892098500626e-16,2.9226190476190474,5.627976190476191,13,-12,0,0,2,2,-4,0,-10,-8,False,16,0.25,,False,not_highest_rpe_sl,,16,8-8-8-8-6-6,224,21,"{""EF1"": 4, ""EF2"": 5, ""EF3"": 2, ""EF4"": 12, ""EF5"": 10, ""SL5"": 2, ""SL6"": 3, ""SL7"": 3, ""SL8"": 2, ""Seuil3"": 3, ""Seuil4"": 8}",True,True,2
8,16,2,long_run_sl,8-8-8-8-6-6,8,-8,21,5,16,SL9,SL,9,9,6,9,1,False,rpe_max,True,1.2857142857142858,1.5,0.08333333333333334,0.0,2.8690476190476186,-4.440892098500626e-16,2.9226190476190474,5.791666666666667,14,-11,0,0,3,3,-4,0,-9,-8,False,16,0.375,,False,not_highest_rpe_sl,,16,8-8-8-8-6-6,224,21,"{""EF1"": 4, ""EF2"": 5, ""EF3"": 2, ""EF4"": 12, ""EF5"": 10, ""SL5"": 2, ""SL6"": 3, ""SL7"": 3, ""SL8"": 2, ""Seuil3"": 3, ""Seuil4"": 8}",True,True,1
9,7,2,long_run_sl,8-6-6-6-6,8,-8,11,5,6,SL6,SL,6,6,5,6,1,False,rpe_max,True,1.6363636363636365,1.5,0.025000000000000022,-1.25,1.911363636363637,4.440892098500626e-16,3.6136363636363633,5.525,11,-8,0,0,1,1,-4,0,-11,-8,False,16,0.125,,False,not_highest_rpe_sl,,12,8-6-6-6-6,64,7,"{""EF1"": 1, ""EF2"": 3, ""EF3"": 3, ""EF4"": 3, ""EF5"": 2, ""SL5"": 2, ""Seuil3"": 4, ""Seuil4"": 1}",False,False,2
9,12,2,long_run_sl,8-8-8-6-6-6,8,-8,23,5,18,SL8,SL,8,8,7,8,1,False,rpe_max,True,1.0434782608695652,1.5,0.053571428571428575,0.0,2.597049689440994,0.0,2.830745341614907,5.427795031055901,13,-11,0,0,1,1,-4,0,-11,-8,False,16,0.125,,False,not_highest_rpe_sl,,15,8-8-8-6-6-6,131,13,"{""EF1"": 2, ""EF2"": 4, ""EF3"": 3, ""EF4"": 4, ""EF5"": 7, ""SL5"": 3, ""SL6"": 2, ""SL7"": 2, ""Seuil3"": 4, ""Seuil4"": 2}",True,True,1
9,13,1,long_run_ef,8-8-8-6-6-6,8,-8,14,0,14,EF5,EF,5,5,4,5,0,False,rpe_max,True,1.0714285714285714,0.0,0.3125,0.0,1.3839285714285712,-2.220446049250313e-16,2.0,3.383928571428571,5,-19,0,0,1,1,-4,0,-11,-8,False,16,0.125,,False,not_highest_rpe_ef,,15,8-8-8-6-6-6,153,15,"{""EF1"": 2, ""EF2"": 5, ""EF3"": 3, ""EF4"": 5, ""EF5"": 8, ""SL5"": 3, ""SL6"": 2, ""SL7"": 3, ""Seuil3"": 4, ""Seuil4"": 3}",True,True,1
9,13,2,weighted_greedy,8-8-8-6-6-6,8,-8,14,4,10,EF5,EF,5,5,4,5,0,False,rpe_max,True,1.0714285714285716,0.0,0.03125,0.0,1.1026785714285716,0.0,3.107142857142857,4.209821428571429,9,-15,0,0,1,1,-4,0,-11,-8,False,16,0.125,,False,illegal,,15,8-8-8-6-6-6,153,15,"{""EF1"": 2, ""EF2"": 5, ""EF3"": 3, ""EF4"": 5, ""EF5"": 8, ""SL5"": 3, ""SL6"": 2, ""SL7"": 3, ""Seuil3"": 4, ""Seuil4"": 3}",False,False,11
9,13,2,weighted_greedy,8-8-8-6-6-6,8,-8,14,4,10,Seuil5,Seuil,5,5,4,5,1,False,rpe_max,True,1.0714285714285716,1.5,0.03125,0.0,2.6026785714285716,0.0,3.107142857142857,5.709821428571429,9,-15,0,0,1,1,-4,0,-11,-8,False,16,0.125,,False,illegal,,15,8-8-8-6-6-6,153,15,"{""EF1"": 2, ""EF2"": 5, ""EF3"": 3, ""EF4"": 5, ""EF5"": 8, ""SL5"": 3, ""SL6"": 2, ""SL7"": 3, ""Seuil3"": 4, ""Seuil4"": 3}",True,True,4
9,13,2,weighted_greedy,8-8-8-6-6-6,8,-8,14,4,10,SL5,SL,5,5,4,5,1,False,rpe_max,True,1.0714285714285716,1.5,0.03125,0.0,2.6026785714285716,0.0,3.107142857142857,5.709821428571429,9,-15,0,0,1,1,-4,0,-11,-8,False,16,0.125,,False,illegal,,15,8-8-8-6-6-6,153,15,"{""EF1"": 2, ""EF2"": 5, ""EF3"": 3, ""EF4"": 5, ""EF5"": 8, ""SL5"": 3, ""SL6"": 2, ""SL7"": 3, ""Seuil3"": 4, ""Seuil4"": 3}",True,True,5
9,13,2,weighted_greedy,8-8-8-6-6-6,8,-8,14,4,10,SL6,SL,6,6,4,6,1,False,rpe_max,True,1.2857142857142856,1.5,0.0625,0.0,2.848214285714285,-4.440892098500626e-16,3.107142857142857,5.955357142857142,10,-14,0,0,2,2,-4,0,-10,-8,False,16,0.25,,False,illegal,,15,8-8-8-6-6-6,153,15,"{""EF1"": 2, ""EF2"": 5, ""EF3"": 3, ""EF4"": 5, ""EF5"": 8, ""SL5"": 3, ""SL6"": 2, ""SL7"": 3, ""Seuil3"": 4, ""Seuil4"": 3}",True,True,3
9,13,2,weighted_greedy,8-8-8-6-6-6,8,-8,14,4,10,SL7,SL,7,7,4,7,1,False,rpe_max,True,1.5,1.5,0.09375,0.0,3.0937500000000004,4.440892098500626e-16,3.107142857142857,6.200892857142858,11,-13,0,0,3,3,-4,0,-9,-8,False,16,0.375,,False,illegal,,15,8-8-8-6-6-6,153,15,"{""EF1"": 2, ""EF2"": 5, ""EF3"": 3, ""EF4"": 5, ""EF5"": 8, ""SL5"": 3, ""SL6"": 2, ""SL7"": 3, ""Seuil3"": 4, ""Seuil4"": 3}",True,True,2
9,13,2,weighted_greedy,8-8-8-6-6-6,8,-8,14,4,10,SL8,SL,8,8,4,8,1,False,rpe_max,True,1.714285714285714,1.5,0.125,0.0,3.339285714285714,0.0,3.107142857142857,6.446428571428571,12,-12,0,0,4,4,-4,0,-8,-8,False,16,0.5,,False,illegal,,15,8-8-8-6-6-6,153,15,"{""EF1"": 2, ""EF2"": 5, ""EF3"": 3, ""EF4"": 5, ""EF5"": 8, ""SL5"": 3, ""SL6"": 2, ""SL7"": 3, ""Seuil3"": 4, ""Seuil4"": 3}",True,True,1
9,13,3,weighted_greedy,8-8-8-6-6-6,8,-8,14,8,6,EF5,EF,5,5,4,5,0,False,rpe_max,True,1.0714285714285714,0.0,0.020833333333333315,0.0,1.0922619047619042,-4.440892098500626e-16,5.464285714285714,6.556547619047619,13,-11,0,0,1,1,-4,0,-11,-8,False,16,0.125,,False,illegal,,15,8-8-8-6-6-6,153,15,"{""EF1"": 2, ""EF2"": 5, ""EF3"": 3, ""EF4"": 5, ""EF5"": 8, ""SL5"": 3, ""SL6"": 2, ""SL7"": 3, ""Seuil3"": 4, ""Seuil4"": 3}",True,True,1
9,15,2,long_run_sl,8-8-8-8-6-6,8,-8,24,5,19,SL8,SL,8,8,7,8,1,False,rpe_max,True,1.0,1.5,0.053571428571428575,0.0,2.553571428571429,4.440892098500626e-16,2.8035714285714284,5.357142857142857,13,-12,0,0,1,1,-4,0,-11,-8,False,16,0.125,,False,not_highest_rpe_sl,,15,8-8-8-8-6-6,186,18,"{""EF1"": 2, ""EF2"": 7, ""EF3"": 3, ""EF4"": 7, ""EF5"": 9, ""SL5"": 3, ""SL6"": 2, ""SL7"": 3, ""SL8"": 1, ""Seuil3"": 4, ""Seuil4"": 5}",True,True,1
9,16,2,long_run_sl,8-8-8-8-6-6,8,-8,18,5,13,SL6,SL,6,6,5,6,1,False,rpe_max,True,1.0,1.5,0.025000000000000022,0.0,2.525,0.0,3.0833333333333335,5.608333333333333,11,-14,0,0,1,1,-4,0,-11,-8,False,16,0.125,,False,not_highest_rpe_sl,,15,8-8-8-8-6-6,205,20,"{""EF1"": 2, ""EF2"": 7, ""EF3"": 4, ""EF4"": 7, ""EF5"": 10, ""SL5"": 3, ""SL6"": 2, ""SL7"": 4, ""SL8"": 1, ""Seuil3"": 4, ""Seuil4"": 6}",True,True,3
9,16,2,long_run_sl,8-8-8-8-6-6,8,-8,18,5,13,SL7,SL,7,7,5,7,1,False,rpe_max,True,1.1666666666666665,1.5,0.04999999999999999,0.0,2.7166666666666663,0.0,3.0833333333333335,5.8,12,-13,0,0,2,2,-4,0,-10,-8,False,16,0.25,,False,not_highest_rpe_sl,,15,8-8-8-8-6-6,205,20,"{""EF1"": 2, ""EF2"": 7, ""EF3"": 4, ""EF4"": 7, ""EF5"": 10, ""SL5"": 3, ""SL6"": 2, ""SL7"": 4, ""SL8"": 1, ""Seuil3"": 4, ""Seuil4"": 6}",True,True,2
9,16,2,long_run_sl,8-8-8-8-6-6,8,-8,18,5,13,SL8,SL,8,8,5,8,1,False,rpe_max,True,1.333333333333333,1.5,0.07500000000000001,0.0,2.9083333333333337,4.440892098500626e-16,3.0833333333333335,5.991666666666666,13,-12,0,0,3,3,-4,0,-9,-8,False,16,0.375,,False,not_highest_rpe_sl,,15,8-8-8-8-6-6,205,20,"{""EF1"": 2, ""EF2"": 7, ""EF3"": 4, ""EF4"": 7, ""EF5"": 10, ""SL5"": 3, ""SL6"": 2, ""SL7"": 4, ""SL8"": 1, ""Seuil3"": 4, ""Seuil4"": 6}",True,True,1
10,9,2,long_run_sl,8-8-6-6-6,8,-8,17,5,12,SL7,SL,7,7,6,7,1,False,rpe_max,True,1.2352941176470589,1.5,0.04166666666666666,-1.25,1.526960784313725,-6.661338147750939e-16,3.090686274509804,4.617647058823529,12,-8,0,0,1,1,-4,0,-11,-8,False,16,0.125,,False,not_highest_rpe_sl,,14,8-8-6-6-6,96,9,"{""EF1"": 1, ""EF2"": 4, ""EF3"": 4, ""EF4"": 4, ""EF5"": 4, ""SL5"": 2, ""SL6"": 2, ""Seuil3"": 3, ""Seuil4"": 2}",False,False,3
10,11,2,long_run_sl,8-8-8-6-6-6,8,-8,24,5,19,SL7,SL,7,7,6,7,1,False,rpe_max,True,0.875,1.5,0.04166666666666666,0.0,2.4166666666666665,0.0,2.8333333333333335,5.25,12,-12,0,0,1,1,-4,0,-11,-8,False,16,0.125,,False,not_highest_rpe_sl,,14,8-8-8-6-6-6,124,12,"{""EF1"": 2, ""EF2"": 4, ""EF3"": 4, ""EF4"": 4, ""EF5"": 6, ""SL5"": 2, ""SL6"": 3, ""SL7"": 1, ""Seuil3"": 3, ""Seuil4"": 3}",True,True,1
10,13,2,long_run_sl,8-8-8-8-6-6,8,-8,20,5,15,SL8,SL,8,8,7,8,1,False,rpe_max,True,1.2000000000000002,1.5,0.053571428571428575,0.0,2.753571428571428,-4.440892098500626e-16,2.9285714285714284,5.682142857142857,13,-12,0,0,1,1,-4,0,-11,-8,False,16,0.125,,False,not_highest_rpe_sl,,15,8-8-8-8-6-6,160,16,"{""EF1"": 2, ""EF2"": 5, ""EF3"": 5, ""EF4"": 4, ""EF5"": 8, ""SL5"": 2, ""SL6"": 4, ""SL7"": 2, ""Seuil3"": 3, ""Seuil4"": 5}",True,True,1
10,15,2,long_run_sl,8-8-8-8-6-6,8,-8,20,5,15,SL7,SL,7,7,6,7,1,False,rpe_max,True,1.0499999999999998,1.5,0.04166666666666666,0.0,2.5916666666666663,0.0,2.9583333333333335,5.55,12,-13,0,0,1,1,-4,0,-11,-8,False,16,0.125,,False,not_highest_rpe_sl,,15,8-8-8-8-6-6,202,20,"{""EF1"": 2, ""EF2"": 6, ""EF3"": 6, ""EF4"": 5, ""EF5"": 10, ""SL5"": 2, ""SL6"": 4, ""SL7"": 3, ""SL8"": 1, ""Seuil3"": 3, ""Seuil4"": 7}",True,True,2
10,15,2,long_run_sl,8-8-8-8-6-6,8,-8,20,5,15,SL8,SL,8,8,6,8,1,False,rpe_max,True,1.2000000000000002,1.5,0.06249999999999997,0.0,2.7624999999999997,-4.440892098500626e-16,2.9583333333333335,5.720833333333333,13,-12,0,0,2,2,-4,0,-10,-8,False,16,0.25,,False,not_highest_rpe_sl,,15,8-8-8-8-6-6,202,20,"{""EF1"": 2, ""EF2"": 6, ""EF3"": 6, ""EF4"": 5, ""EF5"": 10, ""SL5"": 2, ""SL6"": 4, ""SL7"": 3, ""SL8"": 1, ""Seuil3"": 3, ""Seuil4"": 7}",True,True,1
10,16,2,long_run_sl,8-8-8-8-6-6,8,-8,27,5,22,SL8,SL,8,8,7,8,1,False,rpe_max,True,0.8888888888888888,1.5,0.053571428571428575,0.0,2.442460317460318,8.881784197001252e-16,2.734126984126984,5.176587301587301,13,-12,0,0,1,1,-4,0,-11,-8,False,16,0.125,,False,not_highest_rpe_sl,,15,8-8-8-8-6-6,221,22,"{""EF1"": 2, ""EF2"": 6, ""EF3"": 6, ""EF4"": 6, ""EF5"": 11, ""SL5"": 2, ""SL6"": 5, ""SL7"": 3, ""SL8"": 1, ""Seuil3"": 3, ""Seuil4"": 8}",True,True,1
11,5,1,long_run_ef,8-6-6-6,8,-5,9,0,9,EF5,EF,5,5,4,5,0,False,rpe_max,True,1.6666666666666667,0.0,0.3125,0.0,1.979166666666667,2.220446049250313e-16,2.0,3.979166666666667,5,-10,0,0,1,1,-4,0,-8,-8,False,16,0.125,,False,not_highest_rpe_ef,,12,8-6-6-6,38,4,"{""EF1"": 1, ""EF2"": 3, ""EF3"": 3, ""EF4"": 2, ""Seuil3"": 2, ""Seuil4"": 2}",True,True,1
11,5,2,weighted_greedy,8-6-6-6,8,-5,9,4,5,EF5,EF,5,5,4,5,0,False,rpe_max,True,1.6666666666666667,0.0,0.03125,-1.5,0.19791666666666696,2.220446049250313e-16,3.583333333333333,3.78125,9,-6,0,0,1,1,-3,1,-7,-7,False,15,0.125,,False,illegal,,12,8-6-6-6,38,4,"{""EF1"": 1, ""EF2"": 3, ""EF3"": 3, ""EF4"": 2, ""Seuil3"": 2, ""Seuil4"": 2}",False,False,9
11,5,2,weighted_greedy,8-6-6-6,8,-5,9,4,5,Seuil5,Seuil,5,5,4,5,1,False,rpe_max,True,1.6666666666666667,1.5,0.03125,-1.5,1.697916666666667,2.220446049250313e-16,3.583333333333333,5.28125,9,-6,0,0,1,1,-3,1,-7,-7,False,15,0.125,,False,illegal,,12,8-6-6-6,38,4,"{""EF1"": 1, ""EF2"": 3, ""EF3"": 3, ""EF4"": 2, ""Seuil3"": 2, ""Seuil4"": 2}",True,True,1
11,5,2,weighted_greedy,8-6-6-6,8,-5,9,4,5,SL5,SL,5,5,4,5,1,False,rpe_max,True,1.6666666666666667,1.5,0.03125,-1.5,1.697916666666667,2.220446049250313e-16,3.583333333333333,5.28125,9,-6,0,0,1,1,-3,1,-7,-7,False,15,0.125,,False,illegal,,12,8-6-6-6,38,4,"{""EF1"": 1, ""EF2"": 3, ""EF3"": 3, ""EF4"": 2, ""Seuil3"": 2, ""Seuil4"": 2}",True,True,2
11,8,2,long_run_sl,8-6-6-6-6,8,-8,16,5,11,SL6,SL,6,6,5,6,1,False,rpe_max,True,1.125,1.5,0.025000000000000022,-1.25,1.4000000000000004,4.440892098500626e-16,3.1875,4.5875,11,-8,0,0,1,1,-4,0,-11,-8,False,16,0.125,,False,not_highest_rpe_sl,,13,8-6-6-6-6,70,7,"{""EF1"": 2, ""EF2"": 3, ""EF3"": 4, ""EF4"": 3, ""EF5"": 2, ""SL5"": 2, ""Seuil3"": 2, ""Seuil4"": 3}",False,False,2
11,12,2,long_run_sl,8-8-8-6-6-6,8,-8,23,5,18,SL7,SL,7,7,6,7,1,False,rpe_max,True,0.9130434782608694,1.5,0.04166666666666666,0.0,2.454710144927536,0.0,2.8605072463768115,5.315217391304348,12,-12,0,0,1,1,-4,0,-11,-8,False,16,0.125,,False,not_highest_rpe_sl,,14,8-8-8-6-6-6,123,12,"{""EF1"": 3, ""EF2"": 3, ""EF3"": 4, ""EF4"": 4, ""EF5"": 6, ""SL5"": 3, ""SL6"": 2, ""SL7"": 1, ""Seuil3"": 2, ""Seuil4"": 4}",True,True,1
11,15,2,long_run_sl,8-8-8-8-6-6,8,-8,25,5,20,SL8,SL,8,8,7,8,1,False,rpe_max,True,0.96,1.5,0.053571428571428575,0.0,2.513571428571429,4.440892098500626e-16,2.7785714285714285,5.292142857142857,13,-12,0,0,1,1,-4,0,-11,-8,False,16,0.125,,False,not_highest_rpe_sl,,15,8-8-8-8-6-6,181,18,"{""EF1"": 3, ""EF2"": 5, ""EF3"": 5, ""EF4"": 5, ""EF5"": 9, ""SL5"": 3, ""SL6"": 3, ""SL7"": 2, ""SL8"": 1, ""Seuil3"": 3, ""Seuil4"": 6}",True,True,1
11,16,2,long_run_sl,8-8-8-8-6-6,8,-8,20,5,15,SL7,SL,7,7,6,7,1,False,rpe_max,True,1.0499999999999998,1.5,0.04166666666666666,0.0,2.5916666666666663,0.0,2.9583333333333335,5.55,12,-13,0,0,1,1,-4,0,-11,-8,False,16,0.125,,False,not_highest_rpe_sl,,15,8-8-8-8-6-6,200,20,"{""EF1"": 3, ""EF2"": 5, ""EF3"": 6, ""EF4"": 5, ""EF5"": 10, ""SL5"": 3, ""SL6"": 3, ""SL7"": 3, ""SL8"": 1, ""Seuil3"": 3, ""Seuil4"": 7}",True,True,2
11,16,2,long_run_sl,8-8-8-8-6-6,8,-8,20,5,15,SL8,SL,8,8,6,8,1,False,rpe_max,True,1.2000000000000002,1.5,0.06249999999999997,0.0,2.7624999999999997,-4.440892098500626e-16,2.9583333333333335,5.720833333333333,13,-12,0,0,2,2,-4,0,-10,-8,False,16,0.25,,False,not_highest_rpe_sl,,15,8-8-8-8-6-6,200,20,"{""EF1"": 3, ""EF2"": 5, ""EF3"": 6, ""EF4"": 5, ""EF5"": 10, ""SL5"": 3, ""SL6"": 3, ""SL7"": 3, ""SL8"": 1, ""Seuil3"": 3, ""Seuil4"": 7}",True,True,1
12,10,2,long_run_sl,8-8-8-6-6-6,8,-8,24,5,19,SL7,SL,7,7,6,7,1,False,rpe_max,True,0.875,1.5,0.04166666666666666,0.0,2.4166666666666665,0.0,2.8333333333333335,5.25,12,-12,0,0,1,1,-4,0,-11,-8,False,16,0.125,,False,not_highest_rpe_sl,,13,8-8-8-6-6-6,107,12,"{""EF1"": 1, ""EF2"": 3, ""EF3"": 4, ""EF4"": 3, ""EF5"": 5, ""SL5"": 2, ""SL6"": 2, ""SL7"": 1, ""Seuil3"": 6, ""Seuil4"": 1}",True,True,1
12,13,2,long_run_sl,8-8-8-8-6-6,8,-8,25,5,20,SL7,SL,7,7,6,7,1,False,rpe_max,True,0.8399999999999999,1.5,0.04166666666666666,0.0,2.381666666666666,-4.440892098500626e-16,2.8083333333333336,5.1899999999999995,12,-13,0,0,1,1,-4,0,-11,-8,False,16,0.125,,False,not_highest_rpe_sl,,15,8-8-8-8-6-6,162,18,"{""EF1"": 1, ""EF2"": 5, ""EF3"": 5, ""EF4"": 3, ""EF5"": 8, ""SL5"": 2, ""SL6"": 3, ""SL7"": 2, ""SL8"": 1, ""Seuil3"": 6, ""Seuil4"": 4}",True,True,2
12,13,2,long_run_sl,8-8-8-8-6-6,8,-8,25,5,20,SL8,SL,8,8,6,8,1,False,rpe_max,True,0.96,1.5,0.06249999999999997,0.0,2.5225,0.0,2.8083333333333336,5.3308333333333335,13,-12,0,0,2,2,-4,0,-10,-8,False,16,0.25,,False,not_highest_rpe_sl,,15,8-8-8-8-6-6,162,18,"{""EF1"": 1, ""EF2"": 5, ""EF3"": 5, ""EF4"": 3, ""EF5"": 8, ""SL5"": 2, ""SL6"": 3, ""SL7"": 2, ""SL8"": 1, ""Seuil3"": 6, ""Seuil4"": 4}",True,True,1
12,14,2,long_run_sl,8-8-8-8-6-6,8,-8,24,5,19,SL7,SL,7,7,6,7,1,False,rpe_max,True,0.875,1.5,0.04166666666666666,0.0,2.4166666666666665,0.0,2.8333333333333335,5.25,12,-13,0,0,1,1,-4,0,-11,-8,False,16,0.125,,False,not_highest_rpe_sl,,15,8-8-8-8-6-6,181,20,"{""EF1"": 1, ""EF2"": 5, ""EF3"": 5, ""EF4"": 4, ""EF5"": 9, ""SL5"": 2, ""SL6"": 4, ""SL7"": 2, ""SL8"": 1, ""Seuil3"": 6, ""Seuil4"": 5}",True,True,2
12,14,2,long_run_sl,8-8-8-8-6-6,8,-8,24,5,19,SL8,SL,8,8,6,8,1,False,rpe_max,True,1.0,1.5,0.06249999999999997,0.0,2.5625000000000004,4.440892098500626e-16,2.8333333333333335,5.395833333333333,13,-12,0,0,2,2,-4,0,-10,-8,False,16,0.25,,False,not_highest_rpe_sl,,15,8-8-8-8-6-6,181,20,"{""EF1"": 1, ""EF2"": 5, ""EF3"": 5, ""EF4"": 4, ""EF5"": 9, ""SL5"": 2, ""SL6"": 4, ""SL7"": 2, ""SL8"": 1, ""Seuil3"": 6, ""Seuil4"": 5}",True,True,1
12,15,2,long_run_sl,8-8-8-8-6-6,8,-8,24,5,19,SL8,SL,8,8,7,8,1,False,rpe_max,True,1.0,1.5,0.053571428571428575,0.0,2.553571428571429,4.440892098500626e-16,2.8035714285714284,5.357142857142857,13,-12,0,0,1,1,-4,0,-11,-8,False,16,0.125,,False,not_highest_rpe_sl,,15,8-8-8-8-6-6,200,22,"{""EF1"": 1, ""EF2"": 5, ""EF3"": 5, ""EF4"": 5, ""EF5"": 10, ""SL5"": 2, ""SL6"": 5, ""SL7"": 2, ""SL8"": 1, ""Seuil3"": 6, ""Seuil4"": 6}",True,True,1
12,16,2,long_run_sl,8-8-8-8-6-6,8,-8,20,5,15,SL8,SL,8,8,7,8,1,False,rpe_max,True,1.2000000000000002,1.5,0.053571428571428575,0.0,2.753571428571428,-4.440892098500626e-16,2.9285714285714284,5.682142857142857,13,-12,0,0,1,1,-4,0,-11,-8,False,16,0.125,,False,not_highest_rpe_sl,,15,8-8-8-8-6-6,219,24,"{""EF1"": 1, ""EF2"": 5, ""EF3"": 6, ""EF4"": 5, ""EF5"": 11, ""SL5"": 2, ""SL6"": 5, ""SL7"": 3, ""SL8"": 1, ""Seuil3"": 6, ""Seuil4"": 7}",True,True,1
13,10,2,long_run_sl,8-8-6-6-6-6,8,-8,22,5,17,SL7,SL,7,7,6,7,1,False,rpe_max,True,0.9545454545454545,1.5,0.04166666666666666,0.0,2.4962121212121215,4.440892098500626e-16,2.890151515151515,5.386363636363637,12,-11,0,0,1,1,-4,0,-11,-8,False,16,0.125,,False,not_highest_rpe_sl,,14,8-8-6-6-6-6,106,9,"{""EF1"": 1, ""EF2"": 6, ""EF3"": 3, ""EF4"": 4, ""EF5"": 5, ""SL5"": 2, ""SL6"": 2, ""SL7"": 1, ""Seuil3"": 2, ""Seuil4"": 2}",True,True,1
13,11,2,long_run_sl,8-8-6-6-6-6,8,-8,24,5,19,SL7,SL,7,7,6,7,1,False,rpe_max,True,0.875,1.5,0.04166666666666666,0.0,2.4166666666666665,0.0,2.8333333333333335,5.25,12,-11,0,0,1,1,-4,0,-11,-8,False,16,0.125,,False,not_highest_rpe_sl,,14,8-8-6-6-6-6,127,11,"{""EF1"": 1, ""EF2"": 7, ""EF3"": 3, ""EF4"": 5, ""EF5"": 6, ""SL5"": 2, ""SL6"": 3, ""SL7"": 1, ""Seuil3"": 2, ""Seuil4"": 3}",True,True,1
13,13,2,long_run_sl,8-8-8-6-6-6,8,-8,23,5,18,SL7,SL,7,7,6,7,1,False,rpe_max,True,0.9130434782608694,1.5,0.04166666666666666,0.0,2.454710144927536,0.0,2.8605072463768115,5.315217391304348,12,-12,0,0,1,1,-4,0,-11,-8,False,16,0.125,,False,not_highest_rpe_sl,,15,8-8-8-6-6-6,162,15,"{""EF1"": 1, ""EF2"": 9, ""EF3"": 3, ""EF4"": 5, ""EF5"": 8, ""SL5"": 2, ""SL6"": 4, ""SL7"": 2, ""Seuil3"": 2, ""Seuil4"": 5}",True,True,2
13,13,2,long_run_sl,8-8-8-6-6-6,8,-8,23,5,18,SL8,SL,8,8,6,8,1,False,rpe_max,True,1.0434782608695652,1.5,0.06249999999999997,0.0,2.6059782608695654,4.440892098500626e-16,2.8605072463768115,5.466485507246377,13,-11,0,0,2,2,-4,0,-10,-8,False,16,0.25,,False,not_highest_rpe_sl,,15,8-8-8-6-6-6,162,15,"{""EF1"": 1, ""EF2"": 9, ""EF3"": 3, ""EF4"": 5, ""EF5"": 8, ""SL5"": 2, ""SL6"": 4, ""SL7"": 2, ""Seuil3"": 2, ""Seuil4"": 5}",True,True,1
13,16,2,long_run_sl,8-8-8-8-6-6,8,-8,22,5,17,SL8,SL,8,8,7,8,1,False,rpe_max,True,1.0909090909090913,1.5,0.053571428571428575,0.0,2.6444805194805197,0.0,2.8603896103896105,5.50487012987013,13,-12,0,0,1,1,-4,0,-11,-8,False,16,0.125,,False,not_highest_rpe_sl,,16,8-8-8-8-6-6,222,21,"{""EF1"": 1, ""EF2"": 11, ""EF3"": 4, ""EF4"": 6, ""EF5"": 11, ""SL5"": 2, ""SL6"": 5, ""SL7"": 2, ""SL8"": 2, ""Seuil3"": 2, ""Seuil4"": 8}",True,True,2
13,16,2,long_run_sl,8-8-8-8-6-6,8,-8,22,5,17,SL9,SL,9,9,7,9,1,False,rpe_max,True,1.2272727272727275,1.5,0.07142857142857142,0.0,2.7987012987012987,-4.440892098500626e-16,2.8603896103896105,5.659090909090909,14,-11,0,0,2,2,-4,0,-10,-8,False,16,0.25,,False,not_highest_rpe_sl,,16,8-8-8-8-6-6,222,21,"{""EF1"": 1, ""EF2"": 11, ""EF3"": 4, ""EF4"": 6, ""EF5"": 11, ""SL5"": 2, ""SL6"": 5, ""SL7"": 2, ""SL8"": 2, ""Seuil3"": 2, ""Seuil4"": 8}",True,True,1
14,9,2,long_run_sl,8-8-6-6-6,8,-8,15,5,10,SL7,SL,7,7,6,7,1,False,rpe_max,True,1.4000000000000004,1.5,0.04166666666666666,-1.25,1.6916666666666673,2.220446049250313e-16,3.2083333333333335,4.9,12,-8,0,0,1,1,-4,0,-11,-8,False,16,0.125,,False,not_highest_rpe_sl,,14,8-8-6-6-6,92,9,"{""EF1"": 1, ""EF2"": 4, ""EF3"": 4, ""EF4"": 3, ""EF5"": 4, ""SL5"": 2, ""SL6"": 2, ""Seuil3"": 3, ""Seuil4"": 2}",False,False,3
14,10,2,long_run_sl,8-8-6-6-6-6,8,-8,13,5,8,SL7,SL,7,7,6,7,1,False,rpe_max,True,1.6153846153846152,1.5,0.04166666666666666,0.0,3.157051282051282,0.0,3.3621794871794872,6.519230769230769,12,-11,0,0,1,1,-4,0,-11,-8,False,16,0.125,,False,not_highest_rpe_sl,,14,8-8-6-6-6-6,103,10,"{""EF1"": 1, ""EF2"": 4, ""EF3"": 4, ""EF4"": 3, ""EF5"": 5, ""SL5"": 2, ""SL6"": 3, ""Seuil3"": 3, ""Seuil4"": 2}",True,True,1
14,12,2,long_run_sl,8-8-8-6-6-6,8,-8,22,5,17,SL7,SL,7,7,6,7,1,False,rpe_max,True,0.9545454545454545,1.5,0.04166666666666666,0.0,2.4962121212121215,4.440892098500626e-16,2.890151515151515,5.386363636363637,12,-12,0,0,1,1,-4,0,-11,-8,False,16,0.125,,False,not_highest_rpe_sl,,14,8-8-8-6-6-6,133,13,"{""EF1"": 2, ""EF2"": 5, ""EF3"": 4, ""EF4"": 3, ""EF5"": 7, ""SL5"": 2, ""SL6"": 4, ""SL7"": 1, ""Seuil3"": 3, ""Seuil4"": 3}",True,True,1
14,15,2,long_run_sl,8-8-8-8-6-6,8,-8,27,5,22,SL8,SL,8,8,7,8,1,False,rpe_max,True,0.8888888888888888,1.5,0.053571428571428575,0.0,2.442460317460318,8.881784197001252e-16,2.734126984126984,5.176587301587301,13,-12,0,0,1,1,-4,0,-11,-8,False,16,0.125,,False,not_highest_rpe_sl,,15,8-8-8-8-6-6,194,19,"{""EF1"": 2, ""EF2"": 8, ""EF3"": 5, ""EF4"": 4, ""EF5"": 10, ""SL5"": 2, ""SL6"": 5, ""SL7"": 2, ""SL8"": 1, ""Seuil3"": 3, ""Seuil4"": 6}",True,True,1
15,5,1,long_run_ef,6-6-6-6,6,-5,13,0,13,EF5,EF,5,5,4,5,0,False,rpe_max,True,1.153846153846154,0.0,0.3125,-0.75,0.7163461538461542,2.220446049250313e-16,2.0,2.716346153846154,5,-9,0,0,1,1,-4,0,-8,-6,False,12,0.16666666666666666,,False,not_highest_rpe_ef,,11,6-6-6-6,37,3,"{""EF1"": 1, ""EF2"": 3, ""EF3"": 2, ""EF4"": 2, ""EF5"": 1, ""SL5"": 1, ""Seuil3"": 2}",False,False,3
15,5,2,weighted_greedy,6-6-6-6,6,-5,13,4,9,EF5,EF,5,5,4,5,0,False,rpe_max,True,1.1538461538461535,0.0,0.03125,-1.75,-0.5649038461538467,-2.220446049250313e-16,3.1730769230769234,2.6081730769230766,9,-5,0,0,1,1,-2,2,-6,-6,False,12,0.16666666666666666,,False,illegal,,11,6-6-6-6,37,3,"{""EF1"": 1, ""EF2"": 3, ""EF3"": 2, ""EF4"": 2, ""EF5"": 1, ""SL5"": 1, ""Seuil3"": 2}",False,False,7
15,5,2,weighted_greedy,6-6-6-6,6,-5,13,4,9,SL5,SL,5,5,4,5,1,False,rpe_max,True,1.1538461538461535,1.5,0.03125,-1.75,0.9350961538461533,-2.220446049250313e-16,3.1730769230769234,4.108173076923077,9,-5,0,0,1,1,-2,2,-6,-6,False,12,0.16666666666666666,,False,illegal,,11,6-6-6-6,37,3,"{""EF1"": 1, ""EF2"": 3, ""EF3"": 2, ""EF4"": 2, ""EF5"": 1, ""SL5"": 1, ""Seuil3"": 2}",True,True,1
15,5,3,weighted_greedy,6-6-6-6,6,-5,13,8,5,EF5,EF,5,5,4,5,0,False,rpe_max,True,1.1538461538461537,0.0,0.020833333333333315,-0.75,0.42467948717948634,-7.216449660063518e-16,4.096153846153847,4.520833333333333,13,-1,0,0,1,1,0,3,-4,-4,False,10,0.16666666666666666,,False,illegal,,11,6-6-6-6,37,3,"{""EF1"": 1, ""EF2"": 3, ""EF3"": 2, ""EF4"": 2, ""EF5"": 1, ""SL5"": 1, ""Seuil3"": 2}",True,True,1
15,6,1,long_run_ef,8-6-6-6,8,-5,10,0,10,EF5,EF,5,5,4,5,0,False,rpe_max,True,1.5,0.0,0.3125,0.0,1.8125,0.0,2.0,3.8125,5,-10,0,0,1,1,-4,0,-8,-8,False,16,0.125,,False,not_highest_rpe_ef,,11,8-6-6-6,49,4,"{""EF1"": 1, ""EF2"": 3, ""EF3"": 2, ""EF4"": 4, ""EF5"": 1, ""SL5"": 1, ""Seuil3"": 2, ""Seuil4"": 1}",True,True,1
15,6,2,weighted_greedy,8-6-6-6,8,-5,10,4,6,EF5,EF,5,5,4,5,0,False,rpe_max,True,1.5,0.0,0.03125,-1.5,0.03125,0.0,3.45,3.48125,9,-6,0,0,1,1,-3,1,-7,-7,False,15,0.125,,False,illegal,,11,8-6-6-6,49,4,"{""EF1"": 1, ""EF2"": 3, ""EF3"": 2, ""EF4"": 4, ""EF5"": 1, ""SL5"": 1, ""Seuil3"": 2, ""Seuil4"": 1}",False,False,8
15,6,2,weighted_greedy,8-6-6-6,8,-5,10,4,6,SL5,SL,5,5,4,5,1,False,rpe_max,True,1.5,1.5,0.03125,-1.5,1.53125,0.0,3.45,4.98125,9,-6,0,0,1,1,-3,1,-7,-7,False,15,0.125,,False,illegal,,11,8-6-6-6,49,4,"{""EF1"": 1, ""EF2"": 3, ""EF3"": 2, ""EF4"": 4, ""EF5"": 1, ""SL5"": 1, ""Seuil3"": 2, ""Seuil4"": 1}",True,True,1
15,11,2,long_run_sl,8-8-6-6-6-6,8,-8,19,5,14,SL6,SL,6,6,5,6,1,False,rpe_max,True,0.9473684210526316,1.5,0.025000000000000022,0.0,2.4723684210526313,-4.440892098500626e-16,3.0394736842105265,5.511842105263158,11,-12,0,0,1,1,-4,0,-11,-8,False,16,0.125,,False,not_highest_rpe_sl,,14,8-8-6-6-6-6,125,11,"{""EF1"": 2, ""EF2"": 5, ""EF3"": 2, ""EF4"": 8, ""EF5"": 5, ""SL5"": 2, ""SL6"": 2, ""SL7"": 1, ""Seuil3"": 3, ""Seuil4"": 3}",True,True,2
15,11,2,long_run_sl,8-8-6-6-6-6,8,-8,19,5,14,SL7,SL,7,7,5,7,1,False,rpe_max,True,1.1052631578947367,1.5,0.04999999999999999,0.0,2.655263157894736,-4.440892098500626e-16,3.0394736842105265,5.694736842105263,12,-11,0,0,2,2,-4,0,-10,-8,False,16,0.25,,False,not_highest_rpe_sl,,14,8-8-6-6-6-6,125,11,"{""EF1"": 2, ""EF2"": 5, ""EF3"": 2, ""EF4"": 8, ""EF5"": 5, ""SL5"": 2, ""SL6"": 2, ""SL7"": 1, ""Seuil3"": 3, ""Seuil4"": 3}",True,True,1
15,14,2,long_run_sl,8-8-8-8-6-6,8,-8,20,5,15,SL7,SL,7,7,6,7,1,False,rpe_max,True,1.0499999999999998,1.5,0.04166666666666666,0.0,2.5916666666666663,0.0,2.9583333333333335,5.55,12,-13,0,0,1,1,-4,0,-11,-8,False,16,0.125,,False,not_highest_rpe_sl,,15,8-8-8-8-6-6,186,17,"{""EF1"": 3, ""EF2"": 8, ""EF3"": 3, ""EF4"": 9, ""EF5"": 8, ""SL5"": 3, ""SL6"": 2, ""SL7"": 2, ""SL8"": 1, ""Seuil3"": 3, ""Seuil4"": 6}",True,True,2
15,14,2,long_run_sl,8-8-8-8-6-6,8,-8,20,5,15,SL8,SL,8,8,6,8,1,False,rpe_max,True,1.2000000000000002,1.5,0.06249999999999997,0.0,2.7624999999999997,-4.440892098500626e-16,2.9583333333333335,5.720833333333333,13,-12,0,0,2,2,-4,0,-10,-8,False,16,0.25,,False,not_highest_rpe_sl,,15,8-8-8-8-6-6,186,17,"{""EF1"": 3, ""EF2"": 8, ""EF3"": 3, ""EF4"": 9, ""EF5"": 8, ""SL5"": 3, ""SL6"": 2, ""SL7"": 2, ""SL8"": 1, ""Seuil3"": 3, ""Seuil4"": 6}",True,True,1
15,16,2,long_run_sl,8-8-8-8-6-6,8,-8,26,5,21,SL9,SL,9,9,8,9,1,False,rpe_max,True,1.0384615384615383,1.5,0.0625,0.0,2.600961538461538,-4.440892098500626e-16,2.733173076923077,5.334134615384615,14,-11,0,0,1,1,-4,0,-11,-8,False,16,0.125,,False,not_highest_rpe_sl,,16,8-8-8-8-6-6,224,21,"{""EF1"": 3, ""EF2"": 9, ""EF3"": 3, ""EF4"": 10, ""EF5"": 10, ""SL5"": 3, ""SL6"": 3, ""SL7"": 2, ""SL8"": 2, ""Seuil3"": 3, ""Seuil4"": 8}",True,True,1
16,7,2,long_run_sl,8-6-6-6-6,8,-8,13,5,8,SL6,SL,6,6,5,6,1,False,rpe_max,True,1.3846153846153844,1.5,0.025000000000000022,-1.25,1.6596153846153845,0.0,3.403846153846154,5.063461538461539,11,-8,0,0,1,1,-4,0,-11,-8,False,16,0.125,,False,not_highest_rpe_sl,,12,8-6-6-6-6,60,6,"{""EF1"": 1, ""EF2"": 3, ""EF3"": 4, ""EF4"": 2, ""EF5"": 2, ""SL5"": 2, ""Seuil3"": 3, ""Seuil4"": 1}",False,False,2
16,8,2,long_run_sl,8-6-6-6-6,8,-8,18,5,13,SL6,SL,6,6,5,6,1,False,rpe_max,True,1.0,1.5,0.025000000000000022,-1.25,1.275,0.0,3.0833333333333335,4.358333333333333,11,-8,0,0,1,1,-4,0,-11,-8,False,16,0.125,,False,not_highest_rpe_sl,,12,8-6-6-6-6,70,7,"{""EF1"": 1, ""EF2"": 3, ""EF3"": 4, ""EF4"": 2, ""EF5"": 3, ""SL5"": 3, ""Seuil3"": 3, ""Seuil4"": 1}",False,False,2
16,9,2,long_run_sl,8-8-6-6-6,8,-8,19,5,14,SL6,SL,6,6,5,6,1,False,rpe_max,True,0.9473684210526316,1.5,0.025000000000000022,-0.75,1.7223684210526313,-4.440892098500626e-16,3.0394736842105265,4.761842105263158,11,-9,0,0,1,1,-4,0,-11,-8,False,16,0.125,,False,not_highest_rpe_sl,,12,8-8-6-6-6,80,8,"{""EF1"": 1, ""EF2"": 3, ""EF3"": 4, ""EF4"": 2, ""EF5"": 4, ""SL5"": 4, ""Seuil3"": 3, ""Seuil4"": 1}",False,False,2
16,11,2,long_run_sl,8-8-6-6-6-6,8,-8,16,5,11,SL6,SL,6,6,5,6,1,False,rpe_max,True,1.125,1.5,0.025000000000000022,0.0,2.6500000000000004,4.440892098500626e-16,3.1875,5.8375,11,-12,0,0,1,1,-4,0,-11,-8,False,16,0.125,,False,not_highest_rpe_sl,,12,8-8-6-6-6-6,101,10,"{""EF1"": 1, ""EF2"": 3, ""EF3"": 4, ""EF4"": 2, ""EF5"": 6, ""SL5"": 5, ""SL6"": 1, ""Seuil3"": 3, ""Seuil4"": 1}",True,True,1
16,16,2,long_run_sl,8-8-8-8-6-6,8,-8,16,5,11,SL8,SL,8,8,7,8,1,False,rpe_max,True,1.5,1.5,0.053571428571428575,0.0,3.053571428571428,-4.440892098500626e-16,3.1160714285714284,6.169642857142857,13,-12,0,0,1,1,-4,0,-11,-8,False,16,0.125,,False,not_highest_rpe_sl,,15,8-8-8-8-6-6,195,20,"{""EF1"": 1, ""EF2"": 5, ""EF3"": 7, ""EF4"": 3, ""EF5"": 11, ""SL5"": 6, ""SL6"": 2, ""SL7"": 2, ""SL8"": 1, ""Seuil3"": 4, ""Seuil4"": 5}",True,True,1
17,11,2,long_run_sl,8-8-8-6-6-6,8,-8,19,5,14,SL7,SL,7,7,6,7,1,False,rpe_max,True,1.1052631578947367,1.5,0.04166666666666666,0.0,2.6469298245614032,0.0,2.9978070175438596,5.644736842105263,12,-12,0,0,1,1,-4,0,-11,-8,False,16,0.125,,False,not_highest_rpe_sl,,15,8-8-8-6-6-6,129,14,"{""EF1"": 1, ""EF2"": 4, ""EF3"": 4, ""EF4"": 4, ""EF5"": 6, ""SL5"": 2, ""SL6"": 2, ""SL7"": 2, ""Seuil3"": 6, ""Seuil4"": 2}",True,True,2
17,11,2,long_run_sl,8-8-8-6-6-6,8,-8,19,5,14,SL8,SL,8,8,6,8,1,False,rpe_max,True,1.2631578947368423,1.5,0.06249999999999997,0.0,2.8256578947368425,4.440892098500626e-16,2.9978070175438596,5.823464912280702,13,-11,0,0,2,2,-4,0,-10,-8,False,16,0.25,,False,not_highest_rpe_sl,,15,8-8-8-6-6-6,129,14,"{""EF1"": 1, ""EF2"": 4, ""EF3"": 4, ""EF4"": 4, ""EF5"": 6, ""SL5"": 2, ""SL6"": 2, ""SL7"": 2, ""Seuil3"": 6, ""Seuil4"": 2}",True,True,1
17,12,2,long_run_sl,8-8-8-8-6-6,8,-8,24,5,19,SL8,SL,8,8,7,8,1,False,rpe_max,True,1.0,1.5,0.053571428571428575,0.0,2.553571428571429,4.440892098500626e-16,2.8035714285714284,5.357142857142857,13,-12,0,0,1,1,-4,0,-11,-8,False,16,0.125,,False,not_highest_rpe_sl,,15,8-8-8-8-6-6,147,16,"{""EF1"": 1, ""EF2"": 4, ""EF3"": 5, ""EF4"": 4, ""EF5"": 7, ""SL5"": 2, ""SL6"": 3, ""SL7"": 2, ""Seuil3"": 6, ""Seuil4"": 3}",True,True,1
17,13,2,long_run_sl,8-8-8-8-6-6,8,-8,21,5,16,SL7,SL,7,7,6,7,1,False,rpe_max,True,1.0,1.5,0.04166666666666666,0.0,2.541666666666667,4.440892098500626e-16,2.9226190476190474,5.464285714285714,12,-13,0,0,1,1,-4,0,-11,-8,False,16,0.125,,False,not_highest_rpe_sl,,15,8-8-8-8-6-6,166,18,"{""EF1"": 1, ""EF2"": 4, ""EF3"": 6, ""EF4"": 4, ""EF5"": 8, ""SL5"": 2, ""SL6"": 3, ""SL7"": 3, ""Seuil3"": 6, ""Seuil4"": 4}",True,True,2
17,13,2,long_run_sl,8-8-8-8-6-6,8,-8,21,5,16,SL8,SL,8,8,6,8,1,False,rpe_max,True,1.142857142857143,1.5,0.06249999999999997,0.0,2.7053571428571432,4.440892098500626e-16,2.9226190476190474,5.627976190476191,13,-12,0,0,2,2,-4,0,-10,-8,False,16,0.25,,False,not_highest_rpe_sl,,15,8-8-8-8-6-6,166,18,"{""EF1"": 1, ""EF2"": 4, ""EF3"": 6, ""EF4"": 4, ""EF5"": 8, ""SL5"": 2, ""SL6"": 3, ""SL7"": 3, ""Seuil3"": 6, ""Seuil4"": 4}",True,True,1
17,14,2,long_run_sl,8-8-8-8-6-6,8,-8,24,5,19,SL7,SL,7,7,6,7,1,False,rpe_max,True,0.875,1.5,0.04166666666666666,0.0,2.4166666666666665,0.0,2.8333333333333335,5.25,12,-13,0,0,1,1,-4,0,-11,-8,False,16,0.125,,False,not_highest_rpe_sl,,15,8-8-8-8-6-6,187,20,"{""EF1"": 1, ""EF2"": 5, ""EF3"": 6, ""EF4"": 5, ""EF5"": 9, ""SL5"": 2, ""SL6"": 4, ""SL7"": 3, ""Seuil3"": 6, ""Seuil4"": 5}",True,True,2
17,14,2,long_run_sl,8-8-8-8-6-6,8,-8,24,5,19,SL8,SL,8,8,6,8,1,False,rpe_max,True,1.0,1.5,0.06249999999999997,0.0,2.5625000000000004,4.440892098500626e-16,2.8333333333333335,5.395833333333333,13,-12,0,0,2,2,-4,0,-10,-8,False,16,0.25,,False,not_highest_rpe_sl,,15,8-8-8-8-6-6,187,20,"{""EF1"": 1, ""EF2"": 5, ""EF3"": 6, ""EF4"": 5, ""EF5"": 9, ""SL5"": 2, ""SL6"": 4, ""SL7"": 3, ""Seuil3"": 6, ""Seuil4"": 5}",True,True,1
17,15,2,long_run_sl,8-8-8-8-6-6,8,-8,19,5,14,SL7,SL,7,7,6,7,1,False,rpe_max,True,1.1052631578947367,1.5,0.04166666666666666,0.0,2.6469298245614032,0.0,2.9978070175438596,5.644736842105263,12,-13,0,0,1,1,-4,0,-11,-8,False,16,0.125,,False,not_highest_rpe_sl,,15,8-8-8-8-6-6,206,22,"{""EF1"": 1, ""EF2"": 5, ""EF3"": 6, ""EF4"": 6, ""EF5"": 10, ""SL5"": 2, ""SL6"": 5, ""SL7"": 3, ""Seuil3"": 6, ""Seuil4"": 6}",True,True,2
17,15,2,long_run_sl,8-8-8-8-6-6,8,-8,19,5,14,SL8,SL,8,8,6,8,1,False,rpe_max,True,1.2631578947368423,1.5,0.06249999999999997,0.0,2.8256578947368425,4.440892098500626e-16,2.9978070175438596,5.823464912280702,13,-12,0,0,2,2,-4,0,-10,-8,False,16,0.25,,False,not_highest_rpe_sl,,15,8-8-8-8-6-6,206,22,"{""EF1"": 1, ""EF2"": 5, ""EF3"": 6, ""EF4"": 6, ""EF5"": 10, ""SL5"": 2, ""SL6"": 5, ""SL7"": 3, ""Seuil3"": 6, ""Seuil4"": 6}",True,True,1
18,8,2,long_run_sl,8-8-6-6-6,8,-8,17,5,12,SL6,SL,6,6,5,6,1,False,rpe_max,True,1.058823529411765,1.5,0.025000000000000022,-0.75,1.8338235294117653,4.440892098500626e-16,3.1323529411764706,4.966176470588236,11,-9,0,0,1,1,-4,0,-11,-8,False,16,0.125,,False,not_highest_rpe_sl,,13,8-8-6-6-6,80,8,"{""EF2"": 2, ""EF3"": 4, ""EF4"": 4, ""EF5"": 3, ""SL5"": 2, ""SL6"": 1, ""Seuil3"": 3, ""Seuil4"": 2}",False,False,2
18,10,2,long_run_sl,8-8-6-6-6-6,8,-8,24,5,19,SL7,SL,7,7,6,7,1,False,rpe_max,True,0.875,1.5,0.04166666666666666,0.0,2.4166666666666665,0.0,2.8333333333333335,5.25,12,-11,0,0,1,1,-4,0,-11,-8,False,16,0.125,,False,not_highest_rpe_sl,,14,8-8-6-6-6-6,101,10,"{""EF2"": 2, ""EF3"": 4, ""EF4"": 4, ""EF5"": 5, ""SL5"": 3, ""SL6"": 2, ""Seuil3"": 3, ""Seuil4"": 2}",True,True,1
18,13,2,long_run_sl,8-8-8-8-6-6,8,-8,24,5,19,SL8,SL,8,8,7,8,1,False,rpe_max,True,1.0,1.5,0.053571428571428575,0.0,2.553571428571429,4.440892098500626e-16,2.8035714285714284,5.357142857142857,13,-12,0,0,1,1,-4,0,-11,-8,False,16,0.125,,False,not_highest_rpe_sl,,15,8-8-8-8-6-6,154,16,"{""EF2"": 5, ""EF3"": 4, ""EF4"": 4, ""EF5"": 8, ""SL5"": 3, ""SL6"": 3, ""SL7"": 2, ""Seuil3"": 3, ""Seuil4"": 5}",True,True,1
18,16,2,long_run_sl,8-8-8-8-6-6,8,-8,25,5,20,SL8,SL,8,8,7,8,1,False,rpe_max,True,0.96,1.5,0.053571428571428575,0.0,2.513571428571429,4.440892098500626e-16,2.7785714285714285,5.292142857142857,13,-12,0,0,1,1,-4,0,-11,-8,False,16,0.125,,False,not_highest_rpe_sl,,16,8-8-8-8-6-6,211,22,"{""EF2"": 7, ""EF3"": 5, ""EF4"": 4, ""EF5"": 11, ""SL5"": 3, ""SL6"": 3, ""SL7"": 3, ""SL8"": 2, ""Seuil3"": 3, ""Seuil4"": 8}",True,True,2
18,16,2,long_run_sl,8-8-8-8-6-6,8,-8,25,5,20,SL9,SL,9,9,7,9,1,False,rpe_max,True,1.08,1.5,0.07142857142857142,0.0,2.6514285714285712,-4.440892098500626e-16,2.7785714285714285,5.43,14,-11,0,0,2,2,-4,0,-10,-8,False,16,0.25,,False,not_highest_rpe_sl,,16,8-8-8-8-6-6,211,22,"{""EF2"": 7, ""EF3"": 5, ""EF4"": 4, ""EF5"": 11, ""SL5"": 3, ""SL6"": 3, ""SL7"": 3, ""SL8"": 2, ""Seuil3"": 3, ""Seuil4"": 8}",True,True,1
19,6,2,long_run_sl,8-6-6-6-6,8,-5,15,5,10,SL6,SL,6,6,5,6,1,False,rpe_max,True,1.1999999999999997,1.5,0.025000000000000022,-1.25,1.4749999999999996,0.0,3.25,4.725,11,-8,0,0,1,1,-4,0,-8,-8,False,16,0.125,,False,not_highest_rpe_sl,,12,8-6-6-6-6,51,5,"{""EF2"": 2, ""EF3"": 3, ""EF4"": 2, ""EF5"": 2, ""SL5"": 2, ""Seuil3"": 2, ""Seuil4"": 1}",False,False,2
19,11,2,long_run_sl,8-8-8-6-6-6,8,-8,25,5,20,SL8,SL,8,8,7,8,1,False,rpe_max,True,0.96,1.5,0.053571428571428575,0.0,2.513571428571429,4.440892098500626e-16,2.7785714285714285,5.292142857142857,13,-11,0,0,1,1,-4,0,-11,-8,False,16,0.125,,False,not_highest_rpe_sl,,15,8-8-8-6-6-6,135,13,"{""EF1"": 1, ""EF2"": 2, ""EF3"": 3, ""EF4"": 5, ""EF5"": 8, ""SL5"": 3, ""SL6"": 2, ""SL7"": 2, ""Seuil3"": 4, ""Seuil4"": 2}",True,True,1
19,14,2,long_run_sl,8-8-8-8-6-6,8,-8,20,5,15,SL8,SL,8,8,7,8,1,False,rpe_max,True,1.2000000000000002,1.5,0.053571428571428575,0.0,2.753571428571428,-4.440892098500626e-16,2.9285714285714284,5.682142857142857,13,-12,0,0,1,1,-4,0,-11,-8,False,16,0.125,,False,not_highest_rpe_sl,,16,8-8-8-8-6-6,194,19,"{""EF1"": 2, ""EF2"": 4, ""EF3"": 3, ""EF4"": 6, ""EF5"": 11, ""SL5"": 3, ""SL6"": 2, ""SL7"": 3, ""SL8"": 2, ""Seuil3"": 4, ""Seuil4"": 5}",True,True,2
19,14,2,long_run_sl,8-8-8-8-6-6,8,-8,20,5,15,SL9,SL,9,9,7,9,1,False,rpe_max,True,1.3499999999999996,1.5,0.07142857142857142,0.0,2.921428571428571,-4.440892098500626e-16,2.9285714285714284,5.85,14,-11,0,0,2,2,-4,0,-10,-8,False,16,0.25,,False,not_highest_rpe_sl,,16,8-8-8-8-6-6,194,19,"{""EF1"": 2, ""EF2"": 4, ""EF3"": 3, ""EF4"": 6, ""EF5"": 11, ""SL5"": 3, ""SL6"": 2, ""SL7"": 3, ""SL8"": 2, ""Seuil3"": 4, ""Seuil4"": 5}",True,True,1
19,15,2,long_run_sl,8-8-8-8-6-6,8,-8,23,5,18,SL9,SL,9,9,8,9,1,False,rpe_max,True,1.173913043478261,1.5,0.0625,0.0,2.7364130434782608,0.0,2.8084239130434785,5.544836956521739,14,-11,0,0,1,1,-4,0,-11,-8,False,16,0.125,,False,not_highest_rpe_sl,,16,8-8-8-8-6-6,213,21,"{""EF1"": 2, ""EF2"": 4, ""EF3"": 4, ""EF4"": 6, ""EF5"": 12, ""SL5"": 3, ""SL6"": 2, ""SL7"": 4, ""SL8"": 2, ""Seuil3"": 4, ""Seuil4"": 6}",True,True,1
19,16,2,long_run_sl,8-8-8-8-6-6,8,-8,28,5,23,SL9,SL,9,9,8,9,1,False,rpe_max,True,0.9642857142857143,1.5,0.0625,0.0,2.5267857142857144,0.0,2.6919642857142856,5.21875,14,-11,0,0,1,1,-4,0,-11,-8,False,16,0.125,,False,not_highest_rpe_sl,,16,8-8-8-8-6-6,236,23,"{""EF1"": 2, ""EF2"": 5, ""EF3"": 4, ""EF4"": 7, ""EF5"": 13, ""SL5"": 3, ""SL6"": 2, ""SL7"": 4, ""SL8"": 3, ""Seuil3"": 4, ""Seuil4"": 7}",True,True,1
20,9,1,long_run_ef,8-8-6-6-6,8,-8,12,0,12,EF5,EF,5,5,4,5,0,False,rpe_max,True,1.25,0.0,0.3125,0.0,1.5625,0.0,2.0,3.5625,5,-15,0,0,1,1,-4,0,-11,-8,False,16,0.125,,False,not_highest_rpe_ef,,14,8-8-6-6-6,89,10,"{""EF1"": 1, ""EF2"": 3, ""EF3"": 4, ""EF4"": 2, ""EF5"": 4, ""SL5"": 2, ""SL6"": 2, ""Seuil3"": 4, ""Seuil4"": 2}",True,True,1
20,9,2,weighted_greedy,8-8-6-6-6,8,-8,12,4,8,EF5,EF,5,5,4,5,0,False,rpe_max,True,1.25,0.0,0.03125,0.0,1.28125,0.0,3.25,4.53125,9,-11,0,0,1,1,-4,0,-11,-8,False,16,0.125,,False,illegal,,14,8-8-6-6-6,89,10,"{""EF1"": 1, ""EF2"": 3, ""EF3"": 4, ""EF4"": 2, ""EF5"": 4, ""SL5"": 2, ""SL6"": 2, ""Seuil3"": 4, ""Seuil4"": 2}",False,False,10
20,9,2,weighted_greedy,8-8-6-6-6,8,-8,12,4,8,Seuil5,Seuil,5,5,4,5,1,False,rpe_max,True,1.25,1.5,0.03125,0.0,2.78125,0.0,3.25,6.03125,9,-11,0,0,1,1,-4,0,-11,-8,False,16,0.125,,False,illegal,,14,8-8-6-6-6,89,10,"{""EF1"": 1, ""EF2"": 3, ""EF3"": 4, ""EF4"": 2, ""EF5"": 4, ""SL5"": 2, ""SL6"": 2, ""Seuil3"": 4, ""Seuil4"": 2}",True,True,2
20,9,2,weighted_greedy,8-8-6-6-6,8,-8,12,4,8,SL5,SL,5,5,4,5,1,False,rpe_max,True,1.25,1.5,0.03125,0.0,2.78125,0.0,3.25,6.03125,9,-11,0,0,1,1,-4,0,-11,-8,False,16,0.125,,False,illegal,,14,8-8-6-6-6,89,10,"{""EF1"": 1, ""EF2"": 3, ""EF3"": 4, ""EF4"": 2, ""EF5"": 4, ""SL5"": 2, ""SL6"": 2, ""Seuil3"": 4, ""Seuil4"": 2}",True,True,3
20,9,2,weighted_greedy,8-8-6-6-6,8,-8,12,4,8,SL6,SL,6,6,4,6,1,False,rpe_max,True,1.5,1.5,0.0625,0.0,3.0625,0.0,3.25,6.3125,10,-10,0,0,2,2,-4,0,-10,-8,False,16,0.25,,False,illegal,,14,8-8-6-6-6,89,10,"{""EF1"": 1, ""EF2"": 3, ""EF3"": 4, ""EF4"": 2, ""EF5"": 4, ""SL5"": 2, ""SL6"": 2, ""Seuil3"": 4, ""Seuil4"": 2}",True,True,1
20,9,2,weighted_greedy,8-8-6-6-6,8,-8,12,4,8,SL7,SL,7,7,4,7,1,False,rpe_max,True,1.75,1.5,0.09375,-0.75,2.59375,0.0,3.25,5.84375,11,-9,0,0,3,3,-4,0,-9,-8,False,16,0.375,,False,illegal,,14,8-8-6-6-6,89,10,"{""EF1"": 1, ""EF2"": 3, ""EF3"": 4, ""EF4"": 2, ""EF5"": 4, ""SL5"": 2, ""SL6"": 2, ""Seuil3"": 4, ""Seuil4"": 2}",True,True,4
20,10,2,long_run_sl,8-8-6-6-6,8,-8,19,5,14,SL7,SL,7,7,6,7,1,False,rpe_max,True,1.1052631578947367,1.5,0.04166666666666666,-1.25,1.3969298245614032,-2.220446049250313e-16,2.9978070175438596,4.394736842105263,12,-8,0,0,1,1,-4,0,-11,-8,False,16,0.125,,False,not_highest_rpe_sl,,14,8-8-6-6-6,99,11,"{""EF1"": 1, ""EF2"": 4, ""EF3"": 4, ""EF4"": 3, ""EF5"": 4, ""SL5"": 2, ""SL6"": 2, ""Seuil3"": 4, ""Seuil4"": 3}",False,False,3
20,11,2,long_run_sl,8-8-8-6-6-6,8,-8,14,5,9,SL6,SL,6,6,5,6,1,False,rpe_max,True,1.2857142857142858,1.5,0.025000000000000022,0.0,2.810714285714286,0.0,3.321428571428571,6.132142857142857,11,-13,0,0,1,1,-4,0,-11,-8,False,16,0.125,,False,not_highest_rpe_sl,,14,8-8-8-6-6-6,110,12,"{""EF1"": 1, ""EF2"": 4, ""EF3"": 4, ""EF4"": 3, ""EF5"": 5, ""SL5"": 2, ""SL6"": 3, ""Seuil3"": 4, ""Seuil4"": 3}",True,True,2
20,11,2,long_run_sl,8-8-8-6-6-6,8,-8,14,5,9,SL7,SL,7,7,5,7,1,False,rpe_max,True,1.4999999999999998,1.5,0.04999999999999999,0.0,3.05,0.0,3.321428571428571,6.371428571428571,12,-12,0,0,2,2,-4,0,-10,-8,False,16,0.25,,False,not_highest_rpe_sl,,14,8-8-8-6-6-6,110,12,"{""EF1"": 1, ""EF2"": 4, ""EF3"": 4, ""EF4"": 3, ""EF5"": 5, ""SL5"": 2, ""SL6"": 3, ""Seuil3"": 4, ""Seuil4"": 3}",True,True,1
20,12,1,long_run_ef,8-8-8-6-6-6,8,-8,14,0,14,EF5,EF,5,5,4,5,0,False,rpe_max,True,1.0714285714285714,0.0,0.3125,0.0,1.3839285714285712,-2.220446049250313e-16,2.0,3.383928571428571,5,-19,0,0,1,1,-4,0,-11,-8,False,16,0.125,,False,not_highest_rpe_ef,,14,8-8-8-6-6-6,124,13,"{""EF1"": 1, ""EF2"": 4, ""EF3"": 4, ""EF4"": 4, ""EF5"": 6, ""SL5"": 3, ""SL6"": 3, ""Seuil3"": 4, ""Seuil4"": 3}",True,True,1
20,12,2,weighted_greedy,8-8-8-6-6-6,8,-8,14,4,10,EF5,EF,5,5,4,5,0,False,rpe_max,True,1.0714285714285716,0.0,0.03125,0.0,1.1026785714285716,0.0,3.107142857142857,4.209821428571429,9,-15,0,0,1,1,-4,0,-11,-8,False,16,0.125,,False,illegal,,14,8-8-8-6-6-6,124,13,"{""EF1"": 1, ""EF2"": 4, ""EF3"": 4, ""EF4"": 4, ""EF5"": 6, ""SL5"": 3, ""SL6"": 3, ""Seuil3"": 4, ""Seuil4"": 3}",False,False,10
20,12,2,weighted_greedy,8-8-8-6-6-6,8,-8,14,4,10,Seuil5,Seuil,5,5,4,5,1,False,rpe_max,True,1.0714285714285716,1.5,0.03125,0.0,2.6026785714285716,0.0,3.107142857142857,5.709821428571429,9,-15,0,0,1,1,-4,0,-11,-8,False,16,0.125,,False,illegal,,14,8-8-8-6-6-6,124,13,"{""EF1"": 1, ""EF2"": 4, ""EF3"": 4, ""EF4"": 4, ""EF5"": 6, ""SL5"": 3, ""SL6"": 3, ""Seuil3"": 4, ""Seuil4"": 3}",True,True,3
20,12,2,weighted_greedy,8-8-8-6-6-6,8,-8,14,4,10,SL5,SL,5,5,4,5,1,False,rpe_max,True,1.0714285714285716,1.5,0.03125,0.0,2.6026785714285716,0.0,3.107142857142857,5.709821428571429,9,-15,0,0,1,1,-4,0,-11,-8,False,16,0.125,,False,illegal,,14,8-8-8-6-6-6,124,13,"{""EF1"": 1, ""EF2"": 4, ""EF3"": 4, ""EF4"": 4, ""EF5"": 6, ""SL5"": 3, ""SL6"": 3, ""Seuil3"": 4, ""Seuil4"": 3}",True,True,4
20,12,2,weighted_greedy,8-8-8-6-6-6,8,-8,14,4,10,SL6,SL,6,6,4,6,1,False,rpe_max,True,1.2857142857142856,1.5,0.0625,0.0,2.848214285714285,-4.440892098500626e-16,3.107142857142857,5.955357142857142,10,-14,0,0,2,2,-4,0,-10,-8,False,16,0.25,,False,illegal,,14,8-8-8-6-6-6,124,13,"{""EF1"": 1, ""EF2"": 4, ""EF3"": 4, ""EF4"": 4, ""EF5"": 6, ""SL5"": 3, ""SL6"": 3, ""Seuil3"": 4, ""Seuil4"": 3}",True,True,2
20,12,2,weighted_greedy,8-8-8-6-6-6,8,-8,14,4,10,SL7,SL,7,7,4,7,1,False,rpe_max,True,1.5,1.5,0.09375,0.0,3.0937500000000004,4.440892098500626e-16,3.107142857142857,6.200892857142858,11,-13,0,0,3,3,-4,0,-9,-8,False,16,0.375,,False,illegal,,14,8-8-8-6-6-6,124,13,"{""EF1"": 1, ""EF2"": 4, ""EF3"": 4, ""EF4"": 4, ""EF5"": 6, ""SL5"": 3, ""SL6"": 3, ""Seuil3"": 4, ""Seuil4"": 3}",True,True,1
20,12,3,weighted_greedy,8-8-8-6-6-6,8,-8,14,8,6,EF5,EF,5,5,4,5,0,False,rpe_max,True,1.0714285714285714,0.0,0.020833333333333315,0.0,1.0922619047619042,-4.440892098500626e-16,5.464285714285714,6.556547619047619,13,-11,0,0,1,1,-4,0,-11,-8,False,16,0.125,,False,illegal,,14,8-8-8-6-6-6,124,13,"{""EF1"": 1, ""EF2"": 4, ""EF3"": 4, ""EF4"": 4, ""EF5"": 6, ""SL5"": 3, ""SL6"": 3, ""Seuil3"": 4, ""Seuil4"": 3}",True,True,1
20,13,2,long_run_sl,8-8-8-6-6-6,8,-8,25,5,20,SL7,SL,7,7,6,7,1,False,rpe_max,True,0.8399999999999999,1.5,0.04166666666666666,0.0,2.381666666666666,-4.440892098500626e-16,2.8083333333333336,5.1899999999999995,12,-12,0,0,1,1,-4,0,-11,-8,False,16,0.125,,False,not_highest_rpe_sl,,14,8-8-8-6-6-6,138,14,"{""EF1"": 1, ""EF2"": 5, ""EF3"": 4, ""EF4"": 6, ""EF5"": 6, ""SL5"": 3, ""SL6"": 3, ""Seuil3"": 4, ""Seuil4"": 4}",True,True,1
20,16,2,long_run_sl,8-8-8-8-6-6,8,-8,20,5,15,SL8,SL,8,8,7,8,1,False,rpe_max,True,1.2000000000000002,1.5,0.053571428571428575,0.0,2.753571428571428,-4.440892098500626e-16,2.9285714285714284,5.682142857142857,13,-12,0,0,1,1,-4,0,-11,-8,False,16,0.125,,False,not_highest_rpe_sl,,15,8-8-8-8-6-6,194,20,"{""EF1"": 1, ""EF2"": 5, ""EF3"": 7, ""EF4"": 6, ""EF5"": 9, ""SL5"": 3, ""SL6"": 4, ""SL7"": 2, ""Seuil3"": 4, ""Seuil4"": 7}",True,True,1
21,5,1,weighted_greedy,8-6-6-6,8,-5,7,0,7,EF3,EF,3,3,2,3,0,False,rpe_max,True,1.2857142857142856,0.0,0.375,0.0,1.6607142857142856,0.0,2.0,3.6607142857142856,3,-12,0,0,1,1,-4,0,-8,-8,False,16,0.125,,False,illegal,,10,8-6-6-6,39,5,"{""EF1"": 1, ""EF2"": 4, ""EF3"": 3, ""EF4"": 1, ""Seuil3"": 3, ""Seuil4"": 2}",True,True,2
21,5,1,weighted_greedy,8-6-6-6,8,-5,7,0,7,EF4,EF,4,4,2,4,0,False,rpe_max,True,1.7142857142857142,0.0,0.5,0.0,2.2142857142857144,0.0,2.0,4.214285714285714,4,-11,0,0,2,2,-4,0,-7,-7,False,15,0.25,,False,illegal,,10,8-6-6-6,39,5,"{""EF1"": 1, ""EF2"": 4, ""EF3"": 3, ""EF4"": 1, ""Seuil3"": 3, ""Seuil4"": 2}",True,True,1
21,5,2,weighted_greedy,8-6-6-6,8,-5,7,2,5,EF3,EF,3,3,2,3,0,False,rpe_max,True,1.2857142857142856,0.0,0.0625,0.0,1.3482142857142851,-4.440892098500626e-16,3.107142857142857,4.455357142857142,5,-10,0,0,1,1,-4,0,-8,-8,False,16,0.125,,False,illegal,,10,8-6-6-6,39,5,"{""EF1"": 1, ""EF2"": 4, ""EF3"": 3, ""EF4"": 1, ""Seuil3"": 3, ""Seuil4"": 2}",True,True,7
21,5,2,weighted_greedy,8-6-6-6,8,-5,7,2,5,EF4,EF,4,4,2,4,0,False,rpe_max,True,1.714285714285714,0.0,0.125,-0.75,1.089285714285714,0.0,3.107142857142857,4.196428571428571,6,-9,0,0,2,2,-4,0,-7,-7,False,15,0.25,,False,illegal,,10,8-6-6-6,39,5,"{""EF1"": 1, ""EF2"": 4, ""EF3"": 3, ""EF4"": 1, ""Seuil3"": 3, ""Seuil4"": 2}",True,True,8
21,5,2,weighted_greedy,8-6-6-6,8,-5,7,2,5,Seuil3,Seuil,3,3,2,3,1,False,rpe_max,True,1.2857142857142856,1.5,0.0625,0.0,2.848214285714285,-4.440892098500626e-16,3.107142857142857,5.955357142857142,5,-10,0,0,1,1,-4,0,-8,-8,False,16,0.125,,False,illegal,,10,8-6-6-6,39,5,"{""EF1"": 1, ""EF2"": 4, ""EF3"": 3, ""EF4"": 1, ""Seuil3"": 3, ""Seuil4"": 2}",True,True,1
21,5,2,weighted_greedy,8-6-6-6,8,-5,7,2,5,Seuil4,Seuil,4,4,2,4,1,False,rpe_max,True,1.714285714285714,1.5,0.125,-0.75,2.589285714285714,0.0,3.107142857142857,5.696428571428571,6,-9,0,0,2,2,-4,0,-7,-7,False,15,0.25,,False,illegal,,10,8-6-6-6,39,5,"{""EF1"": 1, ""EF2"": 4, ""EF3"": 3, ""EF4"": 1, ""Seuil3"": 3, ""Seuil4"": 2}",True,True,4
21,5,2,weighted_greedy,8-6-6-6,8,-5,7,2,5,Seuil5,Seuil,5,5,2,5,1,False,rpe_max,True,2.142857142857143,1.5,0.1875,-1.25,2.580357142857143,0.0,3.107142857142857,5.6875,7,-8,0,0,3,3,-4,0,-6,-6,False,14,0.375,,False,illegal,,10,8-6-6-6,39,5,"{""EF1"": 1, ""EF2"": 4, ""EF3"": 3, ""EF4"": 1, ""Seuil3"": 3, ""Seuil4"": 2}",True,True,6
21,5,2,weighted_greedy,8-6-6-6,8,-5,7,2,5,VMA3,VMA,3,3,2,3,1,False,rpe_max,True,1.2857142857142856,1.5,0.0625,0.0,2.848214285714285,-4.440892098500626e-16,3.107142857142857,5.955357142857142,5,-10,0,0,1,1,-4,0,-8,-8,False,16,0.125,,False,illegal,,10,8-6-6-6,39,5,"{""EF1"": 1, ""EF2"": 4, ""EF3"": 3, ""EF4"": 1, ""Seuil3"": 3, ""Seuil4"": 2}",True,True,2
21,5,2,weighted_greedy,8-6-6-6,8,-5,7,2,5,Force3,Force,3,3,2,3,1,False,rpe_max,True,1.2857142857142856,1.5,0.0625,0.0,2.848214285714285,-4.440892098500626e-16,3.107142857142857,5.955357142857142,5,-10,0,0,1,1,-4,0,-8,-8,False,16,0.125,,False,illegal,,10,8-6-6-6,39,5,"{""EF1"": 1, ""EF2"": 4, ""EF3"": 3, ""EF4"": 1, ""Seuil3"": 3, ""Seuil4"": 2}",True,True,3
21,5,2,weighted_greedy,8-6-6-6,8,-5,7,2,5,Spec4,Spec,4,4,2,4,1,False,rpe_max,True,1.714285714285714,1.5,0.125,-0.75,2.589285714285714,0.0,3.107142857142857,5.696428571428571,6,-9,0,0,2,2,-4,0,-7,-7,False,15,0.25,,False,illegal,,10,8-6-6-6,39,5,"{""EF1"": 1, ""EF2"": 4, ""EF3"": 3, ""EF4"": 1, ""Seuil3"": 3, ""Seuil4"": 2}",True,True,5
21,5,3,weighted_greedy,8-6-6-6,8,-5,7,4,3,EF3,EF,3,3,2,3,0,False,rpe_max,True,1.2857142857142858,0.0,0.041666666666666685,-1.25,0.07738095238095166,-8.326672684688674e-16,3.9642857142857144,4.041666666666667,7,-8,0,0,1,1,-4,0,-8,-8,False,16,0.125,,False,illegal,,10,8-6-6-6,39,5,"{""EF1"": 1, ""EF2"": 4, ""EF3"": 3, ""EF4"": 1, ""Seuil3"": 3, ""Seuil4"": 2}",False,False,6
21,5,3,weighted_greedy,8-6-6-6,8,-5,7,4,3,Seuil3,Seuil,3,3,2,3,1,False,rpe_max,True,1.2857142857142858,1.5,0.041666666666666685,-1.25,1.5773809523809526,0.0,3.9642857142857144,5.541666666666667,7,-8,0,0,1,1,-4,0,-8,-8,False,16,0.125,,False,illegal,,10,8-6-6-6,39,5,"{""EF1"": 1, ""EF2"": 4, ""EF3"": 3, ""EF4"": 1, ""Seuil3"": 3, ""Seuil4"": 2}",True,True,1
21,5,3,weighted_greedy,8-6-6-6,8,-5,7,4,3,VMA3,VMA,3,3,2,3,1,False,rpe_max,True,1.2857142857142858,1.5,0.041666666666666685,-1.25,1.5773809523809526,0.0,3.9642857142857144,5.541666666666667,7,-8,0,0,1,1,-4,0,-8,-8,False,16,0.125,,False,illegal,,10,8-6-6-6,39,5,"{""EF1"": 1, ""EF2"": 4, ""EF3"": 3, ""EF4"": 1, ""Seuil3"": 3, ""Seuil4"": 2}",True,True,2
21,5,3,weighted_greedy,8-6-6-6,8,-5,7,4,3,Force3,Force,3,3,2,3,1,False,rpe_max,True,1.2857142857142858,1.5,0.041666666666666685,-1.25,1.5773809523809526,0.0,3.9642857142857144,5.541666666666667,7,-8,0,0,1,1,-4,0,-8,-8,False,16,0.125,,False,illegal,,10,8-6-6-6,39,5,"{""EF1"": 1, ""EF2"": 4, ""EF3"": 3, ""EF4"": 1, ""Seuil3"": 3, ""Seuil4"": 2}",True,True,3
21,14,2,long_run_sl,8-8-8-8-6-6,8,-8,24,5,19,SL8,SL,8,8,7,8,1,False,rpe_max,True,1.0,1.5,0.053571428571428575,0.0,2.553571428571429,4.440892098500626e-16,2.8035714285714284,5.357142857142857,13,-12,0,0,1,1,-4,0,-11,-8,False,16,0.125,,False,not_highest_rpe_sl,,15,8-8-8-8-6-6,160,17,"{""EF1"": 2, ""EF2"": 10, ""EF3"": 3, ""EF4"": 4, ""EF5"": 7, ""SL5"": 3, ""SL6"": 2, ""SL7"": 2, ""Seuil3"": 4, ""Seuil4"": 5, ""Seuil5"": 1}",True,True,1
22,10,2,long_run_sl,8-8-6-6-6,8,-8,15,5,10,SL7,SL,7,7,6,7,1,False,rpe_max,True,1.4000000000000004,1.5,0.04166666666666666,-1.25,1.6916666666666673,2.220446049250313e-16,3.2083333333333335,4.9,12,-8,0,0,1,1,-4,0,-11,-8,False,16,0.125,,False,not_highest_rpe_sl,,14,8-8-6-6-6,98,9,"{""EF1"": 1, ""EF2"": 4, ""EF3"": 4, ""EF4"": 4, ""EF5"": 4, ""SL5"": 2, ""SL6"": 2, ""Seuil3"": 2, ""Seuil4"": 2, ""Seuil5"": 1}",False,False,3
22,13,2,long_run_sl,8-8-8-6-6-6,8,-8,24,5,19,SL8,SL,8,8,7,8,1,False,rpe_max,True,1.0,1.5,0.053571428571428575,0.0,2.553571428571429,4.440892098500626e-16,2.8035714285714284,5.357142857142857,13,-11,0,0,1,1,-4,0,-11,-8,False,16,0.125,,False,not_highest_rpe_sl,,15,8-8-8-6-6-6,146,14,"{""EF1"": 2, ""EF2"": 6, ""EF3"": 4, ""EF4"": 4, ""EF5"": 7, ""SL5"": 2, ""SL6"": 3, ""SL7"": 2, ""Seuil3"": 2, ""Seuil4"": 4, ""Seuil5"": 1}",True,True,1
22,14,2,long_run_sl,8-8-8-8-6-6,8,-8,25,5,20,SL8,SL,8,8,7,8,1,False,rpe_max,True,0.96,1.5,0.053571428571428575,0.0,2.513571428571429,4.440892098500626e-16,2.7785714285714285,5.292142857142857,13,-12,0,0,1,1,-4,0,-11,-8,False,16,0.125,,False,not_highest_rpe_sl,,15,8-8-8-8-6-6,164,16,"{""EF1"": 2, ""EF2"": 7, ""EF3"": 4, ""EF4"": 4, ""EF5"": 8, ""SL5"": 2, ""SL6"": 3, ""SL7"": 3, ""Seuil3"": 2, ""Seuil4"": 5, ""Seuil5"": 1}",True,True,1
22,15,2,long_run_sl,8-8-8-8-6-6,8,-8,24,5,19,SL8,SL,8,8,7,8,1,False,rpe_max,True,1.0,1.5,0.053571428571428575,0.0,2.553571428571429,4.440892098500626e-16,2.8035714285714284,5.357142857142857,13,-12,0,0,1,1,-4,0,-11,-8,False,16,0.125,,False,not_highest_rpe_sl,,15,8-8-8-8-6-6,183,18,"{""EF1"": 2, ""EF2"": 7, ""EF3"": 5, ""EF4"": 4, ""EF5"": 9, ""SL5"": 2, ""SL6"": 3, ""SL7"": 4, ""Seuil3"": 2, ""Seuil4"": 6, ""Seuil5"": 1}",True,True,1
22,16,2,long_run_sl,8-8-8-8-6-6,8,-8,20,5,15,SL8,SL,8,8,7,8,1,False,rpe_max,True,1.2000000000000002,1.5,0.053571428571428575,0.0,2.753571428571428,-4.440892098500626e-16,2.9285714285714284,5.682142857142857,13,-12,0,0,1,1,-4,0,-11,-8,False,16,0.125,,False,not_highest_rpe_sl,,15,8-8-8-8-6-6,202,20,"{""EF1"": 2, ""EF2"": 7, ""EF3"": 6, ""EF4"": 4, ""EF5"": 10, ""SL5"": 2, ""SL6"": 3, ""SL7"": 5, ""Seuil3"": 2, ""Seuil4"": 7, ""Seuil5"": 1}",True,True,1
23,9,2,long_run_sl,8-8-6-6-6,8,-7,21,5,16,SL7,SL,7,7,6,7,1,False,rpe_max,True,1.0,1.5,0.04166666666666666,-1.25,1.291666666666667,2.220446049250313e-16,2.9226190476190474,4.214285714285714,12,-8,0,0,1,1,-4,0,-10,-8,False,16,0.125,,False,not_highest_rpe_sl,,14,8-8-6-6-6,94,8,"{""EF1"": 2, ""EF2"": 4, ""EF3"": 4, ""EF4"": 4, ""EF5"": 4, ""SL5"": 2, ""SL6"": 2, ""Seuil3"": 2, ""Seuil4"": 2}",False,False,3
23,10,2,long_run_sl,8-8-6-6-6-6,8,-8,24,5,19,SL7,SL,7,7,6,7,1,False,rpe_max,True,0.875,1.5,0.04166666666666666,0.0,2.4166666666666665,0.0,2.8333333333333335,5.25,12,-11,0,0,1,1,-4,0,-11,-8,False,16,0.125,,False,not_highest_rpe_sl,,14,8-8-6-6-6-6,105,9,"{""EF1"": 2, ""EF2"": 4, ""EF3"": 4, ""EF4"": 4, ""EF5"": 5, ""SL5"": 2, ""SL6"": 3, ""Seuil3"": 2, ""Seuil4"": 2}",True,True,1
23,12,2,long_run_sl,8-8-8-6-6-6,8,-8,17,5,12,SL6,SL,6,6,5,6,1,False,rpe_max,True,1.058823529411765,1.5,0.025000000000000022,0.0,2.5838235294117653,4.440892098500626e-16,3.1323529411764706,5.716176470588236,11,-13,0,0,1,1,-4,0,-11,-8,False,16,0.125,,False,not_highest_rpe_sl,,14,8-8-8-6-6-6,143,13,"{""EF1"": 3, ""EF2"": 5, ""EF3"": 4, ""EF4"": 5, ""EF5"": 7, ""SL5"": 2, ""SL6"": 4, ""SL7"": 1, ""Seuil3"": 2, ""Seuil4"": 4}",True,True,2
23,12,2,long_run_sl,8-8-8-6-6-6,8,-8,17,5,12,SL7,SL,7,7,5,7,1,False,rpe_max,True,1.2352941176470589,1.5,0.04999999999999999,0.0,2.785294117647059,4.440892098500626e-16,3.1323529411764706,5.91764705882353,12,-12,0,0,2,2,-4,0,-10,-8,False,16,0.25,,False,not_highest_rpe_sl,,14,8-8-8-6-6-6,143,13,"{""EF1"": 3, ""EF2"": 5, ""EF3"": 4, ""EF4"": 5, ""EF5"": 7, ""SL5"": 2, ""SL6"": 4, ""SL7"": 1, ""Seuil3"": 2, ""Seuil4"": 4}",True,True,1
23,13,2,long_run_sl,8-8-8-6-6-6,8,-8,22,5,17,SL7,SL,7,7,6,7,1,False,rpe_max,True,0.9545454545454545,1.5,0.04166666666666666,0.0,2.4962121212121215,4.440892098500626e-16,2.890151515151515,5.386363636363637,12,-12,0,0,1,1,-4,0,-11,-8,False,16,0.125,,False,not_highest_rpe_sl,,14,8-8-8-6-6-6,160,15,"{""EF1"": 3, ""EF2"": 5, ""EF3"": 4, ""EF4"": 6, ""EF5"": 8, ""SL5"": 3, ""SL6"": 4, ""SL7"": 1, ""Seuil3"": 3, ""Seuil4"": 4}",True,True,1
24,5,1,long_run_ef,8-6-6-6,8,-3,10,0,10,EF5,EF,5,5,4,5,0,False,rpe_max,True,1.5,0.0,0.3125,0.0,1.8125,0.0,2.0,3.8125,5,-10,0,0,1,1,-4,0,-6,-6,False,14,0.125,,False,not_highest_rpe_ef,,11,8-6-6-6,43,5,"{""EF2"": 3, ""EF3"": 2, ""EF4"": 2, ""EF5"": 1, ""SL5"": 1, ""Seuil3"": 3, ""Seuil4"": 1}",True,True,1
24,5,2,weighted_greedy,8-6-6-6,8,-3,10,4,6,EF5,EF,5,5,4,5,0,False,rpe_max,True,1.5,0.0,0.03125,-1.5,0.03125,0.0,3.45,3.48125,9,-6,0,0,1,1,-3,1,-5,-5,False,13,0.125,,False,illegal,,11,8-6-6-6,43,5,"{""EF2"": 3, ""EF3"": 2, ""EF4"": 2, ""EF5"": 1, ""SL5"": 1, ""Seuil3"": 3, ""Seuil4"": 1}",False,False,8
24,5,2,weighted_greedy,8-6-6-6,8,-3,10,4,6,SL5,SL,5,5,4,5,1,False,rpe_max,True,1.5,1.5,0.03125,-1.5,1.53125,0.0,3.45,4.98125,9,-6,0,0,1,1,-3,1,-5,-5,False,13,0.125,,False,illegal,,11,8-6-6-6,43,5,"{""EF2"": 3, ""EF3"": 2, ""EF4"": 2, ""EF5"": 1, ""SL5"": 1, ""Seuil3"": 3, ""Seuil4"": 1}",True,True,1
24,9,2,long_run_sl,8-8-6-6-6,8,-8,16,5,11,SL7,SL,7,7,6,7,1,False,rpe_max,True,1.3125,1.5,0.04166666666666666,-1.25,1.604166666666667,2.220446049250313e-16,3.1458333333333335,4.75,12,-8,0,0,1,1,-4,0,-11,-8,False,16,0.125,,False,not_highest_rpe_sl,,14,8-8-6-6-6,89,9,"{""EF2"": 4, ""EF3"": 2, ""EF4"": 4, ""EF5"": 4, ""SL5"": 2, ""SL6"": 2, ""Seuil3"": 3, ""Seuil4"": 2}",False,False,3
24,10,2,long_run_sl,8-8-6-6-6-6,8,-8,22,5,17,SL7,SL,7,7,6,7,1,False,rpe_max,True,0.9545454545454545,1.5,0.04166666666666666,0.0,2.4962121212121215,4.440892098500626e-16,2.890151515151515,5.386363636363637,12,-11,0,0,1,1,-4,0,-11,-8,False,16,0.125,,False,not_highest_rpe_sl,,14,8-8-6-6-6-6,100,10,"{""EF2"": 4, ""EF3"": 2, ""EF4"": 4, ""EF5"": 5, ""SL5"": 2, ""SL6"": 3, ""Seuil3"": 3, ""Seuil4"": 2}",True,True,1
24,15,2,long_run_sl,8-8-8-8-6-6,8,-8,25,5,20,SL7,SL,7,7,6,7,1,False,rpe_max,True,0.8399999999999999,1.5,0.04166666666666666,0.0,2.381666666666666,-4.440892098500626e-16,2.8083333333333336,5.1899999999999995,12,-13,0,0,1,1,-4,0,-11,-8,False,16,0.125,,False,not_highest_rpe_sl,,16,8-8-8-8-6-6,199,20,"{""EF2"": 9, ""EF3"": 2, ""EF4"": 6, ""EF5"": 10, ""SL5"": 2, ""SL6"": 4, ""SL7"": 2, ""SL8"": 2, ""Seuil3"": 3, ""Seuil4"": 7}",True,True,3
24,15,2,long_run_sl,8-8-8-8-6-6,8,-8,25,5,20,SL8,SL,8,8,6,8,1,False,rpe_max,True,0.96,1.5,0.06249999999999997,0.0,2.5225,0.0,2.8083333333333336,5.3308333333333335,13,-12,0,0,2,2,-4,0,-10,-8,False,16,0.25,,False,not_highest_rpe_sl,,16,8-8-8-8-6-6,199,20,"{""EF2"": 9, ""EF3"": 2, ""EF4"": 6, ""EF5"": 10, ""SL5"": 2, ""SL6"": 4, ""SL7"": 2, ""SL8"": 2, ""Seuil3"": 3, ""Seuil4"": 7}",True,True,2
24,15,2,long_run_sl,8-8-8-8-6-6,8,-8,25,5,20,SL9,SL,9,9,6,9,1,False,rpe_max,True,1.08,1.5,0.08333333333333334,0.0,2.663333333333333,-4.440892098500626e-16,2.8083333333333336,5.471666666666667,14,-11,0,0,3,3,-4,0,-9,-8,False,16,0.375,,False,not_highest_rpe_sl,,16,8-8-8-8-6-6,199,20,"{""EF2"": 9, ""EF3"": 2, ""EF4"": 6, ""EF5"": 10, ""SL5"": 2, ""SL6"": 4, ""SL7"": 2, ""SL8"": 2, ""Seuil3"": 3, ""Seuil4"": 7}",True,True,1
24,16,2,long_run_sl,8-8-8-8-6-6,8,-8,24,5,19,SL8,SL,8,8,7,8,1,False,rpe_max,True,1.0,1.5,0.053571428571428575,0.0,2.553571428571429,4.440892098500626e-16,2.8035714285714284,5.357142857142857,13,-12,0,0,1,1,-4,0,-11,-8,False,16,0.125,,False,not_highest_rpe_sl,,16,8-8-8-8-6-6,218,22,"{""EF2"": 9, ""EF3"": 2, ""EF4"": 7, ""EF5"": 11, ""SL5"": 2, ""SL6"": 5, ""SL7"": 2, ""SL8"": 2, ""Seuil3"": 3, ""Seuil4"": 8}",True,True,2
24,16,2,long_run_sl,8-8-8-8-6-6,8,-8,24,5,19,SL9,SL,9,9,7,9,1,False,rpe_max,True,1.125,1.5,0.07142857142857142,0.0,2.696428571428571,-4.440892098500626e-16,2.8035714285714284,5.5,14,-11,0,0,2,2,-4,0,-10,-8,False,16,0.25,,False,not_highest_rpe_sl,,16,8-8-8-8-6-6,218,22,"{""EF2"": 9, ""EF3"": 2, ""EF4"": 7, ""EF5"": 11, ""SL5"": 2, ""SL6"": 5, ""SL7"": 2, ""SL8"": 2, ""Seuil3"": 3, ""Seuil4"": 8}",True,True,1
25,10,2,long_run_sl,8-8-6-6-6-6,8,-8,18,5,13,SL7,SL,7,7,6,7,1,False,rpe_max,True,1.1666666666666665,1.5,0.04166666666666666,0.0,2.708333333333333,0.0,3.0416666666666665,5.75,12,-11,0,0,1,1,-4,0,-11,-8,False,16,0.125,,False,not_highest_rpe_sl,,13,8-8-6-6-6-6,107,10,"{""EF1"": 1, ""EF2"": 2, ""EF3"": 4, ""EF4"": 5, ""EF5"": 5, ""SL5"": 2, ""SL6"": 2, ""SL7"": 1, ""Seuil3"": 4, ""Seuil4"": 1}",True,True,1
25,14,2,long_run_sl,8-8-8-8-6-6,8,-8,26,5,21,SL9,SL,9,9,8,9,1,False,rpe_max,True,1.0384615384615383,1.5,0.0625,0.0,2.600961538461538,-4.440892098500626e-16,2.733173076923077,5.334134615384615,14,-11,0,0,1,1,-4,0,-11,-8,False,16,0.125,,False,not_highest_rpe_sl,,16,8-8-8-8-6-6,183,18,"{""EF1"": 2, ""EF2"": 5, ""EF3"": 4, ""EF4"": 6, ""EF5"": 9, ""SL5"": 2, ""SL6"": 3, ""SL7"": 2, ""SL8"": 2, ""Seuil3"": 4, ""Seuil4"": 5}",True,True,1
25,15,2,long_run_sl,8-8-8-8-6-6,8,-8,19,5,14,SL7,SL,7,7,6,7,1,False,rpe_max,True,1.1052631578947367,1.5,0.04166666666666666,0.0,2.6469298245614032,0.0,2.9978070175438596,5.644736842105263,12,-13,0,0,1,1,-4,0,-11,-8,False,16,0.125,,False,not_highest_rpe_sl,,16,8-8-8-8-6-6,202,20,"{""EF1"": 2, ""EF2"": 6, ""EF3"": 4, ""EF4"": 6, ""EF5"": 10, ""SL5"": 2, ""SL6"": 3, ""SL7"": 2, ""SL8"": 3, ""Seuil3"": 4, ""Seuil4"": 6}",True,True,3
25,15,2,long_run_sl,8-8-8-8-6-6,8,-8,19,5,14,SL8,SL,8,8,6,8,1,False,rpe_max,True,1.2631578947368423,1.5,0.06249999999999997,0.0,2.8256578947368425,4.440892098500626e-16,2.9978070175438596,5.823464912280702,13,-12,0,0,2,2,-4,0,-10,-8,False,16,0.25,,False,not_highest_rpe_sl,,16,8-8-8-8-6-6,202,20,"{""EF1"": 2, ""EF2"": 6, ""EF3"": 4, ""EF4"": 6, ""EF5"": 10, ""SL5"": 2, ""SL6"": 3, ""SL7"": 2, ""SL8"": 3, ""Seuil3"": 4, ""Seuil4"": 6}",True,True,2
25,15,2,long_run_sl,8-8-8-8-6-6,8,-8,19,5,14,SL9,SL,9,9,6,9,1,False,rpe_max,True,1.4210526315789471,1.5,0.08333333333333334,0.0,3.004385964912281,4.440892098500626e-16,2.9978070175438596,6.00219298245614,14,-11,0,0,3,3,-4,0,-9,-8,False,16,0.375,,False,not_highest_rpe_sl,,16,8-8-8-8-6-6,202,20,"{""EF1"": 2, ""EF2"": 6, ""EF3"": 4, ""EF4"": 6, ""EF5"": 10, ""SL5"": 2, ""SL6"": 3, ""SL7"": 2, ""SL8"": 3, ""Seuil3"": 4, ""Seuil4"": 6}",True,True,1
25,16,2,long_run_sl,8-8-8-8-6-6,8,-8,30,5,25,SL9,SL,9,9,8,9,1,False,rpe_max,True,0.8999999999999999,1.5,0.0625,0.0,2.4625000000000004,4.440892098500626e-16,2.65625,5.11875,14,-11,0,0,1,1,-4,0,-11,-8,False,16,0.125,,False,not_highest_rpe_sl,,16,8-8-8-8-6-6,221,22,"{""EF1"": 2, ""EF2"": 6, ""EF3"": 4, ""EF4"": 7, ""EF5"": 11, ""SL5"": 2, ""SL6"": 4, ""SL7"": 2, ""SL8"": 3, ""Seuil3"": 4, ""Seuil4"": 7}",True,True,1
26,9,2,long_run_sl,8-8-6-6-6,8,-8,13,5,8,SL6,SL,6,6,5,6,1,False,rpe_max,True,1.3846153846153844,1.5,0.025000000000000022,-0.75,2.1596153846153845,0.0,3.403846153846154,5.563461538461539,11,-9,0,0,1,1,-4,0,-11,-8,False,16,0.125,,False,not_highest_rpe_sl,,14,8-8-6-6-6,95,10,"{""EF1"": 1, ""EF2"": 4, ""EF3"": 4, ""EF4"": 3, ""EF5"": 4, ""SL5"": 2, ""SL6"": 2, ""Seuil3"": 4, ""Seuil4"": 2}",False,False,2
26,9,2,long_run_sl,8-8-6-6-6,8,-8,13,5,8,SL7,SL,7,7,5,7,1,False,rpe_max,True,1.6153846153846152,1.5,0.04999999999999999,-1.25,1.9153846153846148,-4.440892098500626e-16,3.403846153846154,5.319230769230769,12,-8,0,0,2,2,-4,0,-10,-8,False,16,0.25,,False,not_highest_rpe_sl,,14,8-8-6-6-6,95,10,"{""EF1"": 1, ""EF2"": 4, ""EF3"": 4, ""EF4"": 3, ""EF5"": 4, ""SL5"": 2, ""SL6"": 2, ""Seuil3"": 4, ""Seuil4"": 2}",False,False,3
26,10,2,long_run_sl,8-8-6-6-6-6,8,-8,21,5,16,SL7,SL,7,7,6,7,1,False,rpe_max,True,1.0,1.5,0.04166666666666666,0.0,2.541666666666667,4.440892098500626e-16,2.9226190476190474,5.464285714285714,12,-11,0,0,1,1,-4,0,-11,-8,False,16,0.125,,False,not_highest_rpe_sl,,14,8-8-6-6-6-6,105,11,"{""EF1"": 1, ""EF2"": 4, ""EF3"": 4, ""EF4"": 3, ""EF5"": 5, ""SL5"": 3, ""SL6"": 2, ""Seuil3"": 4, ""Seuil4"": 2}",True,True,1
26,13,2,long_run_sl,8-8-8-8-6-6,8,-8,15,5,10,SL6,SL,6,6,5,6,1,False,rpe_max,True,1.1999999999999997,1.5,0.025000000000000022,0.0,2.7249999999999996,0.0,3.25,5.975,11,-14,0,0,1,1,-4,0,-11,-8,False,16,0.125,,False,not_highest_rpe_sl,,15,8-8-8-8-6-6,166,17,"{""EF1"": 1, ""EF2"": 7, ""EF3"": 4, ""EF4"": 5, ""EF5"": 8, ""SL5"": 3, ""SL6"": 3, ""SL7"": 2, ""Seuil3"": 4, ""Seuil4"": 5}",True,True,3
26,13,2,long_run_sl,8-8-8-8-6-6,8,-8,15,5,10,SL7,SL,7,7,5,7,1,False,rpe_max,True,1.4000000000000004,1.5,0.04999999999999999,0.0,2.95,0.0,3.25,6.2,12,-13,0,0,2,2,-4,0,-10,-8,False,16,0.25,,False,not_highest_rpe_sl,,15,8-8-8-8-6-6,166,17,"{""EF1"": 1, ""EF2"": 7, ""EF3"": 4, ""EF4"": 5, ""EF5"": 8, ""SL5"": 3, ""SL6"": 3, ""SL7"": 2, ""Seuil3"": 4, ""Seuil4"": 5}",True,True,2
26,13,2,long_run_sl,8-8-8-8-6-6,8,-8,15,5,10,SL8,SL,8,8,5,8,1,False,rpe_max,True,1.6,1.5,0.07500000000000001,0.0,3.175,-4.440892098500626e-16,3.25,6.425,13,-12,0,0,3,3,-4,0,-9,-8,False,16,0.375,,False,not_highest_rpe_sl,,15,8-8-8-8-6-6,166,17,"{""EF1"": 1, ""EF2"": 7, ""EF3"": 4, ""EF4"": 5, ""EF5"": 8, ""SL5"": 3, ""SL6"": 3, ""SL7"": 2, ""Seuil3"": 4, ""Seuil4"": 5}",True,True,1
26,14,2,long_run_sl,8-8-8-8-6-6,8,-8,23,5,18,SL8,SL,8,8,7,8,1,False,rpe_max,True,1.0434782608695652,1.5,0.053571428571428575,0.0,2.597049689440994,0.0,2.830745341614907,5.427795031055901,13,-12,0,0,1,1,-4,0,-11,-8,False,16,0.125,,False,not_highest_rpe_sl,,15,8-8-8-8-6-6,181,18,"{""EF1"": 1, ""EF2"": 7, ""EF3"": 4, ""EF4"": 5, ""EF5"": 10, ""SL5"": 4, ""SL6"": 3, ""SL7"": 2, ""Seuil3"": 4, ""Seuil4"": 5}",True,True,1
26,16,2,long_run_sl,8-8-8-8-6-6,8,-8,20,5,15,SL7,SL,7,7,6,7,1,False,rpe_max,True,1.0499999999999998,1.5,0.04166666666666666,0.0,2.5916666666666663,0.0,2.9583333333333335,5.55,12,-13,0,0,1,1,-4,0,-11,-8,False,16,0.125,,False,not_highest_rpe_sl,,15,8-8-8-8-6-6,223,22,"{""EF1"": 1, ""EF2"": 8, ""EF3"": 5, ""EF4"": 6, ""EF5"": 12, ""SL5"": 4, ""SL6"": 3, ""SL7"": 3, ""SL8"": 1, ""Seuil3"": 4, ""Seuil4"": 7}",True,True,2
26,16,2,long_run_sl,8-8-8-8-6-6,8,-8,20,5,15,SL8,SL,8,8,6,8,1,False,rpe_max,True,1.2000000000000002,1.5,0.06249999999999997,0.0,2.7624999999999997,-4.440892098500626e-16,2.9583333333333335,5.720833333333333,13,-12,0,0,2,2,-4,0,-10,-8,False,16,0.25,,False,not_highest_rpe_sl,,15,8-8-8-8-6-6,223,22,"{""EF1"": 1, ""EF2"": 8, ""EF3"": 5, ""EF4"": 6, ""EF5"": 12, ""SL5"": 4, ""SL6"": 3, ""SL7"": 3, ""SL8"": 1, ""Seuil3"": 4, ""Seuil4"": 7}",True,True,1
27,9,2,long_run_sl,8-8-6-6-6,8,-8,17,5,12,SL7,SL,7,7,6,7,1,False,rpe_max,True,1.2352941176470589,1.5,0.04166666666666666,-1.25,1.526960784313725,-6.661338147750939e-16,3.090686274509804,4.617647058823529,12,-8,0,0,1,1,-4,0,-11,-8,False,16,0.125,,False,not_highest_rpe_sl,,13,8-8-6-6-6,91,9,"{""EF1"": 1, ""EF2"": 4, ""EF3"": 4, ""EF4"": 3, ""EF5"": 4, ""SL5"": 2, ""SL6"": 2, ""Seuil3"": 4, ""Seuil4"": 1}",False,False,3
27,12,2,long_run_sl,8-8-8-6-6-6,8,-8,17,5,12,SL8,SL,8,8,7,8,1,False,rpe_max,True,1.4117647058823528,1.5,0.053571428571428575,0.0,2.965336134453781,0.0,3.060924369747899,6.02626050420168,13,-11,0,0,1,1,-4,0,-11,-8,False,16,0.125,,False,not_highest_rpe_sl,,15,8-8-8-6-6-6,141,14,"{""EF1"": 2, ""EF2"": 5, ""EF3"": 4, ""EF4"": 4, ""EF5"": 7, ""SL5"": 2, ""SL6"": 3, ""SL7"": 2, ""Seuil3"": 4, ""Seuil4"": 3}",True,True,1
27,14,2,long_run_sl,8-8-8-8-6-6,8,-8,24,5,19,SL7,SL,7,7,6,7,1,False,rpe_max,True,0.875,1.5,0.04166666666666666,0.0,2.4166666666666665,0.0,2.8333333333333335,5.25,12,-13,0,0,1,1,-4,0,-11,-8,False,16,0.125,,False,not_highest_rpe_sl,,15,8-8-8-8-6-6,177,18,"{""EF1"": 2, ""EF2"": 7, ""EF3"": 4, ""EF4"": 4, ""EF5"": 9, ""SL5"": 2, ""SL6"": 3, ""SL7"": 3, ""SL8"": 1, ""Seuil3"": 5, ""Seuil4"": 4}",True,True,2
27,14,2,long_run_sl,8-8-8-8-6-6,8,-8,24,5,19,SL8,SL,8,8,6,8,1,False,rpe_max,True,1.0,1.5,0.06249999999999997,0.0,2.5625000000000004,4.440892098500626e-16,2.8333333333333335,5.395833333333333,13,-12,0,0,2,2,-4,0,-10,-8,False,16,0.25,,False,not_highest_rpe_sl,,15,8-8-8-8-6-6,177,18,"{""EF1"": 2, ""EF2"": 7, ""EF3"": 4, ""EF4"": 4, ""EF5"": 9, ""SL5"": 2, ""SL6"": 3, ""SL7"": 3, ""SL8"": 1, ""Seuil3"": 5, ""Seuil4"": 4}",True,True,1
27,15,2,long_run_sl,8-8-8-8-6-6,8,-8,21,5,16,SL7,SL,7,7,6,7,1,False,rpe_max,True,1.0,1.5,0.04166666666666666,0.0,2.541666666666667,4.440892098500626e-16,2.9226190476190474,5.464285714285714,12,-13,0,0,1,1,-4,0,-11,-8,False,16,0.125,,False,not_highest_rpe_sl,,15,8-8-8-8-6-6,196,20,"{""EF1"": 2, ""EF2"": 7, ""EF3"": 4, ""EF4"": 5, ""EF5"": 10, ""SL5"": 2, ""SL6"": 4, ""SL7"": 3, ""SL8"": 1, ""Seuil3"": 5, ""Seuil4"": 5}",True,True,2
27,15,2,long_run_sl,8-8-8-8-6-6,8,-8,21,5,16,SL8,SL,8,8,6,8,1,False,rpe_max,True,1.142857142857143,1.5,0.06249999999999997,0.0,2.7053571428571432,4.440892098500626e-16,2.9226190476190474,5.627976190476191,13,-12,0,0,2,2,-4,0,-10,-8,False,16,0.25,,False,not_highest_rpe_sl,,15,8-8-8-8-6-6,196,20,"{""EF1"": 2, ""EF2"": 7, ""EF3"": 4, ""EF4"": 5, ""EF5"": 10, ""SL5"": 2, ""SL6"": 4, ""SL7"": 3, ""SL8"": 1, ""Seuil3"": 5, ""Seuil4"": 5}",True,True,1
27,16,2,long_run_sl,8-8-8-8-6-6,8,-8,23,5,18,SL8,SL,8,8,7,8,1,False,rpe_max,True,1.0434782608695652,1.5,0.053571428571428575,0.0,2.597049689440994,0.0,2.830745341614907,5.427795031055901,13,-12,0,0,1,1,-4,0,-11,-8,False,16,0.125,,False,not_highest_rpe_sl,,15,8-8-8-8-6-6,217,22,"{""EF1"": 2, ""EF2"": 8, ""EF3"": 4, ""EF4"": 6, ""EF5"": 11, ""SL5"": 2, ""SL6"": 5, ""SL7"": 3, ""SL8"": 1, ""Seuil3"": 5, ""Seuil4"": 6}",True,True,1
28,9,2,long_run_sl,8-8-6-6-6,8,-8,17,5,12,SL7,SL,7,7,6,7,1,False,rpe_max,True,1.2352941176470589,1.5,0.04166666666666666,-1.25,1.526960784313725,-6.661338147750939e-16,3.090686274509804,4.617647058823529,12,-8,0,0,1,1,-4,0,-11,-8,False,16,0.125,,False,not_highest_rpe_sl,,14,8-8-6-6-6,90,9,"{""EF1"": 2, ""EF2"": 4, ""EF3"": 3, ""EF4"": 3, ""EF5"": 4, ""SL5"": 2, ""SL6"": 2, ""Seuil3"": 3, ""Seuil4"": 2}",False,False,3
28,12,2,long_run_sl,8-8-8-6-6-6,8,-8,23,5,18,SL8,SL,8,8,7,8,1,False,rpe_max,True,1.0434782608695652,1.5,0.053571428571428575,0.0,2.597049689440994,0.0,2.830745341614907,5.427795031055901,13,-11,0,0,1,1,-4,0,-11,-8,False,16,0.125,,False,not_highest_rpe_sl,,15,8-8-8-6-6-6,136,14,"{""EF1"": 3, ""EF2"": 5, ""EF3"": 3, ""EF4"": 3, ""EF5"": 7, ""SL5"": 2, ""SL6"": 3, ""SL7"": 2, ""Seuil3"": 3, ""Seuil4"": 4}",True,True,1
28,13,2,long_run_sl,8-8-8-8-6-6,8,-8,22,5,17,SL6,SL,6,6,5,6,1,False,rpe_max,True,0.8181818181818182,1.5,0.025000000000000022,0.0,2.3431818181818187,4.440892098500626e-16,2.9318181818181817,5.275,11,-14,0,0,1,1,-4,0,-11,-8,False,16,0.125,,False,not_highest_rpe_sl,,15,8-8-8-8-6-6,158,16,"{""EF1"": 3, ""EF2"": 6, ""EF3"": 3, ""EF4"": 4, ""EF5"": 8, ""SL5"": 2, ""SL6"": 3, ""SL7"": 3, ""Seuil3"": 3, ""Seuil4"": 5}",True,True,3
28,13,2,long_run_sl,8-8-8-8-6-6,8,-8,22,5,17,SL7,SL,7,7,5,7,1,False,rpe_max,True,0.9545454545454545,1.5,0.04999999999999999,0.0,2.504545454545454,-4.440892098500626e-16,2.9318181818181817,5.4363636363636365,12,-13,0,0,2,2,-4,0,-10,-8,False,16,0.25,,False,not_highest_rpe_sl,,15,8-8-8-8-6-6,158,16,"{""EF1"": 3, ""EF2"": 6, ""EF3"": 3, ""EF4"": 4, ""EF5"": 8, ""SL5"": 2, ""SL6"": 3, ""SL7"": 3, ""Seuil3"": 3, ""Seuil4"": 5}",True,True,2
28,13,2,long_run_sl,8-8-8-8-6-6,8,-8,22,5,17,SL8,SL,8,8,5,8,1,False,rpe_max,True,1.0909090909090913,1.5,0.07500000000000001,0.0,2.665909090909091,-4.440892098500626e-16,2.9318181818181817,5.597727272727273,13,-12,0,0,3,3,-4,0,-9,-8,False,16,0.375,,False,not_highest_rpe_sl,,15,8-8-8-8-6-6,158,16,"{""EF1"": 3, ""EF2"": 6, ""EF3"": 3, ""EF4"": 4, ""EF5"": 8, ""SL5"": 2, ""SL6"": 3, ""SL7"": 3, ""Seuil3"": 3, ""Seuil4"": 5}",True,True,1
28,14,2,long_run_sl,8-8-8-8-6-6,8,-8,22,5,17,SL8,SL,8,8,7,8,1,False,rpe_max,True,1.0909090909090913,1.5,0.053571428571428575,0.0,2.6444805194805197,0.0,2.8603896103896105,5.50487012987013,13,-12,0,0,1,1,-4,0,-11,-8,False,16,0.125,,False,not_highest_rpe_sl,,15,8-8-8-8-6-6,177,18,"{""EF1"": 3, ""EF2"": 6, ""EF3"": 3, ""EF4"": 4, ""EF5"": 10, ""SL5"": 3, ""SL6"": 3, ""SL7"": 3, ""Seuil3"": 3, ""Seuil4"": 6}",True,True,1
29,10,2,long_run_sl,8-8-6-6-6-6,8,-8,25,5,20,SL7,SL,7,7,6,7,1,False,rpe_max,True,0.8399999999999999,1.5,0.04166666666666666,0.0,2.381666666666666,-4.440892098500626e-16,2.8083333333333336,5.1899999999999995,12,-11,0,0,1,1,-4,0,-11,-8,False,16,0.125,,False,not_highest_rpe_sl,,14,8-8-6-6-6-6,113,11,"{""EF2"": 3, ""EF3"": 4, ""EF4"": 4, ""EF5"": 6, ""SL5"": 2, ""SL6"": 2, ""SL7"": 1, ""Seuil3"": 4, ""Seuil4"": 2}",True,True,1
29,12,2,long_run_sl,8-8-8-6-6-6,8,-8,27,5,22,SL8,SL,8,8,7,8,1,False,rpe_max,True,0.8888888888888888,1.5,0.053571428571428575,0.0,2.442460317460318,8.881784197001252e-16,2.734126984126984,5.176587301587301,13,-11,0,0,1,1,-4,0,-11,-8,False,16,0.125,,False,not_highest_rpe_sl,,15,8-8-8-6-6-6,152,15,"{""EF2"": 5, ""EF3"": 4, ""EF4"": 5, ""EF5"": 8, ""SL5"": 2, ""SL6"": 3, ""SL7"": 2, ""Seuil3"": 4, ""Seuil4"": 4}",True,True,1
29,14,2,long_run_sl,8-8-8-8-6-6,8,-8,15,5,10,SL6,SL,6,6,5,6,1,False,rpe_max,True,1.1999999999999997,1.5,0.025000000000000022,0.0,2.7249999999999996,0.0,3.25,5.975,11,-14,0,0,1,1,-4,0,-11,-8,False,16,0.125,,False,not_highest_rpe_sl,,15,8-8-8-8-6-6,189,19,"{""EF2"": 7, ""EF3"": 4, ""EF4"": 5, ""EF5"": 10, ""SL5"": 2, ""SL6"": 3, ""SL7"": 3, ""SL8"": 1, ""Seuil3"": 4, ""Seuil4"": 6}",True,True,3
29,14,2,long_run_sl,8-8-8-8-6-6,8,-8,15,5,10,SL7,SL,7,7,5,7,1,False,rpe_max,True,1.4000000000000004,1.5,0.04999999999999999,0.0,2.95,0.0,3.25,6.2,12,-13,0,0,2,2,-4,0,-10,-8,False,16,0.25,,False,not_highest_rpe_sl,,15,8-8-8-8-6-6,189,19,"{""EF2"": 7, ""EF3"": 4, ""EF4"": 5, ""EF5"": 10, ""SL5"": 2, ""SL6"": 3, ""SL7"": 3, ""SL8"": 1, ""Seuil3"": 4, ""Seuil4"": 6}",True,True,2
29,14,2,long_run_sl,8-8-8-8-6-6,8,-8,15,5,10,SL8,SL,8,8,5,8,1,False,rpe_max,True,1.6,1.5,0.07500000000000001,0.0,3.175,-4.440892098500626e-16,3.25,6.425,13,-12,0,0,3,3,-4,0,-9,-8,False,16,0.375,,False,not_highest_rpe_sl,,15,8-8-8-8-6-6,189,19,"{""EF2"": 7, ""EF3"": 4, ""EF4"": 5, ""EF5"": 10, ""SL5"": 2, ""SL6"": 3, ""SL7"": 3, ""SL8"": 1, ""Seuil3"": 4, ""Seuil4"": 6}",True,True,1
29,15,2,long_run_sl,8-8-8-8-6-6,8,-8,23,5,18,SL8,SL,8,8,7,8,1,False,rpe_max,True,1.0434782608695652,1.5,0.053571428571428575,0.0,2.597049689440994,0.0,2.830745341614907,5.427795031055901,13,-12,0,0,1,1,-4,0,-11,-8,False,16,0.125,,False,not_highest_rpe_sl,,15,8-8-8-8-6-6,204,20,"{""EF2"": 7, ""EF3"": 4, ""EF4"": 5, ""EF5"": 12, ""SL5"": 3, ""SL6"": 3, ""SL7"": 3, ""SL8"": 1, ""Seuil3"": 4, ""Seuil4"": 6}",True,True,1
30,10,2,long_run_sl,8-8-6-6-6-6,8,-8,20,5,15,SL6,SL,6,6,5,6,1,False,rpe_max,True,0.9000000000000001,1.5,0.025000000000000022,0.0,2.4250000000000007,4.440892098500626e-16,3.0,5.425,11,-12,0,0,1,1,-4,0,-11,-8,False,16,0.125,,False,not_highest_rpe_sl,,14,8-8-6-6-6-6,100,10,"{""EF2"": 2, ""EF3"": 4, ""EF4"": 4, ""EF5"": 5, ""SL5"": 2, ""SL6"": 2, ""Seuil3"": 3, ""Seuil4"": 3}",True,True,2
30,10,2,long_run_sl,8-8-6-6-6-6,8,-8,20,5,15,SL7,SL,7,7,5,7,1,False,rpe_max,True,1.0499999999999998,1.5,0.04999999999999999,0.0,2.5999999999999996,0.0,3.0,5.6,12,-11,0,0,2,2,-4,0,-10,-8,False,16,0.25,,False,not_highest_rpe_sl,,14,8-8-6-6-6-6,100,10,"{""EF2"": 2, ""EF3"": 4, ""EF4"": 4, ""EF5"": 5, ""SL5"": 2, ""SL6"": 2, ""Seuil3"": 3, ""Seuil4"": 3}",True,True,1
30,11,2,long_run_sl,8-8-8-6-6-6,8,-8,22,5,17,SL6,SL,6,6,5,6,1,False,rpe_max,True,0.8181818181818182,1.5,0.025000000000000022,0.0,2.3431818181818187,4.440892098500626e-16,2.9318181818181817,5.275,11,-13,0,0,1,1,-4,0,-11,-8,False,16,0.125,,False,not_highest_rpe_sl,,14,8-8-8-6-6-6,119,12,"{""EF2"": 3, ""EF3"": 5, ""EF4"": 4, ""EF5"": 6, ""SL5"": 3, ""SL6"": 2, ""Seuil3"": 3, ""Seuil4"": 4}",True,True,2
30,11,2,long_run_sl,8-8-8-6-6-6,8,-8,22,5,17,SL7,SL,7,7,5,7,1,False,rpe_max,True,0.9545454545454545,1.5,0.04999999999999999,0.0,2.504545454545454,-4.440892098500626e-16,2.9318181818181817,5.4363636363636365,12,-12,0,0,2,2,-4,0,-10,-8,False,16,0.25,,False,not_highest_rpe_sl,,14,8-8-8-6-6-6,119,12,"{""EF2"": 3, ""EF3"": 5, ""EF4"": 4, ""EF5"": 6, ""SL5"": 3, ""SL6"": 2, ""Seuil3"": 3, ""Seuil4"": 4}",True,True,1
30,12,2,long_run_sl,8-8-8-6-6-6,8,-8,27,5,22,SL7,SL,7,7,6,7,1,False,rpe_max,True,0.7777777777777777,1.5,0.04166666666666666,0.0,2.319444444444444,0.0,2.763888888888889,5.083333333333333,12,-12,0,0,1,1,-4,0,-11,-8,False,16,0.125,,False,not_highest_rpe_sl,,14,8-8-8-6-6-6,141,14,"{""EF2"": 3, ""EF3"": 5, ""EF4"": 6, ""EF5"": 7, ""SL5"": 4, ""SL6"": 2, ""Seuil3"": 3, ""Seuil4"": 5}",True,True,1
30,16,2,long_run_sl,8-8-8-8-6-6,8,-8,24,5,19,SL6,SL,6,6,5,6,1,False,rpe_max,True,0.75,1.5,0.025000000000000022,0.0,2.2750000000000004,4.440892098500626e-16,2.875,5.15,11,-14,0,0,1,1,-4,0,-11,-8,False,16,0.125,,False,not_highest_rpe_sl,,15,8-8-8-8-6-6,216,22,"{""EF2"": 4, ""EF3"": 8, ""EF4"": 6, ""EF5"": 11, ""SL5"": 4, ""SL6"": 3, ""SL7"": 2, ""SL8"": 1, ""Seuil3"": 3, ""Seuil4"": 9}",True,True,3
30,16,2,long_run_sl,8-8-8-8-6-6,8,-8,24,5,19,SL7,SL,7,7,5,7,1,False,rpe_max,True,0.875,1.5,0.04999999999999999,0.0,2.425,0.0,2.875,5.3,12,-13,0,0,2,2,-4,0,-10,-8,False,16,0.25,,False,not_highest_rpe_sl,,15,8-8-8-8-6-6,216,22,"{""EF2"": 4, ""EF3"": 8, ""EF4"": 6, ""EF5"": 11, ""SL5"": 4, ""SL6"": 3, ""SL7"": 2, ""SL8"": 1, ""Seuil3"": 3, ""Seuil4"": 9}",True,True,2
30,16,2,long_run_sl,8-8-8-8-6-6,8,-8,24,5,19,SL8,SL,8,8,5,8,1,False,rpe_max,True,1.0,1.5,0.07500000000000001,0.0,2.575,0.0,2.875,5.45,13,-12,0,0,3,3,-4,0,-9,-8,False,16,0.375,,False,not_highest_rpe_sl,,15,8-8-8-8-6-6,216,22,"{""EF2"": 4, ""EF3"": 8, ""EF4"": 6, ""EF5"": 11, ""SL5"": 4, ""SL6"": 3, ""SL7"": 2, ""SL8"": 1, ""Seuil3"": 3, ""Seuil4"": 9}",True,True,1
31,7,1,long_run_ef,8-6-6-6-6,8,-6,13,0,13,EF5,EF,5,5,4,5,0,False,rpe_max,True,1.153846153846154,0.0,0.3125,0.0,1.4663461538461542,2.220446049250313e-16,2.0,3.466346153846154,5,-14,0,0,1,1,-4,0,-9,-8,False,16,0.125,,False,not_highest_rpe_ef,,12,8-6-6-6-6,62,6,"{""EF2"": 3, ""EF3"": 5, ""EF4"": 2, ""EF5"": 2, ""SL5"": 2, ""Seuil3"": 3, ""Seuil4"": 1}",True,True,1
31,7,2,weighted_greedy,8-6-6-6-6,8,-6,13,4,9,EF5,EF,5,5,4,5,0,False,rpe_max,True,1.1538461538461535,0.0,0.03125,0.0,1.1850961538461533,-2.220446049250313e-16,3.1730769230769234,4.358173076923077,9,-10,0,0,1,1,-4,0,-9,-8,False,16,0.125,,False,illegal,,12,8-6-6-6-6,62,6,"{""EF2"": 3, ""EF3"": 5, ""EF4"": 2, ""EF5"": 2, ""SL5"": 2, ""Seuil3"": 3, ""Seuil4"": 1}",False,False,8
31,7,2,weighted_greedy,8-6-6-6-6,8,-6,13,4,9,SL5,SL,5,5,4,5,1,False,rpe_max,True,1.1538461538461535,1.5,0.03125,0.0,2.6850961538461533,0.0,3.1730769230769234,5.858173076923077,9,-10,0,0,1,1,-4,0,-9,-8,False,16,0.125,,False,illegal,,12,8-6-6-6-6,62,6,"{""EF2"": 3, ""EF3"": 5, ""EF4"": 2, ""EF5"": 2, ""SL5"": 2, ""Seuil3"": 3, ""Seuil4"": 1}",True,True,1
31,7,2,weighted_greedy,8-6-6-6-6,8,-6,13,4,9,SL6,SL,6,6,4,6,1,False,rpe_max,True,1.3846153846153848,1.5,0.0625,-0.75,2.197115384615385,0.0,3.1730769230769234,5.370192307692308,10,-9,0,0,2,2,-4,0,-8,-8,False,16,0.25,,False,illegal,,12,8-6-6-6-6,62,6,"{""EF2"": 3, ""EF3"": 5, ""EF4"": 2, ""EF5"": 2, ""SL5"": 2, ""Seuil3"": 3, ""Seuil4"": 1}",False,False,4
31,7,3,weighted_greedy,8-6-6-6-6,8,-6,13,8,5,EF5,EF,5,5,4,5,0,False,rpe_max,True,1.1538461538461537,0.0,0.020833333333333315,-1.5,-0.32532051282051366,-7.216449660063518e-16,5.596153846153847,5.270833333333333,13,-6,0,0,1,1,-3,1,-8,-8,False,16,0.125,,False,illegal,,12,8-6-6-6-6,62,6,"{""EF2"": 3, ""EF3"": 5, ""EF4"": 2, ""EF5"": 2, ""SL5"": 2, ""Seuil3"": 3, ""Seuil4"": 1}",False,False,2
31,10,1,long_run_ef,8-8-6-6-6,8,-8,11,0,11,EF5,EF,5,5,4,5,0,False,rpe_max,True,1.3636363636363635,0.0,0.3125,0.0,1.6761363636363633,-2.220446049250313e-16,2.0,3.6761363636363633,5,-15,0,0,1,1,-4,0,-11,-8,False,16,0.125,,False,not_highest_rpe_ef,,14,8-8-6-6-6,97,10,"{""EF1"": 1, ""EF2"": 3, ""EF3"": 5, ""EF4"": 3, ""EF5"": 4, ""SL5"": 2, ""SL6"": 2, ""Seuil3"": 3, ""Seuil4"": 3}",True,True,1
31,10,2,weighted_greedy,8-8-6-6-6,8,-8,11,4,7,EF5,EF,5,5,4,5,0,False,rpe_max,True,1.3636363636363638,0.0,0.03125,0.0,1.3948863636363642,4.440892098500626e-16,3.340909090909091,4.735795454545455,9,-11,0,0,1,1,-4,0,-11,-8,False,16,0.125,,False,illegal,,14,8-8-6-6-6,97,10,"{""EF1"": 1, ""EF2"": 3, ""EF3"": 5, ""EF4"": 3, ""EF5"": 4, ""SL5"": 2, ""SL6"": 2, ""Seuil3"": 3, ""Seuil4"": 3}",False,False,10
31,10,2,weighted_greedy,8-8-6-6-6,8,-8,11,4,7,Seuil5,Seuil,5,5,4,5,1,False,rpe_max,True,1.3636363636363638,1.5,0.03125,0.0,2.894886363636364,4.440892098500626e-16,3.340909090909091,6.235795454545455,9,-11,0,0,1,1,-4,0,-11,-8,False,16,0.125,,False,illegal,,14,8-8-6-6-6,97,10,"{""EF1"": 1, ""EF2"": 3, ""EF3"": 5, ""EF4"": 3, ""EF5"": 4, ""SL5"": 2, ""SL6"": 2, ""Seuil3"": 3, ""Seuil4"": 3}",True,True,2
31,10,2,weighted_greedy,8-8-6-6-6,8,-8,11,4,7,SL5,SL,5,5,4,5,1,False,rpe_max,True,1.3636363636363638,1.5,0.03125,0.0,2.894886363636364,4.440892098500626e-16,3.340909090909091,6.235795454545455,9,-11,0,0,1,1,-4,0,-11,-8,False,16,0.125,,False,illegal,,14,8-8-6-6-6,97,10,"{""EF1"": 1, ""EF2"": 3, ""EF3"": 5, ""EF4"": 3, ""EF5"": 4, ""SL5"": 2, ""SL6"": 2, ""Seuil3"": 3, ""Seuil4"": 3}",True,True,3
31,10,2,weighted_greedy,8-8-6-6-6,8,-8,11,4,7,SL6,SL,6,6,4,6,1,False,rpe_max,True,1.6363636363636362,1.5,0.0625,0.0,3.198863636363636,-4.440892098500626e-16,3.340909090909091,6.539772727272727,10,-10,0,0,2,2,-4,0,-10,-8,False,16,0.25,,False,illegal,,14,8-8-6-6-6,97,10,"{""EF1"": 1, ""EF2"": 3, ""EF3"": 5, ""EF4"": 3, ""EF5"": 4, ""SL5"": 2, ""SL6"": 2, ""Seuil3"": 3, ""Seuil4"": 3}",True,True,1
31,10,2,weighted_greedy,8-8-6-6-6,8,-8,11,4,7,SL7,SL,7,7,4,7,1,False,rpe_max,True,1.9090909090909092,1.5,0.09375,-0.75,2.752840909090909,0.0,3.340909090909091,6.09375,11,-9,0,0,3,3,-4,0,-9,-8,False,16,0.375,,False,illegal,,14,8-8-6-6-6,97,10,"{""EF1"": 1, ""EF2"": 3, ""EF3"": 5, ""EF4"": 3, ""EF5"": 4, ""SL5"": 2, ""SL6"": 2, ""Seuil3"": 3, ""Seuil4"": 3}",True,True,4
31,13,2,long_run_sl,8-8-8-6-6-6,8,-8,22,5,17,SL7,SL,7,7,6,7,1,False,rpe_max,True,0.9545454545454545,1.5,0.04166666666666666,0.0,2.4962121212121215,4.440892098500626e-16,2.890151515151515,5.386363636363637,12,-12,0,0,1,1,-4,0,-11,-8,False,16,0.125,,False,not_highest_rpe_sl,,15,8-8-8-6-6-6,150,15,"{""EF1"": 2, ""EF2"": 5, ""EF3"": 5, ""EF4"": 6, ""EF5"": 6, ""SL5"": 2, ""SL6"": 2, ""SL7"": 2, ""Seuil3"": 3, ""Seuil4"": 6}",True,True,2
31,13,2,long_run_sl,8-8-8-6-6-6,8,-8,22,5,17,SL8,SL,8,8,6,8,1,False,rpe_max,True,1.0909090909090913,1.5,0.06249999999999997,0.0,2.6534090909090913,0.0,2.890151515151515,5.543560606060606,13,-11,0,0,2,2,-4,0,-10,-8,False,16,0.25,,False,not_highest_rpe_sl,,15,8-8-8-6-6-6,150,15,"{""EF1"": 2, ""EF2"": 5, ""EF3"": 5, ""EF4"": 6, ""EF5"": 6, ""SL5"": 2, ""SL6"": 2, ""SL7"": 2, ""Seuil3"": 3, ""Seuil4"": 6}",True,True,1
31,14,2,long_run_sl,8-8-8-8-6-6,8,-8,27,5,22,SL7,SL,7,7,6,7,1,False,rpe_max,True,0.7777777777777777,1.5,0.04166666666666666,0.0,2.319444444444444,0.0,2.763888888888889,5.083333333333333,12,-13,0,0,1,1,-4,0,-11,-8,False,16,0.125,,False,not_highest_rpe_sl,,15,8-8-8-8-6-6,172,17,"{""EF1"": 2, ""EF2"": 5, ""EF3"": 6, ""EF4"": 7, ""EF5"": 7, ""SL5"": 2, ""SL6"": 3, ""SL7"": 2, ""Seuil3"": 3, ""Seuil4"": 7}",True,True,2
31,14,2,long_run_sl,8-8-8-8-6-6,8,-8,27,5,22,SL8,SL,8,8,6,8,1,False,rpe_max,True,0.8888888888888888,1.5,0.06249999999999997,0.0,2.4513888888888897,8.881784197001252e-16,2.763888888888889,5.215277777777778,13,-12,0,0,2,2,-4,0,-10,-8,False,16,0.25,,False,not_highest_rpe_sl,,15,8-8-8-8-6-6,172,17,"{""EF1"": 2, ""EF2"": 5, ""EF3"": 6, ""EF4"": 7, ""EF5"": 7, ""SL5"": 2, ""SL6"": 3, ""SL7"": 2, ""Seuil3"": 3, ""Seuil4"": 7}",True,True,1
31,15,2,long_run_sl,8-8-8-8-6-6,8,-8,25,5,20,SL6,SL,6,6,5,6,1,False,rpe_max,True,0.72,1.5,0.025000000000000022,0.0,2.2450000000000006,4.440892098500626e-16,2.85,5.095,11,-14,0,0,1,1,-4,0,-11,-8,False,16,0.125,,False,not_highest_rpe_sl,,15,8-8-8-8-6-6,191,19,"{""EF1"": 2, ""EF2"": 5, ""EF3"": 6, ""EF4"": 8, ""EF5"": 8, ""SL5"": 2, ""SL6"": 4, ""SL7"": 2, ""Seuil3"": 3, ""Seuil4"": 8}",True,True,3
31,15,2,long_run_sl,8-8-8-8-6-6,8,-8,25,5,20,SL7,SL,7,7,5,7,1,False,rpe_max,True,0.8399999999999999,1.5,0.04999999999999999,0.0,2.39,4.440892098500626e-16,2.85,5.24,12,-13,0,0,2,2,-4,0,-10,-8,False,16,0.25,,False,not_highest_rpe_sl,,15,8-8-8-8-6-6,191,19,"{""EF1"": 2, ""EF2"": 5, ""EF3"": 6, ""EF4"": 8, ""EF5"": 8, ""SL5"": 2, ""SL6"": 4, ""SL7"": 2, ""Seuil3"": 3, ""Seuil4"": 8}",True,True,2
31,15,2,long_run_sl,8-8-8-8-6-6,8,-8,25,5,20,SL8,SL,8,8,5,8,1,False,rpe_max,True,0.96,1.5,0.07500000000000001,0.0,2.5349999999999997,-4.440892098500626e-16,2.85,5.385,13,-12,0,0,3,3,-4,0,-9,-8,False,16,0.375,,False,not_highest_rpe_sl,,15,8-8-8-8-6-6,191,19,"{""EF1"": 2, ""EF2"": 5, ""EF3"": 6, ""EF4"": 8, ""EF5"": 8, ""SL5"": 2, ""SL6"": 4, ""SL7"": 2, ""Seuil3"": 3, ""Seuil4"": 8}",True,True,1
31,16,2,long_run_sl,8-8-8-8-6-6,8,-8,19,5,14,SL6,SL,6,6,5,6,1,False,rpe_max,True,0.9473684210526316,1.5,0.025000000000000022,0.0,2.4723684210526313,-4.440892098500626e-16,3.0394736842105265,5.511842105263158,11,-14,0,0,1,1,-4,0,-11,-8,False,16,0.125,,False,not_highest_rpe_sl,,15,8-8-8-8-6-6,210,21,"{""EF1"": 2, ""EF2"": 5, ""EF3"": 6, ""EF4"": 8, ""EF5"": 10, ""SL5"": 3, ""SL6"": 4, ""SL7"": 2, ""Seuil3"": 3, ""Seuil4"": 9}",True,True,3
31,16,2,long_run_sl,8-8-8-8-6-6,8,-8,19,5,14,SL7,SL,7,7,5,7,1,False,rpe_max,True,1.1052631578947367,1.5,0.04999999999999999,0.0,2.655263157894736,-4.440892098500626e-16,3.0394736842105265,5.694736842105263,12,-13,0,0,2,2,-4,0,-10,-8,False,16,0.25,,False,not_highest_rpe_sl,,15,8-8-8-8-6-6,210,21,"{""EF1"": 2, ""EF2"": 5, ""EF3"": 6, ""EF4"": 8, ""EF5"": 10, ""SL5"": 3, ""SL6"": 4, ""SL7"": 2, ""Seuil3"": 3, ""Seuil4"": 9}",True,True,2
31,16,2,long_run_sl,8-8-8-8-6-6,8,-8,19,5,14,SL8,SL,8,8,5,8,1,False,rpe_max,True,1.2631578947368423,1.5,0.07500000000000001,0.0,2.8381578947368427,4.440892098500626e-16,3.0394736842105265,5.877631578947368,13,-12,0,0,3,3,-4,0,-9,-8,False,16,0.375,,False,not_highest_rpe_sl,,15,8-8-8-8-6-6,210,21,"{""EF1"": 2, ""EF2"": 5, ""EF3"": 6, ""EF4"": 8, ""EF5"": 10, ""SL5"": 3, ""SL6"": 4, ""SL7"": 2, ""Seuil3"": 3, ""Seuil4"": 9}",True,True,1
32,10,2,long_run_sl,8-8-6-6-6-6,8,-8,24,5,19,SL7,SL,7,7,6,7,1,False,rpe_max,True,0.875,1.5,0.04166666666666666,0.0,2.4166666666666665,0.0,2.8333333333333335,5.25,12,-11,0,0,1,1,-4,0,-11,-8,False,16,0.125,,False,not_highest_rpe_sl,,14,8-8-6-6-6-6,108,9,"{""EF2"": 5, ""EF3"": 3, ""EF4"": 4, ""EF5"": 6, ""SL5"": 2, ""SL6"": 2, ""SL7"": 1, ""Seuil3"": 2, ""Seuil4"": 2}",True,True,1
32,11,2,long_run_sl,8-8-6-6-6-6,8,-8,23,5,18,SL6,SL,6,6,5,6,1,False,rpe_max,True,0.7826086956521741,1.5,0.025000000000000022,0.0,2.307608695652174,0.0,2.9021739130434785,5.209782608695653,11,-12,0,0,1,1,-4,0,-11,-8,False,16,0.125,,False,not_highest_rpe_sl,,14,8-8-6-6-6-6,125,11,"{""EF2"": 6, ""EF3"": 3, ""EF4"": 4, ""EF5"": 7, ""SL5"": 2, ""SL6"": 3, ""SL7"": 1, ""Seuil3"": 2, ""Seuil4"": 3}",True,True,2
32,11,2,long_run_sl,8-8-6-6-6-6,8,-8,23,5,18,SL7,SL,7,7,5,7,1,False,rpe_max,True,0.9130434782608694,1.5,0.04999999999999999,0.0,2.463043478260869,-4.440892098500626e-16,2.9021739130434785,5.3652173913043475,12,-11,0,0,2,2,-4,0,-10,-8,False,16,0.25,,False,not_highest_rpe_sl,,14,8-8-6-6-6-6,125,11,"{""EF2"": 6, ""EF3"": 3, ""EF4"": 4, ""EF5"": 7, ""SL5"": 2, ""SL6"": 3, ""SL7"": 1, ""Seuil3"": 2, ""Seuil4"": 3}",True,True,1
32,12,2,long_run_sl,8-8-8-6-6-6,8,-8,17,5,12,SL6,SL,6,6,5,6,1,False,rpe_max,True,1.058823529411765,1.5,0.025000000000000022,0.0,2.5838235294117653,4.440892098500626e-16,3.1323529411764706,5.716176470588236,11,-13,0,0,1,1,-4,0,-11,-8,False,16,0.125,,False,not_highest_rpe_sl,,14,8-8-8-6-6-6,146,13,"{""EF2"": 6, ""EF3"": 4, ""EF4"": 5, ""EF5"": 8, ""SL5"": 3, ""SL6"": 3, ""SL7"": 1, ""Seuil3"": 2, ""Seuil4"": 4}",True,True,2
32,12,2,long_run_sl,8-8-8-6-6-6,8,-8,17,5,12,SL7,SL,7,7,5,7,1,False,rpe_max,True,1.2352941176470589,1.5,0.04999999999999999,0.0,2.785294117647059,4.440892098500626e-16,3.1323529411764706,5.91764705882353,12,-12,0,0,2,2,-4,0,-10,-8,False,16,0.25,,False,not_highest_rpe_sl,,14,8-8-8-6-6-6,146,13,"{""EF2"": 6, ""EF3"": 4, ""EF4"": 5, ""EF5"": 8, ""SL5"": 3, ""SL6"": 3, ""SL7"": 1, ""Seuil3"": 2, ""Seuil4"": 4}",True,True,1
32,15,2,long_run_sl,8-8-8-8-6-6,8,-8,20,5,15,SL6,SL,6,6,5,6,1,False,rpe_max,True,0.9000000000000001,1.5,0.025000000000000022,0.0,2.4250000000000007,4.440892098500626e-16,3.0,5.425,11,-14,0,0,1,1,-4,0,-11,-8,False,16,0.125,,False,not_highest_rpe_sl,,15,8-8-8-8-6-6,202,19,"{""EF2"": 9, ""EF3"": 4, ""EF4"": 6, ""EF5"": 11, ""SL5"": 4, ""SL6"": 3, ""SL7"": 2, ""SL8"": 1, ""Seuil3"": 3, ""Seuil4"": 6}",True,True,3
32,15,2,long_run_sl,8-8-8-8-6-6,8,-8,20,5,15,SL7,SL,7,7,5,7,1,False,rpe_max,True,1.0499999999999998,1.5,0.04999999999999999,0.0,2.5999999999999996,0.0,3.0,5.6,12,-13,0,0,2,2,-4,0,-10,-8,False,16,0.25,,False,not_highest_rpe_sl,,15,8-8-8-8-6-6,202,19,"{""EF2"": 9, ""EF3"": 4, ""EF4"": 6, ""EF5"": 11, ""SL5"": 4, ""SL6"": 3, ""SL7"": 2, ""SL8"": 1, ""Seuil3"": 3, ""Seuil4"": 6}",True,True,2
32,15,2,long_run_sl,8-8-8-8-6-6,8,-8,20,5,15,SL8,SL,8,8,5,8,1,False,rpe_max,True,1.2000000000000002,1.5,0.07500000000000001,0.0,2.7750000000000004,0.0,3.0,5.775,13,-12,0,0,3,3,-4,0,-9,-8,False,16,0.375,,False,not_highest_rpe_sl,,15,8-8-8-8-6-6,202,19,"{""EF2"": 9, ""EF3"": 4, ""EF4"": 6, ""EF5"": 11, ""SL5"": 4, ""SL6"": 3, ""SL7"": 2, ""SL8"": 1, ""Seuil3"": 3, ""Seuil4"": 6}",True,True,1
32,16,2,long_run_sl,8-8-8-8-6-6,8,-8,20,5,15,SL8,SL,8,8,7,8,1,False,rpe_max,True,1.2000000000000002,1.5,0.053571428571428575,0.0,2.753571428571428,-4.440892098500626e-16,2.9285714285714284,5.682142857142857,13,-12,0,0,1,1,-4,0,-11,-8,False,16,0.125,,False,not_highest_rpe_sl,,15,8-8-8-8-6-6,221,21,"{""EF2"": 9, ""EF3"": 4, ""EF4"": 6, ""EF5"": 13, ""SL5"": 5, ""SL6"": 3, ""SL7"": 2, ""SL8"": 1, ""Seuil3"": 3, ""Seuil4"": 7}",True,True,1
33,8,1,long_run_ef,8-8-6-6-6,8,-8,12,0,12,EF4,EF,4,4,3,4,0,False,rpe_max,True,1.0,0.0,0.3333333333333333,0.0,1.333333333333333,-2.220446049250313e-16,2.0,3.3333333333333335,4,-16,0,0,1,1,-4,0,-11,-8,False,16,0.125,,False,not_highest_rpe_ef,,12,8-8-6-6-6,83,11,"{""EF1"": 1, ""EF2"": 3, ""EF3"": 4, ""EF4"": 2, ""EF5"": 3, ""SL5"": 2, ""SL6"": 1, ""Seuil3"": 7, ""Seuil4"": 1}",True,True,2
33,8,1,long_run_ef,8-8-6-6-6,8,-8,12,0,12,EF5,EF,5,5,3,5,0,False,rpe_max,True,1.25,0.0,0.4166666666666667,0.0,1.666666666666667,2.220446049250313e-16,2.0,3.6666666666666665,5,-15,0,0,2,2,-4,0,-10,-8,False,16,0.25,,False,not_highest_rpe_ef,,12,8-8-6-6-6,83,11,"{""EF1"": 1, ""EF2"": 3, ""EF3"": 4, ""EF4"": 2, ""EF5"": 3, ""SL5"": 2, ""SL6"": 1, ""Seuil3"": 7, ""Seuil4"": 1}",True,True,1
33,8,2,weighted_greedy,8-8-6-6-6,8,-8,12,3,9,EF4,EF,4,4,3,4,0,False,rpe_max,True,1.0,0.0,0.041666666666666685,0.0,1.041666666666666,-6.661338147750939e-16,3.0,4.041666666666667,7,-13,0,0,1,1,-4,0,-11,-8,False,16,0.125,,False,illegal,,12,8-8-6-6-6,83,11,"{""EF1"": 1, ""EF2"": 3, ""EF3"": 4, ""EF4"": 2, ""EF5"": 3, ""SL5"": 2, ""SL6"": 1, ""Seuil3"": 7, ""Seuil4"": 1}",False,False,9
33,8,2,weighted_greedy,8-8-6-6-6,8,-8,12,3,9,EF5,EF,5,5,3,5,0,False,rpe_max,True,1.25,0.0,0.08333333333333331,0.0,1.333333333333334,6.661338147750939e-16,3.0,4.333333333333333,8,-12,0,0,2,2,-4,0,-10,-8,False,16,0.25,,False,illegal,,12,8-8-6-6-6,83,11,"{""EF1"": 1, ""EF2"": 3, ""EF3"": 4, ""EF4"": 2, ""EF5"": 3, ""SL5"": 2, ""SL6"": 1, ""Seuil3"": 7, ""Seuil4"": 1}",False,False,8
33,8,2,weighted_greedy,8-8-6-6-6,8,-8,12,3,9,Seuil4,Seuil,4,4,3,4,1,False,rpe_max,True,1.0,1.5,0.041666666666666685,0.0,2.541666666666666,-4.440892098500626e-16,3.0,5.541666666666667,7,-13,0,0,1,1,-4,0,-11,-8,False,16,0.125,,False,illegal,,12,8-8-6-6-6,83,11,"{""EF1"": 1, ""EF2"": 3, ""EF3"": 4, ""EF4"": 2, ""EF5"": 3, ""SL5"": 2, ""SL6"": 1, ""Seuil3"": 7, ""Seuil4"": 1}",True,True,3
33,8,2,weighted_greedy,8-8-6-6-6,8,-8,12,3,9,Spec4,Spec,4,4,3,4,1,False,rpe_max,True,1.0,1.5,0.041666666666666685,0.0,2.541666666666666,-4.440892098500626e-16,3.0,5.541666666666667,7,-13,0,0,1,1,-4,0,-11,-8,False,16,0.125,,False,illegal,,12,8-8-6-6-6,83,11,"{""EF1"": 1, ""EF2"": 3, ""EF3"": 4, ""EF4"": 2, ""EF5"": 3, ""SL5"": 2, ""SL6"": 1, ""Seuil3"": 7, ""Seuil4"": 1}",True,True,4
33,8,2,weighted_greedy,8-8-6-6-6,8,-8,12,3,9,SL5,SL,5,5,3,5,1,False,rpe_max,True,1.25,1.5,0.08333333333333331,0.0,2.833333333333334,4.440892098500626e-16,3.0,5.833333333333333,8,-12,0,0,2,2,-4,0,-10,-8,False,16,0.25,,False,illegal,,12,8-8-6-6-6,83,11,"{""EF1"": 1, ""EF2"": 3, ""EF3"": 4, ""EF4"": 2, ""EF5"": 3, ""SL5"": 2, ""SL6"": 1, ""Seuil3"": 7, ""Seuil4"": 1}",True,True,2
33,8,2,weighted_greedy,8-8-6-6-6,8,-8,12,3,9,SL6,SL,6,6,3,6,1,False,rpe_max,True,1.5,1.5,0.125,0.0,3.125,0.0,3.0,6.125,9,-11,0,0,3,3,-4,0,-9,-8,False,16,0.375,,False,illegal,,12,8-8-6-6-6,83,11,"{""EF1"": 1, ""EF2"": 3, ""EF3"": 4, ""EF4"": 2, ""EF5"": 3, ""SL5"": 2, ""SL6"": 1, ""Seuil3"": 7, ""Seuil4"": 1}",True,True,1
33,8,3,weighted_greedy,8-8-6-6-6,8,-8,12,6,6,EF4,EF,4,4,3,4,0,False,rpe_max,True,1.0,0.0,0.02777777777777779,0.0,1.0277777777777777,0.0,5.25,6.277777777777778,10,-10,0,0,1,1,-4,0,-11,-8,False,16,0.125,,False,illegal,,12,8-8-6-6-6,83,11,"{""EF1"": 1, ""EF2"": 3, ""EF3"": 4, ""EF4"": 2, ""EF5"": 3, ""SL5"": 2, ""SL6"": 1, ""Seuil3"": 7, ""Seuil4"": 1}",True,True,1
33,8,3,weighted_greedy,8-8-6-6-6,8,-8,12,6,6,EF5,EF,5,5,3,5,0,False,rpe_max,True,1.25,0.0,0.055555555555555525,-0.75,0.5555555555555554,-2.220446049250313e-16,5.25,5.805555555555555,11,-9,0,0,2,2,-4,0,-10,-8,False,16,0.25,,False,illegal,,12,8-8-6-6-6,83,11,"{""EF1"": 1, ""EF2"": 3, ""EF3"": 4, ""EF4"": 2, ""EF5"": 3, ""SL5"": 2, ""SL6"": 1, ""Seuil3"": 7, ""Seuil4"": 1}",False,False,3
33,10,2,long_run_sl,8-8-8-6-6-6,8,-8,24,5,19,SL7,SL,7,7,6,7,1,False,rpe_max,True,0.875,1.5,0.04166666666666666,0.0,2.4166666666666665,0.0,2.8333333333333335,5.25,12,-12,0,0,1,1,-4,0,-11,-8,False,16,0.125,,False,not_highest_rpe_sl,,13,8-8-8-6-6-6,106,14,"{""EF1"": 1, ""EF2"": 3, ""EF3"": 6, ""EF4"": 2, ""EF5"": 4, ""SL5"": 2, ""SL6"": 2, ""Seuil3"": 9, ""Seuil4"": 1}",True,True,1
33,12,1,long_run_ef,8-8-8-8-6-6,8,-8,11,0,11,EF4,EF,4,4,3,4,0,False,rpe_max,True,1.0909090909090908,0.0,0.3333333333333333,0.0,1.4242424242424239,-2.220446049250313e-16,2.0,3.4242424242424243,4,-21,0,0,1,1,-4,0,-11,-8,False,16,0.125,,False,not_highest_rpe_ef,,14,8-8-8-8-6-6,147,18,"{""EF1"": 1, ""EF2"": 3, ""EF3"": 8, ""EF4"": 3, ""EF5"": 6, ""SL5"": 2, ""SL6"": 3, ""SL7"": 1, ""Seuil3"": 9, ""Seuil4"": 3}",True,True,2
33,12,1,long_run_ef,8-8-8-8-6-6,8,-8,11,0,11,EF5,EF,5,5,3,5,0,False,rpe_max,True,1.3636363636363635,0.0,0.4166666666666667,0.0,1.7803030303030303,0.0,2.0,3.7803030303030303,5,-20,0,0,2,2,-4,0,-10,-8,False,16,0.25,,False,not_highest_rpe_ef,,14,8-8-8-8-6-6,147,18,"{""EF1"": 1, ""EF2"": 3, ""EF3"": 8, ""EF4"": 3, ""EF5"": 6, ""SL5"": 2, ""SL6"": 3, ""SL7"": 1, ""Seuil3"": 9, ""Seuil4"": 3}",True,True,1
33,12,2,weighted_greedy,8-8-8-8-6-6,8,-8,11,3,8,EF4,EF,4,4,3,4,0,False,rpe_max,True,1.090909090909091,0.0,0.041666666666666685,0.0,1.1325757575757578,0.0,3.0681818181818183,4.200757575757576,7,-18,0,0,1,1,-4,0,-11,-8,False,16,0.125,,False,illegal,,14,8-8-8-8-6-6,147,18,"{""EF1"": 1, ""EF2"": 3, ""EF3"": 8, ""EF4"": 3, ""EF5"": 6, ""SL5"": 2, ""SL6"": 3, ""SL7"": 1, ""Seuil3"": 9, ""Seuil4"": 3}",False,False,11
33,12,2,weighted_greedy,8-8-8-8-6-6,8,-8,11,3,8,EF5,EF,5,5,3,5,0,False,rpe_max,True,1.3636363636363635,0.0,0.08333333333333331,0.0,1.4469696969696972,4.440892098500626e-16,3.0681818181818183,4.515151515151515,8,-17,0,0,2,2,-4,0,-10,-8,False,16,0.25,,False,illegal,,14,8-8-8-8-6-6,147,18,"{""EF1"": 1, ""EF2"": 3, ""EF3"": 8, ""EF4"": 3, ""EF5"": 6, ""SL5"": 2, ""SL6"": 3, ""SL7"": 1, ""Seuil3"": 9, ""Seuil4"": 3}",False,False,10
33,12,2,weighted_greedy,8-8-8-8-6-6,8,-8,11,3,8,Seuil4,Seuil,4,4,3,4,1,False,rpe_max,True,1.090909090909091,1.5,0.041666666666666685,0.0,2.632575757575758,0.0,3.0681818181818183,5.700757575757576,7,-18,0,0,1,1,-4,0,-11,-8,False,16,0.125,,False,illegal,,14,8-8-8-8-6-6,147,18,"{""EF1"": 1, ""EF2"": 3, ""EF3"": 8, ""EF4"": 3, ""EF5"": 6, ""SL5"": 2, ""SL6"": 3, ""SL7"": 1, ""Seuil3"": 9, ""Seuil4"": 3}",True,True,5
33,12,2,weighted_greedy,8-8-8-8-6-6,8,-8,11,3,8,Seuil5,Seuil,5,5,3,5,1,False,rpe_max,True,1.3636363636363635,1.5,0.08333333333333331,0.0,2.9469696969696964,-4.440892098500626e-16,3.0681818181818183,6.015151515151515,8,-17,0,0,2,2,-4,0,-10,-8,False,16,0.25,,False,illegal,,14,8-8-8-8-6-6,147,18,"{""EF1"": 1, ""EF2"": 3, ""EF3"": 8, ""EF4"": 3, ""EF5"": 6, ""SL5"": 2, ""SL6"": 3, ""SL7"": 1, ""Seuil3"": 9, ""Seuil4"": 3}",True,True,3
33,12,2,weighted_greedy,8-8-8-8-6-6,8,-8,11,3,8,Spec4,Spec,4,4,3,4,1,False,rpe_max,True,1.090909090909091,1.5,0.041666666666666685,0.0,2.632575757575758,0.0,3.0681818181818183,5.700757575757576,7,-18,0,0,1,1,-4,0,-11,-8,False,16,0.125,,False,illegal,,14,8-8-8-8-6-6,147,18,"{""EF1"": 1, ""EF2"": 3, ""EF3"": 8, ""EF4"": 3, ""EF5"": 6, ""SL5"": 2, ""SL6"": 3, ""SL7"": 1, ""Seuil3"": 9, ""Seuil4"": 3}",True,True,6
33,12,2,weighted_greedy,8-8-8-8-6-6,8,-8,11,3,8,SL5,SL,5,5,3,5,1,False,rpe_max,True,1.3636363636363635,1.5,0.08333333333333331,0.0,2.9469696969696964,-4.440892098500626e-16,3.0681818181818183,6.015151515151515,8,-17,0,0,2,2,-4,0,-10,-8,False,16,0.25,,False,illegal,,14,8-8-8-8-6-6,147,18,"{""EF1"": 1, ""EF2"": 3, ""EF3"": 8, ""EF4"": 3, ""EF5"": 6, ""SL5"": 2, ""SL6"": 3, ""SL7"": 1, ""Seuil3"": 9, ""Seuil4"": 3}",True,True,4
33,12,2,weighted_greedy,8-8-8-8-6-6,8,-8,11,3,8,SL6,SL,6,6,3,6,1,False,rpe_max,True,1.6363636363636365,1.5,0.125,0.0,3.2613636363636367,0.0,3.0681818181818183,6.329545454545455,9,-16,0,0,3,3,-4,0,-9,-8,False,16,0.375,,False,illegal,,14,8-8-8-8-6-6,147,18,"{""EF1"": 1, ""EF2"": 3, ""EF3"": 8, ""EF4"": 3, ""EF5"": 6, ""SL5"": 2, ""SL6"": 3, ""SL7"": 1, ""Seuil3"": 9, ""Seuil4"": 3}",True,True,2
33,12,2,weighted_greedy,8-8-8-8-6-6,8,-8,11,3,8,SL7,SL,7,7,3,7,1,False,rpe_max,True,1.909090909090909,1.5,0.16666666666666669,0.0,3.5757575757575752,-4.440892098500626e-16,3.0681818181818183,6.643939393939394,10,-15,0,0,4,4,-4,0,-8,-8,False,16,0.5,,False,illegal,,14,8-8-8-8-6-6,147,18,"{""EF1"": 1, ""EF2"": 3, ""EF3"": 8, ""EF4"": 3, ""EF5"": 6, ""SL5"": 2, ""SL6"": 3, ""SL7"": 1, ""Seuil3"": 9, ""Seuil4"": 3}",True,True,1
33,12,3,weighted_greedy,8-8-8-8-6-6,8,-8,11,6,5,EF4,EF,4,4,3,4,0,False,rpe_max,True,1.0909090909090908,0.0,0.02777777777777779,0.0,1.1186868686868676,-8.881784197001252e-16,5.386363636363637,6.505050505050505,10,-15,0,0,1,1,-4,0,-11,-8,False,16,0.125,,False,illegal,,14,8-8-8-8-6-6,147,18,"{""EF1"": 1, ""EF2"": 3, ""EF3"": 8, ""EF4"": 3, ""EF5"": 6, ""SL5"": 2, ""SL6"": 3, ""SL7"": 1, ""Seuil3"": 9, ""Seuil4"": 3}",True,True,2
33,12,3,weighted_greedy,8-8-8-8-6-6,8,-8,11,6,5,EF5,EF,5,5,3,5,0,False,rpe_max,True,1.3636363636363638,0.0,0.055555555555555525,0.0,1.4191919191919187,-6.661338147750939e-16,5.386363636363637,6.805555555555555,11,-14,0,0,2,2,-4,0,-10,-8,False,16,0.25,,False,illegal,,14,8-8-8-8-6-6,147,18,"{""EF1"": 1, ""EF2"": 3, ""EF3"": 8, ""EF4"": 3, ""EF5"": 6, ""SL5"": 2, ""SL6"": 3, ""SL7"": 1, ""Seuil3"": 9, ""Seuil4"": 3}",True,True,1
33,16,2,long_run_sl,8-8-8-8-6-6,8,-8,24,5,19,SL8,SL,8,8,7,8,1,False,rpe_max,True,1.0,1.5,0.053571428571428575,0.0,2.553571428571429,4.440892098500626e-16,2.8035714285714284,5.357142857142857,13,-12,0,0,1,1,-4,0,-11,-8,False,16,0.125,,False,not_highest_rpe_sl,,16,8-8-8-8-6-6,221,25,"{""EF1"": 1, ""EF2"": 7, ""EF3"": 11, ""EF4"": 4, ""EF5"": 9, ""SL5"": 2, ""SL6"": 3, ""SL7"": 2, ""SL8"": 2, ""Seuil3"": 10, ""Seuil4"": 6}",True,True,2
33,16,2,long_run_sl,8-8-8-8-6-6,8,-8,24,5,19,SL9,SL,9,9,7,9,1,False,rpe_max,True,1.125,1.5,0.07142857142857142,0.0,2.696428571428571,-4.440892098500626e-16,2.8035714285714284,5.5,14,-11,0,0,2,2,-4,0,-10,-8,False,16,0.25,,False,not_highest_rpe_sl,,16,8-8-8-8-6-6,221,25,"{""EF1"": 1, ""EF2"": 7, ""EF3"": 11, ""EF4"": 4, ""EF5"": 9, ""SL5"": 2, ""SL6"": 3, ""SL7"": 2, ""SL8"": 2, ""Seuil3"": 10, ""Seuil4"": 6}",True,True,1
34,10,2,long_run_sl,8-8-6-6-6-6,8,-6,21,5,16,SL7,SL,7,7,6,7,1,False,rpe_max,True,1.0,1.5,0.04166666666666666,0.0,2.541666666666667,4.440892098500626e-16,2.9226190476190474,5.464285714285714,12,-11,0,0,1,1,-4,0,-9,-8,False,16,0.125,,False,not_highest_rpe_sl,,13,8-8-6-6-6-6,107,8,"{""EF1"": 1, ""EF2"": 6, ""EF3"": 3, ""EF4"": 4, ""EF5"": 6, ""SL5"": 2, ""SL6"": 2, ""SL7"": 1, ""Seuil3"": 2, ""Seuil4"": 1}",True,True,1
34,13,2,long_run_sl,8-8-8-6-6-6,8,-8,23,5,18,SL6,SL,6,6,5,6,1,False,rpe_max,True,0.7826086956521741,1.5,0.025000000000000022,0.0,2.307608695652174,0.0,2.9021739130434785,5.209782608695653,11,-13,0,0,1,1,-4,0,-11,-8,False,16,0.125,,False,not_highest_rpe_sl,,15,8-8-8-6-6-6,163,14,"{""EF1"": 3, ""EF2"": 7, ""EF3"": 3, ""EF4"": 5, ""EF5"": 9, ""SL5"": 2, ""SL6"": 3, ""SL7"": 2, ""SL8"": 1, ""Seuil3"": 2, ""Seuil4"": 4}",True,True,3
34,13,2,long_run_sl,8-8-8-6-6-6,8,-8,23,5,18,SL7,SL,7,7,5,7,1,False,rpe_max,True,0.9130434782608694,1.5,0.04999999999999999,0.0,2.463043478260869,-4.440892098500626e-16,2.9021739130434785,5.3652173913043475,12,-12,0,0,2,2,-4,0,-10,-8,False,16,0.25,,False,not_highest_rpe_sl,,15,8-8-8-6-6-6,163,14,"{""EF1"": 3, ""EF2"": 7, ""EF3"": 3, ""EF4"": 5, ""EF5"": 9, ""SL5"": 2, ""SL6"": 3, ""SL7"": 2, ""SL8"": 1, ""Seuil3"": 2, ""Seuil4"": 4}",True,True,2
34,13,2,long_run_sl,8-8-8-6-6-6,8,-8,23,5,18,SL8,SL,8,8,5,8,1,False,rpe_max,True,1.0434782608695652,1.5,0.07500000000000001,0.0,2.6184782608695656,4.440892098500626e-16,2.9021739130434785,5.520652173913043,13,-11,0,0,3,3,-4,0,-9,-8,False,16,0.375,,False,not_highest_rpe_sl,,15,8-8-8-6-6-6,163,14,"{""EF1"": 3, ""EF2"": 7, ""EF3"": 3, ""EF4"": 5, ""EF5"": 9, ""SL5"": 2, ""SL6"": 3, ""SL7"": 2, ""SL8"": 1, ""Seuil3"": 2, ""Seuil4"": 4}",True,True,1
34,15,2,long_run_sl,8-8-8-8-6-6,8,-8,23,5,18,SL9,SL,9,9,8,9,1,False,rpe_max,True,1.173913043478261,1.5,0.0625,0.0,2.7364130434782608,0.0,2.8084239130434785,5.544836956521739,14,-11,0,0,1,1,-4,0,-11,-8,False,16,0.125,,False,not_highest_rpe_sl,,16,8-8-8-8-6-6,208,18,"{""EF1"": 3, ""EF2"": 8, ""EF3"": 3, ""EF4"": 8, ""EF5"": 11, ""SL5"": 3, ""SL6"": 3, ""SL7"": 2, ""SL8"": 2, ""Seuil3"": 2, ""Seuil4"": 6}",True,True,1
34,16,2,long_run_sl,8-8-8-8-6-6,8,-8,24,5,19,SL6,SL,6,6,5,6,1,False,rpe_max,True,0.75,1.5,0.025000000000000022,0.0,2.2750000000000004,4.440892098500626e-16,2.875,5.15,11,-14,0,0,1,1,-4,0,-11,-8,False,16,0.125,,False,not_highest_rpe_sl,,16,8-8-8-8-6-6,231,20,"{""EF1"": 3, ""EF2"": 9, ""EF3"": 3, ""EF4"": 9, ""EF5"": 12, ""SL5"": 3, ""SL6"": 3, ""SL7"": 2, ""SL8"": 3, ""Seuil3"": 2, ""Seuil4"": 7}",True,True,4
34,16,2,long_run_sl,8-8-8-8-6-6,8,-8,24,5,19,SL7,SL,7,7,5,7,1,False,rpe_max,True,0.875,1.5,0.04999999999999999,0.0,2.425,0.0,2.875,5.3,12,-13,0,0,2,2,-4,0,-10,-8,False,16,0.25,,False,not_highest_rpe_sl,,16,8-8-8-8-6-6,231,20,"{""EF1"": 3, ""EF2"": 9, ""EF3"": 3, ""EF4"": 9, ""EF5"": 12, ""SL5"": 3, ""SL6"": 3, ""SL7"": 2, ""SL8"": 3, ""Seuil3"": 2, ""Seuil4"": 7}",True,True,3
34,16,2,long_run_sl,8-8-8-8-6-6,8,-8,24,5,19,SL8,SL,8,8,5,8,1,False,rpe_max,True,1.0,1.5,0.07500000000000001,0.0,2.575,0.0,2.875,5.45,13,-12,0,0,3,3,-4,0,-9,-8,False,16,0.375,,False,not_highest_rpe_sl,,16,8-8-8-8-6-6,231,20,"{""EF1"": 3, ""EF2"": 9, ""EF3"": 3, ""EF4"": 9, ""EF5"": 12, ""SL5"": 3, ""SL6"": 3, ""SL7"": 2, ""SL8"": 3, ""Seuil3"": 2, ""Seuil4"": 7}",True,True,2
34,16,2,long_run_sl,8-8-8-8-6-6,8,-8,24,5,19,SL9,SL,9,9,5,9,1,False,rpe_max,True,1.125,1.5,0.09999999999999998,0.0,2.7249999999999996,-4.440892098500626e-16,2.875,5.6,14,-11,0,0,4,4,-4,0,-8,-8,False,16,0.5,,False,not_highest_rpe_sl,,16,8-8-8-8-6-6,231,20,"{""EF1"": 3, ""EF2"": 9, ""EF3"": 3, ""EF4"": 9, ""EF5"": 12, ""SL5"": 3, ""SL6"": 3, ""SL7"": 2, ""SL8"": 3, ""Seuil3"": 2, ""Seuil4"": 7}",True,True,1
35,9,2,long_run_sl,8-8-6-6-6,8,-8,15,5,10,SL6,SL,6,6,5,6,1,False,rpe_max,True,1.1999999999999997,1.5,0.025000000000000022,-0.75,1.9749999999999996,0.0,3.25,5.225,11,-9,0,0,1,1,-4,0,-11,-8,False,16,0.125,,False,not_highest_rpe_sl,,14,8-8-6-6-6,88,8,"{""EF2"": 5, ""EF3"": 3, ""EF4"": 2, ""EF5"": 5, ""SL5"": 2, ""SL6"": 2, ""Seuil3"": 2, ""Seuil4"": 2}",False,False,2
35,9,2,long_run_sl,8-8-6-6-6,8,-8,15,5,10,SL7,SL,7,7,5,7,1,False,rpe_max,True,1.4000000000000004,1.5,0.04999999999999999,-1.25,1.7000000000000002,-2.220446049250313e-16,3.25,4.95,12,-8,0,0,2,2,-4,0,-10,-8,False,16,0.25,,False,not_highest_rpe_sl,,14,8-8-6-6-6,88,8,"{""EF2"": 5, ""EF3"": 3, ""EF4"": 2, ""EF5"": 5, ""SL5"": 2, ""SL6"": 2, ""Seuil3"": 2, ""Seuil4"": 2}",False,False,3
35,11,2,long_run_sl,8-8-6-6-6-6,8,-8,20,5,15,SL7,SL,7,7,6,7,1,False,rpe_max,True,1.0499999999999998,1.5,0.04166666666666666,0.0,2.5916666666666663,0.0,2.9583333333333335,5.55,12,-11,0,0,1,1,-4,0,-11,-8,False,16,0.125,,False,not_highest_rpe_sl,,14,8-8-6-6-6-6,117,11,"{""EF2"": 5, ""EF3"": 3, ""EF4"": 3, ""EF5"": 7, ""SL5"": 3, ""SL6"": 2, ""SL7"": 1, ""Seuil3"": 3, ""Seuil4"": 2}",True,True,1
35,15,2,long_run_sl,8-8-8-8-6-6,8,-8,18,5,13,SL7,SL,7,7,6,7,1,False,rpe_max,True,1.1666666666666665,1.5,0.04166666666666666,0.0,2.708333333333333,0.0,3.0416666666666665,5.75,12,-13,0,0,1,1,-4,0,-11,-8,False,16,0.125,,False,not_highest_rpe_sl,,16,8-8-8-8-6-6,199,19,"{""EF1"": 1, ""EF2"": 9, ""EF3"": 3, ""EF4"": 5, ""EF5"": 11, ""SL5"": 3, ""SL6"": 3, ""SL7"": 2, ""SL8"": 2, ""Seuil3"": 3, ""Seuil4"": 6}",True,True,3
35,15,2,long_run_sl,8-8-8-8-6-6,8,-8,18,5,13,SL8,SL,8,8,6,8,1,False,rpe_max,True,1.333333333333333,1.5,0.06249999999999997,0.0,2.895833333333333,0.0,3.0416666666666665,5.9375,13,-12,0,0,2,2,-4,0,-10,-8,False,16,0.25,,False,not_highest_rpe_sl,,16,8-8-8-8-6-6,199,19,"{""EF1"": 1, ""EF2"": 9, ""EF3"": 3, ""EF4"": 5, ""EF5"": 11, ""SL5"": 3, ""SL6"": 3, ""SL7"": 2, ""SL8"": 2, ""Seuil3"": 3, ""Seuil4"": 6}",True,True,2
35,15,2,long_run_sl,8-8-8-8-6-6,8,-8,18,5,13,SL9,SL,9,9,6,9,1,False,rpe_max,True,1.5,1.5,0.08333333333333334,0.0,3.083333333333333,-4.440892098500626e-16,3.0416666666666665,6.125,14,-11,0,0,3,3,-4,0,-9,-8,False,16,0.375,,False,not_highest_rpe_sl,,16,8-8-8-8-6-6,199,19,"{""EF1"": 1, ""EF2"": 9, ""EF3"": 3, ""EF4"": 5, ""EF5"": 11, ""SL5"": 3, ""SL6"": 3, ""SL7"": 2, ""SL8"": 2, ""Seuil3"": 3, ""Seuil4"": 6}",True,True,1
35,16,2,long_run_sl,8-8-8-8-6-6,8,-8,15,5,10,SL7,SL,7,7,6,7,1,False,rpe_max,True,1.4000000000000004,1.5,0.04166666666666666,0.0,2.9416666666666673,4.440892098500626e-16,3.2083333333333335,6.15,12,-13,0,0,1,1,-4,0,-11,-8,False,16,0.125,,False,not_highest_rpe_sl,,16,8-8-8-8-6-6,217,21,"{""EF1"": 1, ""EF2"": 9, ""EF3"": 3, ""EF4"": 6, ""EF5"": 12, ""SL5"": 3, ""SL6"": 4, ""SL7"": 2, ""SL8"": 2, ""Seuil3"": 4, ""Seuil4"": 6}",True,True,3
35,16,2,long_run_sl,8-8-8-8-6-6,8,-8,15,5,10,SL8,SL,8,8,6,8,1,False,rpe_max,True,1.6,1.5,0.06249999999999997,0.0,3.1624999999999996,-4.440892098500626e-16,3.2083333333333335,6.370833333333334,13,-12,0,0,2,2,-4,0,-10,-8,False,16,0.25,,False,not_highest_rpe_sl,,16,8-8-8-8-6-6,217,21,"{""EF1"": 1, ""EF2"": 9, ""EF3"": 3, ""EF4"": 6, ""EF5"": 12, ""SL5"": 3, ""SL6"": 4, ""SL7"": 2, ""SL8"": 2, ""Seuil3"": 4, ""Seuil4"": 6}",True,True,2
35,16,2,long_run_sl,8-8-8-8-6-6,8,-8,15,5,10,SL9,SL,9,9,6,9,1,False,rpe_max,True,1.7999999999999998,1.5,0.08333333333333334,0.0,3.3833333333333337,4.440892098500626e-16,3.2083333333333335,6.591666666666667,14,-11,0,0,3,3,-4,0,-9,-8,False,16,0.375,,False,not_highest_rpe_sl,,16,8-8-8-8-6-6,217,21,"{""EF1"": 1, ""EF2"": 9, ""EF3"": 3, ""EF4"": 6, ""EF5"": 12, ""SL5"": 3, ""SL6"": 4, ""SL7"": 2, ""SL8"": 2, ""Seuil3"": 4, ""Seuil4"": 6}",True,True,1
36,12,2,long_run_sl,8-8-8-8-6-6,8,-8,27,5,22,SL9,SL,9,9,8,9,1,False,rpe_max,True,0.9999999999999998,1.5,0.0625,0.0,2.5625,0.0,2.7118055555555554,5.274305555555555,14,-11,0,0,1,1,-4,0,-11,-8,False,16,0.125,,False,not_highest_rpe_sl,,16,8-8-8-8-6-6,159,16,"{""EF1"": 3, ""EF2"": 2, ""EF3"": 4, ""EF4"": 5, ""EF5"": 8, ""SL5"": 2, ""SL6"": 2, ""SL7"": 2, ""SL8"": 2, ""Seuil3"": 4, ""Seuil4"": 4}",True,True,1
36,13,2,long_run_sl,8-8-8-8-6-6,8,-8,22,5,17,SL6,SL,6,6,5,6,1,False,rpe_max,True,0.8181818181818182,1.5,0.025000000000000022,0.0,2.3431818181818187,4.440892098500626e-16,2.9318181818181817,5.275,11,-14,0,0,1,1,-4,0,-11,-8,False,16,0.125,,False,not_highest_rpe_sl,,16,8-8-8-8-6-6,178,18,"{""EF1"": 3, ""EF2"": 3, ""EF3"": 4, ""EF4"": 5, ""EF5"": 9, ""SL5"": 2, ""SL6"": 2, ""SL7"": 2, ""SL8"": 3, ""Seuil3"": 4, ""Seuil4"": 5}",True,True,4
36,13,2,long_run_sl,8-8-8-8-6-6,8,-8,22,5,17,SL7,SL,7,7,5,7,1,False,rpe_max,True,0.9545454545454545,1.5,0.04999999999999999,0.0,2.504545454545454,-4.440892098500626e-16,2.9318181818181817,5.4363636363636365,12,-13,0,0,2,2,-4,0,-10,-8,False,16,0.25,,False,not_highest_rpe_sl,,16,8-8-8-8-6-6,178,18,"{""EF1"": 3, ""EF2"": 3, ""EF3"": 4, ""EF4"": 5, ""EF5"": 9, ""SL5"": 2, ""SL6"": 2, ""SL7"": 2, ""SL8"": 3, ""Seuil3"": 4, ""Seuil4"": 5}",True,True,3
36,13,2,long_run_sl,8-8-8-8-6-6,8,-8,22,5,17,SL8,SL,8,8,5,8,1,False,rpe_max,True,1.0909090909090913,1.5,0.07500000000000001,0.0,2.665909090909091,-4.440892098500626e-16,2.9318181818181817,5.597727272727273,13,-12,0,0,3,3,-4,0,-9,-8,False,16,0.375,,False,not_highest_rpe_sl,,16,8-8-8-8-6-6,178,18,"{""EF1"": 3, ""EF2"": 3, ""EF3"": 4, ""EF4"": 5, ""EF5"": 9, ""SL5"": 2, ""SL6"": 2, ""SL7"": 2, ""SL8"": 3, ""Seuil3"": 4, ""Seuil4"": 5}",True,True,2
36,13,2,long_run_sl,8-8-8-8-6-6,8,-8,22,5,17,SL9,SL,9,9,5,9,1,False,rpe_max,True,1.2272727272727275,1.5,0.09999999999999998,0.0,2.827272727272728,4.440892098500626e-16,2.9318181818181817,5.759090909090909,14,-11,0,0,4,4,-4,0,-8,-8,False,16,0.5,,False,not_highest_rpe_sl,,16,8-8-8-8-6-6,178,18,"{""EF1"": 3, ""EF2"": 3, ""EF3"": 4, ""EF4"": 5, ""EF5"": 9, ""SL5"": 2, ""SL6"": 2, ""SL7"": 2, ""SL8"": 3, ""Seuil3"": 4, ""Seuil4"": 5}",True,True,1
36,14,2,long_run_sl,8-8-8-8-6-6,8,-8,23,5,18,SL7,SL,7,7,6,7,1,False,rpe_max,True,0.9130434782608694,1.5,0.04166666666666666,0.0,2.454710144927536,0.0,2.8605072463768115,5.315217391304348,12,-13,0,0,1,1,-4,0,-11,-8,False,16,0.125,,False,not_highest_rpe_sl,,16,8-8-8-8-6-6,197,20,"{""EF1"": 3, ""EF2"": 3, ""EF3"": 4, ""EF4"": 5, ""EF5"": 11, ""SL5"": 3, ""SL6"": 2, ""SL7"": 2, ""SL8"": 3, ""Seuil3"": 4, ""Seuil4"": 6}",True,True,3
36,14,2,long_run_sl,8-8-8-8-6-6,8,-8,23,5,18,SL8,SL,8,8,6,8,1,False,rpe_max,True,1.0434782608695652,1.5,0.06249999999999997,0.0,2.6059782608695654,4.440892098500626e-16,2.8605072463768115,5.466485507246377,13,-12,0,0,2,2,-4,0,-10,-8,False,16,0.25,,False,not_highest_rpe_sl,,16,8-8-8-8-6-6,197,20,"{""EF1"": 3, ""EF2"": 3, ""EF3"": 4, ""EF4"": 5, ""EF5"": 11, ""SL5"": 3, ""SL6"": 2, ""SL7"": 2, ""SL8"": 3, ""Seuil3"": 4, ""Seuil4"": 6}",True,True,2
36,14,2,long_run_sl,8-8-8-8-6-6,8,-8,23,5,18,SL9,SL,9,9,6,9,1,False,rpe_max,True,1.173913043478261,1.5,0.08333333333333334,0.0,2.7572463768115947,4.440892098500626e-16,2.8605072463768115,5.617753623188406,14,-11,0,0,3,3,-4,0,-9,-8,False,16,0.375,,False,not_highest_rpe_sl,,16,8-8-8-8-6-6,197,20,"{""EF1"": 3, ""EF2"": 3, ""EF3"": 4, ""EF4"": 5, ""EF5"": 11, ""SL5"": 3, ""SL6"": 2, ""SL7"": 2, ""SL8"": 3, ""Seuil3"": 4, ""Seuil4"": 6}",True,True,1
36,15,2,long_run_sl,8-8-8-8-6-6,8,-8,26,5,21,SL8,SL,8,8,7,8,1,False,rpe_max,True,0.923076923076923,1.5,0.053571428571428575,0.0,2.476648351648352,4.440892098500626e-16,2.7554945054945055,5.232142857142857,13,-12,0,0,1,1,-4,0,-11,-8,False,16,0.125,,False,not_highest_rpe_sl,,16,8-8-8-8-6-6,220,22,"{""EF1"": 3, ""EF2"": 3, ""EF3"": 4, ""EF4"": 7, ""EF5"": 12, ""SL5"": 3, ""SL6"": 3, ""SL7"": 2, ""SL8"": 3, ""Seuil3"": 4, ""Seuil4"": 7}",True,True,2
36,15,2,long_run_sl,8-8-8-8-6-6,8,-8,26,5,21,SL9,SL,9,9,7,9,1,False,rpe_max,True,1.0384615384615383,1.5,0.07142857142857142,0.0,2.6098901098901095,-4.440892098500626e-16,2.7554945054945055,5.365384615384615,14,-11,0,0,2,2,-4,0,-10,-8,False,16,0.25,,False,not_highest_rpe_sl,,16,8-8-8-8-6-6,220,22,"{""EF1"": 3, ""EF2"": 3, ""EF3"": 4, ""EF4"": 7, ""EF5"": 12, ""SL5"": 3, ""SL6"": 3, ""SL7"": 2, ""SL8"": 3, ""Seuil3"": 4, ""Seuil4"": 7}",True,True,1
36,16,2,long_run_sl,8-8-8-8-6-6,8,-8,26,5,21,SL9,SL,9,9,8,9,1,False,rpe_max,True,1.0384615384615383,1.5,0.0625,0.0,2.600961538461538,-4.440892098500626e-16,2.733173076923077,5.334134615384615,14,-11,0,0,1,1,-4,0,-11,-8,False,16,0.125,,False,not_highest_rpe_sl,,16,8-8-8-8-6-6,239,24,"{""EF1"": 3, ""EF2"": 3, ""EF3"": 5, ""EF4"": 7, ""EF5"": 13, ""SL5"": 3, ""SL6"": 3, ""SL7"": 3, ""SL8"": 3, ""Seuil3"": 4, ""Seuil4"": 8}",True,True,1
37,7,2,long_run_sl,8-8-6-6-6,8,-6,16,5,11,SL6,SL,6,6,5,6,1,False,rpe_max,True,1.125,1.5,0.025000000000000022,-0.75,1.9000000000000004,4.440892098500626e-16,3.1875,5.0875,11,-9,0,0,1,1,-4,0,-9,-8,False,16,0.125,,False,not_highest_rpe_sl,,12,8-8-6-6-6,71,9,"{""EF1"": 1, ""EF2"": 4, ""EF3"": 4, ""EF4"": 2, ""EF5"": 2, ""SL5"": 2, ""Seuil3"": 6, ""Seuil4"": 1}",False,False,2
37,9,2,long_run_sl,8-8-6-6-6,8,-8,15,5,10,SL6,SL,6,6,5,6,1,False,rpe_max,True,1.1999999999999997,1.5,0.025000000000000022,-0.75,1.9749999999999996,0.0,3.25,5.225,11,-9,0,0,1,1,-4,0,-11,-8,False,16,0.125,,False,not_highest_rpe_sl,,12,8-8-6-6-6,92,11,"{""EF1"": 1, ""EF2"": 4, ""EF3"": 4, ""EF4"": 2, ""EF5"": 4, ""SL5"": 3, ""SL6"": 1, ""Seuil3"": 6, ""Seuil4"": 1}",False,False,2
37,11,2,long_run_sl,8-8-8-6-6-6,8,-8,21,5,16,SL7,SL,7,7,6,7,1,False,rpe_max,True,1.0,1.5,0.04166666666666666,0.0,2.541666666666667,4.440892098500626e-16,2.9226190476190474,5.464285714285714,12,-12,0,0,1,1,-4,0,-11,-8,False,16,0.125,,False,not_highest_rpe_sl,,14,8-8-8-6-6-6,124,14,"{""EF1"": 1, ""EF2"": 4, ""EF3"": 5, ""EF4"": 3, ""EF5"": 6, ""SL5"": 4, ""SL6"": 2, ""Seuil3"": 6, ""Seuil4"": 2}",True,True,1
37,12,2,long_run_sl,8-8-8-8-6-6,8,-8,23,5,18,SL6,SL,6,6,5,6,1,False,rpe_max,True,0.7826086956521741,1.5,0.025000000000000022,0.0,2.307608695652174,0.0,2.9021739130434785,5.209782608695653,11,-14,0,0,1,1,-4,0,-11,-8,False,16,0.125,,False,not_highest_rpe_sl,,14,8-8-8-8-6-6,144,16,"{""EF1"": 1, ""EF2"": 5, ""EF3"": 6, ""EF4"": 3, ""EF5"": 7, ""SL5"": 4, ""SL6"": 3, ""Seuil3"": 6, ""Seuil4"": 3}",True,True,2
37,12,2,long_run_sl,8-8-8-8-6-6,8,-8,23,5,18,SL7,SL,7,7,5,7,1,False,rpe_max,True,0.9130434782608694,1.5,0.04999999999999999,0.0,2.463043478260869,-4.440892098500626e-16,2.9021739130434785,5.3652173913043475,12,-13,0,0,2,2,-4,0,-10,-8,False,16,0.25,,False,not_highest_rpe_sl,,14,8-8-8-8-6-6,144,16,"{""EF1"": 1, ""EF2"": 5, ""EF3"": 6, ""EF4"": 3, ""EF5"": 7, ""SL5"": 4, ""SL6"": 3, ""Seuil3"": 6, ""Seuil4"": 3}",True,True,1
37,13,2,long_run_sl,8-8-8-8-6-6,8,-8,21,5,16,SL6,SL,6,6,5,6,1,False,rpe_max,True,0.8571428571428574,1.5,0.025000000000000022,0.0,2.382142857142857,-4.440892098500626e-16,2.9642857142857144,5.3464285714285715,11,-14,0,0,1,1,-4,0,-11,-8,False,16,0.125,,False,not_highest_rpe_sl,,14,8-8-8-8-6-6,167,18,"{""EF1"": 1, ""EF2"": 5, ""EF3"": 6, ""EF4"": 4, ""EF5"": 9, ""SL5"": 5, ""SL6"": 3, ""Seuil3"": 6, ""Seuil4"": 4}",True,True,2
37,13,2,long_run_sl,8-8-8-8-6-6,8,-8,21,5,16,SL7,SL,7,7,5,7,1,False,rpe_max,True,1.0,1.5,0.04999999999999999,0.0,2.55,0.0,2.9642857142857144,5.514285714285714,12,-13,0,0,2,2,-4,0,-10,-8,False,16,0.25,,False,not_highest_rpe_sl,,14,8-8-8-8-6-6,167,18,"{""EF1"": 1, ""EF2"": 5, ""EF3"": 6, ""EF4"": 4, ""EF5"": 9, ""SL5"": 5, ""SL6"": 3, ""Seuil3"": 6, ""Seuil4"": 4}",True,True,1
37,15,2,long_run_sl,8-8-8-8-6-6,8,-8,22,5,17,SL7,SL,7,7,6,7,1,False,rpe_max,True,0.9545454545454545,1.5,0.04166666666666666,0.0,2.4962121212121215,4.440892098500626e-16,2.890151515151515,5.386363636363637,12,-13,0,0,1,1,-4,0,-11,-8,False,16,0.125,,False,not_highest_rpe_sl,,14,8-8-8-8-6-6,211,22,"{""EF1"": 1, ""EF2"": 6, ""EF3"": 7, ""EF4"": 5, ""EF5"": 12, ""SL5"": 6, ""SL6"": 3, ""SL7"": 1, ""Seuil3"": 6, ""Seuil4"": 6}",True,True,1
37,16,2,long_run_sl,8-8-8-8-6-6,8,-8,20,5,15,SL7,SL,7,7,6,7,1,False,rpe_max,True,1.0499999999999998,1.5,0.04166666666666666,0.0,2.5916666666666663,0.0,2.9583333333333335,5.55,12,-13,0,0,1,1,-4,0,-11,-8,False,16,0.125,,False,not_highest_rpe_sl,,14,8-8-8-8-6-6,230,24,"{""EF1"": 1, ""EF2"": 6, ""EF3"": 7, ""EF4"": 6, ""EF5"": 13, ""SL5"": 6, ""SL6"": 4, ""SL7"": 1, ""Seuil3"": 6, ""Seuil4"": 7}",True,True,1
38,13,2,long_run_sl,8-8-8-8-6-6,8,-8,26,5,21,SL8,SL,8,8,7,8,1,False,rpe_max,True,0.923076923076923,1.5,0.053571428571428575,0.0,2.476648351648352,4.440892098500626e-16,2.7554945054945055,5.232142857142857,13,-12,0,0,1,1,-4,0,-11,-8,False,16,0.125,,False,not_highest_rpe_sl,,16,8-8-8-8-6-6,172,18,"{""EF1"": 2, ""EF2"": 4, ""EF3"": 4, ""EF4"": 6, ""EF5"": 8, ""SL5"": 2, ""SL6"": 2, ""SL7"": 2, ""SL8"": 2, ""Seuil3"": 6, ""Seuil4"": 4}",True,True,2
38,13,2,long_run_sl,8-8-8-8-6-6,8,-8,26,5,21,SL9,SL,9,9,7,9,1,False,rpe_max,True,1.0384615384615383,1.5,0.07142857142857142,0.0,2.6098901098901095,-4.440892098500626e-16,2.7554945054945055,5.365384615384615,14,-11,0,0,2,2,-4,0,-10,-8,False,16,0.25,,False,not_highest_rpe_sl,,16,8-8-8-8-6-6,172,18,"{""EF1"": 2, ""EF2"": 4, ""EF3"": 4, ""EF4"": 6, ""EF5"": 8, ""SL5"": 2, ""SL6"": 2, ""SL7"": 2, ""SL8"": 2, ""Seuil3"": 6, ""Seuil4"": 4}",True,True,1
38,14,2,long_run_sl,8-8-8-8-6-6,8,-8,24,5,19,SL7,SL,7,7,6,7,1,False,rpe_max,True,0.875,1.5,0.04166666666666666,0.0,2.4166666666666665,0.0,2.8333333333333335,5.25,12,-13,0,0,1,1,-4,0,-11,-8,False,16,0.125,,False,not_highest_rpe_sl,,16,8-8-8-8-6-6,191,20,"{""EF1"": 2, ""EF2"": 4, ""EF3"": 5, ""EF4"": 6, ""EF5"": 9, ""SL5"": 2, ""SL6"": 2, ""SL7"": 3, ""SL8"": 2, ""Seuil3"": 6, ""Seuil4"": 5}",True,True,3
38,14,2,long_run_sl,8-8-8-8-6-6,8,-8,24,5,19,SL8,SL,8,8,6,8,1,False,rpe_max,True,1.0,1.5,0.06249999999999997,0.0,2.5625000000000004,4.440892098500626e-16,2.8333333333333335,5.395833333333333,13,-12,0,0,2,2,-4,0,-10,-8,False,16,0.25,,False,not_highest_rpe_sl,,16,8-8-8-8-6-6,191,20,"{""EF1"": 2, ""EF2"": 4, ""EF3"": 5, ""EF4"": 6, ""EF5"": 9, ""SL5"": 2, ""SL6"": 2, ""SL7"": 3, ""SL8"": 2, ""Seuil3"": 6, ""Seuil4"": 5}",True,True,2
38,14,2,long_run_sl,8-8-8-8-6-6,8,-8,24,5,19,SL9,SL,9,9,6,9,1,False,rpe_max,True,1.125,1.5,0.08333333333333334,0.0,2.7083333333333326,-8.881784197001252e-16,2.8333333333333335,5.541666666666667,14,-11,0,0,3,3,-4,0,-9,-8,False,16,0.375,,False,not_highest_rpe_sl,,16,8-8-8-8-6-6,191,20,"{""EF1"": 2, ""EF2"": 4, ""EF3"": 5, ""EF4"": 6, ""EF5"": 9, ""SL5"": 2, ""SL6"": 2, ""SL7"": 3, ""SL8"": 2, ""Seuil3"": 6, ""Seuil4"": 5}",True,True,1
38,15,2,long_run_sl,8-8-8-8-6-6,8,-8,22,5,17,SL8,SL,8,8,7,8,1,False,rpe_max,True,1.0909090909090913,1.5,0.053571428571428575,0.0,2.6444805194805197,0.0,2.8603896103896105,5.50487012987013,13,-12,0,0,1,1,-4,0,-11,-8,False,16,0.125,,False,not_highest_rpe_sl,,16,8-8-8-8-6-6,210,22,"{""EF1"": 2, ""EF2"": 4, ""EF3"": 5, ""EF4"": 7, ""EF5"": 10, ""SL5"": 2, ""SL6"": 3, ""SL7"": 3, ""SL8"": 2, ""Seuil3"": 6, ""Seuil4"": 6}",True,True,2
38,15,2,long_run_sl,8-8-8-8-6-6,8,-8,22,5,17,SL9,SL,9,9,7,9,1,False,rpe_max,True,1.2272727272727275,1.5,0.07142857142857142,0.0,2.7987012987012987,-4.440892098500626e-16,2.8603896103896105,5.659090909090909,14,-11,0,0,2,2,-4,0,-10,-8,False,16,0.25,,False,not_highest_rpe_sl,,16,8-8-8-8-6-6,210,22,"{""EF1"": 2, ""EF2"": 4, ""EF3"": 5, ""EF4"": 7, ""EF5"": 10, ""SL5"": 2, ""SL6"": 3, ""SL7"": 3, ""SL8"": 2, ""Seuil3"": 6, ""Seuil4"": 6}",True,True,1
38,16,2,long_run_sl,8-8-8-8-6-6,8,-8,24,5,19,SL9,SL,9,9,8,9,1,False,rpe_max,True,1.125,1.5,0.0625,0.0,2.6875,0.0,2.78125,5.46875,14,-11,0,0,1,1,-4,0,-11,-8,False,16,0.125,,False,not_highest_rpe_sl,,16,8-8-8-8-6-6,231,24,"{""EF1"": 2, ""EF2"": 5, ""EF3"": 6, ""EF4"": 7, ""EF5"": 11, ""SL5"": 2, ""SL6"": 3, ""SL7"": 4, ""SL8"": 2, ""Seuil3"": 6, ""Seuil4"": 7}",True,True,1
39,11,2,long_run_sl,8-8-8-6-6-6,8,-8,25,5,20,SL8,SL,8,8,7,8,1,False,rpe_max,True,0.96,1.5,0.053571428571428575,0.0,2.513571428571429,4.440892098500626e-16,2.7785714285714285,5.292142857142857,13,-11,0,0,1,1,-4,0,-11,-8,False,16,0.125,,False,not_highest_rpe_sl,,15,8-8-8-6-6-6,129,15,"{""EF1"": 2, ""EF2"": 5, ""EF3"": 2, ""EF4"": 4, ""EF5"": 6, ""SL5"": 2, ""SL6"": 2, ""SL7"": 2, ""Seuil3"": 7, ""Seuil4"": 2}",True,True,1
39,12,2,long_run_sl,8-8-8-8-6-6,8,-8,24,5,19,SL8,SL,8,8,7,8,1,False,rpe_max,True,1.0,1.5,0.053571428571428575,0.0,2.553571428571429,4.440892098500626e-16,2.8035714285714284,5.357142857142857,13,-12,0,0,1,1,-4,0,-11,-8,False,16,0.125,,False,not_highest_rpe_sl,,15,8-8-8-8-6-6,147,17,"{""EF1"": 2, ""EF2"": 6, ""EF3"": 2, ""EF4"": 4, ""EF5"": 7, ""SL5"": 2, ""SL6"": 2, ""SL7"": 3, ""Seuil3"": 7, ""Seuil4"": 3}",True,True,1
39,14,2,long_run_sl,8-8-8-8-6-6,8,-8,28,5,23,SL8,SL,8,8,7,8,1,False,rpe_max,True,0.8571428571428571,1.5,0.053571428571428575,0.0,2.4107142857142856,0.0,2.7142857142857144,5.125,13,-12,0,0,1,1,-4,0,-11,-8,False,16,0.125,,False,not_highest_rpe_sl,,15,8-8-8-8-6-6,185,21,"{""EF1"": 2, ""EF2"": 7, ""EF3"": 3, ""EF4"": 4, ""EF5"": 9, ""SL5"": 2, ""SL6"": 2, ""SL7"": 4, ""SL8"": 1, ""Seuil3"": 7, ""Seuil4"": 5}",True,True,1
39,16,2,long_run_sl,8-8-8-8-6-6,8,-8,21,5,16,SL6,SL,6,6,5,6,1,False,rpe_max,True,0.8571428571428574,1.5,0.025000000000000022,0.0,2.382142857142857,-4.440892098500626e-16,2.9642857142857144,5.3464285714285715,11,-14,0,0,1,1,-4,0,-11,-8,False,16,0.125,,False,not_highest_rpe_sl,,16,8-8-8-8-6-6,223,25,"{""EF1"": 2, ""EF2"": 8, ""EF3"": 4, ""EF4"": 4, ""EF5"": 11, ""SL5"": 2, ""SL6"": 2, ""SL7"": 5, ""SL8"": 2, ""Seuil3"": 7, ""Seuil4"": 7}",True,True,4
39,16,2,long_run_sl,8-8-8-8-6-6,8,-8,21,5,16,SL7,SL,7,7,5,7,1,False,rpe_max,True,1.0,1.5,0.04999999999999999,0.0,2.55,0.0,2.9642857142857144,5.514285714285714,12,-13,0,0,2,2,-4,0,-10,-8,False,16,0.25,,False,not_highest_rpe_sl,,16,8-8-8-8-6-6,223,25,"{""EF1"": 2, ""EF2"": 8, ""EF3"": 4, ""EF4"": 4, ""EF5"": 11, ""SL5"": 2, ""SL6"": 2, ""SL7"": 5, ""SL8"": 2, ""Seuil3"": 7, ""Seuil4"": 7}",True,True,3
39,16,2,long_run_sl,8-8-8-8-6-6,8,-8,21,5,16,SL8,SL,8,8,5,8,1,False,rpe_max,True,1.142857142857143,1.5,0.07500000000000001,0.0,2.7178571428571425,-4.440892098500626e-16,2.9642857142857144,5.682142857142857,13,-12,0,0,3,3,-4,0,-9,-8,False,16,0.375,,False,not_highest_rpe_sl,,16,8-8-8-8-6-6,223,25,"{""EF1"": 2, ""EF2"": 8, ""EF3"": 4, ""EF4"": 4, ""EF5"": 11, ""SL5"": 2, ""SL6"": 2, ""SL7"": 5, ""SL8"": 2, ""Seuil3"": 7, ""Seuil4"": 7}",True,True,2
39,16,2,long_run_sl,8-8-8-8-6-6,8,-8,21,5,16,SL9,SL,9,9,5,9,1,False,rpe_max,True,1.2857142857142858,1.5,0.09999999999999998,0.0,2.8857142857142852,-4.440892098500626e-16,2.9642857142857144,5.85,14,-11,0,0,4,4,-4,0,-8,-8,False,16,0.5,,False,not_highest_rpe_sl,,16,8-8-8-8-6-6,223,25,"{""EF1"": 2, ""EF2"": 8, ""EF3"": 4, ""EF4"": 4, ""EF5"": 11, ""SL5"": 2, ""SL6"": 2, ""SL7"": 5, ""SL8"": 2, ""Seuil3"": 7, ""Seuil4"": 7}",True,True,1
40,7,2,long_run_sl,8-8-6-6-6,8,-8,17,5,12,SL6,SL,6,6,5,6,1,False,rpe_max,True,1.058823529411765,1.5,0.025000000000000022,-0.75,1.8338235294117653,4.440892098500626e-16,3.1323529411764706,4.966176470588236,11,-9,0,0,1,1,-4,0,-11,-8,False,16,0.125,,False,not_highest_rpe_sl,,12,8-8-6-6-6,64,8,"{""EF1"": 2, ""EF2"": 3, ""EF3"": 3, ""EF4"": 2, ""EF5"": 2, ""SL5"": 2, ""Seuil3"": 5, ""Seuil4"": 1}",False,False,2
40,9,2,long_run_sl,8-8-6-6-6,8,-8,18,5,13,SL6,SL,6,6,5,6,1,False,rpe_max,True,1.0,1.5,0.025000000000000022,-0.75,1.775,0.0,3.0833333333333335,4.858333333333333,11,-9,0,0,1,1,-4,0,-11,-8,False,16,0.125,,False,not_highest_rpe_sl,,12,8-8-6-6-6,85,10,"{""EF1"": 2, ""EF2"": 3, ""EF3"": 3, ""EF4"": 2, ""EF5"": 4, ""SL5"": 3, ""SL6"": 1, ""Seuil3"": 5, ""Seuil4"": 1}",False,False,2
40,12,2,long_run_sl,8-8-8-6-6-6,8,-8,20,5,15,SL6,SL,6,6,5,6,1,False,rpe_max,True,0.9000000000000001,1.5,0.025000000000000022,0.0,2.4250000000000007,4.440892098500626e-16,3.0,5.425,11,-13,0,0,1,1,-4,0,-11,-8,False,16,0.125,,False,not_highest_rpe_sl,,14,8-8-8-6-6-6,124,14,"{""EF1"": 2, ""EF2"": 4, ""EF3"": 3, ""EF4"": 2, ""EF5"": 7, ""SL5"": 4, ""SL6"": 2, ""SL7"": 1, ""Seuil3"": 5, ""Seuil4"": 2}",True,True,2
40,12,2,long_run_sl,8-8-8-6-6-6,8,-8,20,5,15,SL7,SL,7,7,5,7,1,False,rpe_max,True,1.0499999999999998,1.5,0.04999999999999999,0.0,2.5999999999999996,0.0,3.0,5.6,12,-12,0,0,2,2,-4,0,-10,-8,False,16,0.25,,False,not_highest_rpe_sl,,14,8-8-8-6-6-6,124,14,"{""EF1"": 2, ""EF2"": 4, ""EF3"": 3, ""EF4"": 2, ""EF5"": 7, ""SL5"": 4, ""SL6"": 2, ""SL7"": 1, ""Seuil3"": 5, ""Seuil4"": 2}",True,True,1
40,15,2,long_run_sl,8-8-8-8-6-6,8,-8,15,5,10,SL8,SL,8,8,7,8,1,False,rpe_max,True,1.6,1.5,0.053571428571428575,0.0,3.1535714285714276,-8.881784197001252e-16,3.1785714285714284,6.332142857142857,13,-12,0,0,1,1,-4,0,-11,-8,False,16,0.125,,False,not_highest_rpe_sl,,15,8-8-8-8-6-6,186,20,"{""EF1"": 2, ""EF2"": 6, ""EF3"": 4, ""EF4"": 4, ""EF5"": 10, ""SL5"": 5, ""SL6"": 2, ""SL7"": 2, ""SL8"": 1, ""Seuil3"": 5, ""Seuil4"": 5}",True,True,1
41,10,2,long_run_sl,8-8-6-6-6,8,-8,14,5,9,SL7,SL,7,7,6,7,1,False,rpe_max,True,1.4999999999999998,1.5,0.04166666666666666,-1.25,1.7916666666666665,0.0,3.2797619047619047,5.071428571428571,12,-8,0,0,1,1,-4,0,-11,-8,False,16,0.125,,False,not_highest_rpe_sl,,14,8-8-6-6-6,95,11,"{""EF1"": 2, ""EF2"": 4, ""EF3"": 2, ""EF4"": 3, ""EF5"": 4, ""SL5"": 2, ""SL6"": 2, ""Seuil3"": 4, ""Seuil4"": 2, ""Seuil5"": 1}",False,False,3
41,11,2,long_run_sl,8-8-8-6-6-6,8,-8,19,5,14,SL7,SL,7,7,6,7,1,False,rpe_max,True,1.1052631578947367,1.5,0.04166666666666666,0.0,2.6469298245614032,0.0,2.9978070175438596,5.644736842105263,12,-12,0,0,1,1,-4,0,-11,-8,False,16,0.125,,False,not_highest_rpe_sl,,14,8-8-8-6-6-6,106,12,"{""EF1"": 2, ""EF2"": 4, ""EF3"": 2, ""EF4"": 3, ""EF5"": 5, ""SL5"": 2, ""SL6"": 3, ""Seuil3"": 4, ""Seuil4"": 2, ""Seuil5"": 1}",True,True,1
41,15,2,long_run_sl,8-8-8-8-6-6,8,-8,27,5,22,SL8,SL,8,8,7,8,1,False,rpe_max,True,0.8888888888888888,1.5,0.053571428571428575,0.0,2.442460317460318,8.881784197001252e-16,2.734126984126984,5.176587301587301,13,-12,0,0,1,1,-4,0,-11,-8,False,16,0.125,,False,not_highest_rpe_sl,,15,8-8-8-8-6-6,186,20,"{""EF1"": 2, ""EF2"": 7, ""EF3"": 4, ""EF4"": 4, ""EF5"": 9, ""SL5"": 2, ""SL6"": 4, ""SL7"": 2, ""SL8"": 1, ""Seuil3"": 4, ""Seuil4"": 6, ""Seuil5"": 1}",True,True,1
42,5,1,long_run_ef,8-6-6-6,8,-4,7,0,7,EF5,EF,5,5,4,5,0,False,rpe_max,True,2.142857142857143,0.0,0.3125,0.0,2.4553571428571423,-4.440892098500626e-16,2.0,4.455357142857142,5,-10,0,0,1,1,-4,0,-7,-7,False,15,0.125,,False,not_highest_rpe_ef,,11,8-6-6-6,40,4,"{""EF2"": 3, ""EF3"": 2, ""EF4"": 2, ""EF5"": 1, ""SL5"": 1, ""Seuil3"": 2, ""Seuil4"": 1}",True,True,1
42,7,2,long_run_sl,8-6-6-6-6,8,-7,14,5,9,SL6,SL,6,6,5,6,1,False,rpe_max,True,1.2857142857142858,1.5,0.025000000000000022,-1.25,1.560714285714286,0.0,3.321428571428571,4.882142857142857,11,-8,0,0,1,1,-4,0,-10,-8,False,16,0.125,,False,not_highest_rpe_sl,,12,8-6-6-6-6,63,7,"{""EF2"": 3, ""EF3"": 3, ""EF4"": 3, ""EF5"": 2, ""SL5"": 2, ""Seuil3"": 4, ""Seuil4"": 1}",False,False,2
42,10,2,long_run_sl,8-8-6-6-6,8,-8,17,5,12,SL7,SL,7,7,6,7,1,False,rpe_max,True,1.2352941176470589,1.5,0.04166666666666666,-1.25,1.526960784313725,-6.661338147750939e-16,3.090686274509804,4.617647058823529,12,-8,0,0,1,1,-4,0,-11,-8,False,16,0.125,,False,not_highest_rpe_sl,,13,8-8-6-6-6,95,10,"{""EF2"": 3, ""EF3"": 3, ""EF4"": 3, ""EF5"": 5, ""SL5"": 3, ""SL6"": 2, ""Seuil3"": 4, ""Seuil4"": 1}",False,False,3
42,12,2,long_run_sl,8-8-8-6-6-6,8,-8,22,5,17,SL7,SL,7,7,6,7,1,False,rpe_max,True,0.9545454545454545,1.5,0.04166666666666666,0.0,2.4962121212121215,4.440892098500626e-16,2.890151515151515,5.386363636363637,12,-12,0,0,1,1,-4,0,-11,-8,False,16,0.125,,False,not_highest_rpe_sl,,14,8-8-8-6-6-6,125,13,"{""EF1"": 1, ""EF2"": 4, ""EF3"": 3, ""EF4"": 3, ""EF5"": 7, ""SL5"": 3, ""SL6"": 3, ""SL7"": 1, ""Seuil3"": 4, ""Seuil4"": 2}",True,True,1
42,15,2,long_run_sl,8-8-8-8-6-6,8,-8,21,5,16,SL7,SL,7,7,6,7,1,False,rpe_max,True,1.0,1.5,0.04166666666666666,0.0,2.541666666666667,4.440892098500626e-16,2.9226190476190474,5.464285714285714,12,-13,0,0,1,1,-4,0,-11,-8,False,16,0.125,,False,not_highest_rpe_sl,,15,8-8-8-8-6-6,184,19,"{""EF1"": 1, ""EF2"": 6, ""EF3"": 4, ""EF4"": 4, ""EF5"": 10, ""SL5"": 3, ""SL6"": 4, ""SL7"": 2, ""SL8"": 1, ""Seuil3"": 4, ""Seuil4"": 5}",True,True,2
42,15,2,long_run_sl,8-8-8-8-6-6,8,-8,21,5,16,SL8,SL,8,8,6,8,1,False,rpe_max,True,1.142857142857143,1.5,0.06249999999999997,0.0,2.7053571428571432,4.440892098500626e-16,2.9226190476190474,5.627976190476191,13,-12,0,0,2,2,-4,0,-10,-8,False,16,0.25,,False,not_highest_rpe_sl,,15,8-8-8-8-6-6,184,19,"{""EF1"": 1, ""EF2"": 6, ""EF3"": 4, ""EF4"": 4, ""EF5"": 10, ""SL5"": 3, ""SL6"": 4, ""SL7"": 2, ""SL8"": 1, ""Seuil3"": 4, ""Seuil4"": 5}",True,True,1
43,6,1,long_run_ef,8-8-6-6-6,8,-3,11,0,11,EF5,EF,5,5,4,5,0,False,rpe_max,True,1.3636363636363635,0.0,0.3125,0.0,1.6761363636363633,-2.220446049250313e-16,2.0,3.6761363636363633,5,-15,0,0,1,1,-4,0,-6,-6,False,14,0.125,,False,not_highest_rpe_ef,,11,8-8-6-6-6,59,8,"{""EF1"": 1, ""EF2"": 3, ""EF3"": 4, ""EF4"": 2, ""EF5"": 1, ""SL5"": 1, ""Seuil3"": 6, ""Seuil4"": 1}",True,True,1
43,6,2,weighted_greedy,8-8-6-6-6,8,-3,11,4,7,EF5,EF,5,5,4,5,0,False,rpe_max,True,1.3636363636363638,0.0,0.03125,0.0,1.3948863636363642,4.440892098500626e-16,3.340909090909091,4.735795454545455,9,-11,0,0,1,1,-4,0,-6,-6,False,14,0.125,,False,illegal,,11,8-8-6-6-6,59,8,"{""EF1"": 1, ""EF2"": 3, ""EF3"": 4, ""EF4"": 2, ""EF5"": 1, ""SL5"": 1, ""Seuil3"": 6, ""Seuil4"": 1}",False,False,7
43,6,2,weighted_greedy,8-8-6-6-6,8,-3,11,4,7,SL5,SL,5,5,4,5,1,False,rpe_max,True,1.3636363636363638,1.5,0.03125,0.0,2.894886363636364,4.440892098500626e-16,3.340909090909091,6.235795454545455,9,-11,0,0,1,1,-4,0,-6,-6,False,14,0.125,,False,illegal,,11,8-8-6-6-6,59,8,"{""EF1"": 1, ""EF2"": 3, ""EF3"": 4, ""EF4"": 2, ""EF5"": 1, ""SL5"": 1, ""Seuil3"": 6, ""Seuil4"": 1}",True,True,1
43,8,2,long_run_sl,8-8-6-6-6,8,-8,12,5,7,SL6,SL,6,6,5,6,1,False,rpe_max,True,1.5,1.5,0.025000000000000022,-0.75,2.2750000000000004,4.440892098500626e-16,3.5,5.775,11,-9,0,0,1,1,-4,0,-11,-8,False,16,0.125,,False,not_highest_rpe_sl,,13,8-8-6-6-6,79,10,"{""EF1"": 1, ""EF2"": 4, ""EF3"": 4, ""EF4"": 3, ""EF5"": 2, ""SL5"": 2, ""Seuil3"": 6, ""Seuil4"": 2}",False,False,2
43,9,1,long_run_ef,8-8-6-6-6,8,-8,13,0,13,EF4,EF,4,4,3,4,0,False,rpe_max,True,0.9230769230769231,0.0,0.3333333333333333,0.0,1.2564102564102564,0.0,2.0,3.2564102564102564,4,-16,0,0,1,1,-4,0,-11,-8,False,16,0.125,,False,not_highest_rpe_ef,,13,8-8-6-6-6,89,11,"{""EF1"": 1, ""EF2"": 4, ""EF3"": 4, ""EF4"": 3, ""EF5"": 3, ""SL5"": 3, ""Seuil3"": 6, ""Seuil4"": 2}",True,True,2
43,9,1,long_run_ef,8-8-6-6-6,8,-8,13,0,13,EF5,EF,5,5,3,5,0,False,rpe_max,True,1.153846153846154,0.0,0.4166666666666667,0.0,1.5705128205128207,0.0,2.0,3.5705128205128207,5,-15,0,0,2,2,-4,0,-10,-8,False,16,0.25,,False,not_highest_rpe_ef,,13,8-8-6-6-6,89,11,"{""EF1"": 1, ""EF2"": 4, ""EF3"": 4, ""EF4"": 3, ""EF5"": 3, ""SL5"": 3, ""Seuil3"": 6, ""Seuil4"": 2}",True,True,1
43,9,2,weighted_greedy,8-8-6-6-6,8,-8,13,3,10,EF4,EF,4,4,3,4,0,False,rpe_max,True,0.9230769230769231,0.0,0.041666666666666685,0.0,0.9647435897435894,-4.440892098500626e-16,2.9423076923076925,3.907051282051282,7,-13,0,0,1,1,-4,0,-11,-8,False,16,0.125,,False,illegal,,13,8-8-6-6-6,89,11,"{""EF1"": 1, ""EF2"": 4, ""EF3"": 4, ""EF4"": 3, ""EF5"": 3, ""SL5"": 3, ""Seuil3"": 6, ""Seuil4"": 2}",False,False,10
43,9,2,weighted_greedy,8-8-6-6-6,8,-8,13,3,10,EF5,EF,5,5,3,5,0,False,rpe_max,True,1.153846153846154,0.0,0.08333333333333331,0.0,1.2371794871794872,0.0,2.9423076923076925,4.17948717948718,8,-12,0,0,2,2,-4,0,-10,-8,False,16,0.25,,False,illegal,,13,8-8-6-6-6,89,11,"{""EF1"": 1, ""EF2"": 4, ""EF3"": 4, ""EF4"": 3, ""EF5"": 3, ""SL5"": 3, ""Seuil3"": 6, ""Seuil4"": 2}",False,False,9
43,9,2,weighted_greedy,8-8-6-6-6,8,-8,13,3,10,Seuil4,Seuil,4,4,3,4,1,False,rpe_max,True,0.9230769230769231,1.5,0.041666666666666685,0.0,2.4647435897435894,-4.440892098500626e-16,2.9423076923076925,5.407051282051282,7,-13,0,0,1,1,-4,0,-11,-8,False,16,0.125,,False,illegal,,13,8-8-6-6-6,89,11,"{""EF1"": 1, ""EF2"": 4, ""EF3"": 4, ""EF4"": 3, ""EF5"": 3, ""SL5"": 3, ""Seuil3"": 6, ""Seuil4"": 2}",True,True,4
43,9,2,weighted_greedy,8-8-6-6-6,8,-8,13,3,10,Seuil5,Seuil,5,5,3,5,1,False,rpe_max,True,1.153846153846154,1.5,0.08333333333333331,0.0,2.7371794871794872,0.0,2.9423076923076925,5.67948717948718,8,-12,0,0,2,2,-4,0,-10,-8,False,16,0.25,,False,illegal,,13,8-8-6-6-6,89,11,"{""EF1"": 1, ""EF2"": 4, ""EF3"": 4, ""EF4"": 3, ""EF5"": 3, ""SL5"": 3, ""Seuil3"": 6, ""Seuil4"": 2}",True,True,2
43,9,2,weighted_greedy,8-8-6-6-6,8,-8,13,3,10,Spec4,Spec,4,4,3,4,1,False,rpe_max,True,0.9230769230769231,1.5,0.041666666666666685,0.0,2.4647435897435894,-4.440892098500626e-16,2.9423076923076925,5.407051282051282,7,-13,0,0,1,1,-4,0,-11,-8,False,16,0.125,,False,illegal,,13,8-8-6-6-6,89,11,"{""EF1"": 1, ""EF2"": 4, ""EF3"": 4, ""EF4"": 3, ""EF5"": 3, ""SL5"": 3, ""Seuil3"": 6, ""Seuil4"": 2}",True,True,5
43,9,2,weighted_greedy,8-8-6-6-6,8,-8,13,3,10,SL5,SL,5,5,3,5,1,False,rpe_max,True,1.153846153846154,1.5,0.08333333333333331,0.0,2.7371794871794872,0.0,2.9423076923076925,5.67948717948718,8,-12,0,0,2,2,-4,0,-10,-8,False,16,0.25,,False,illegal,,13,8-8-6-6-6,89,11,"{""EF1"": 1, ""EF2"": 4, ""EF3"": 4, ""EF4"": 3, ""EF5"": 3, ""SL5"": 3, ""Seuil3"": 6, ""Seuil4"": 2}",True,True,3
43,9,2,weighted_greedy,8-8-6-6-6,8,-8,13,3,10,SL6,SL,6,6,3,6,1,False,rpe_max,True,1.3846153846153844,1.5,0.125,0.0,3.009615384615384,0.0,2.9423076923076925,5.951923076923077,9,-11,0,0,3,3,-4,0,-9,-8,False,16,0.375,,False,illegal,,13,8-8-6-6-6,89,11,"{""EF1"": 1, ""EF2"": 4, ""EF3"": 4, ""EF4"": 3, ""EF5"": 3, ""SL5"": 3, ""Seuil3"": 6, ""Seuil4"": 2}",True,True,1
43,9,3,weighted_greedy,8-8-6-6-6,8,-8,13,6,7,EF4,EF,4,4,3,4,0,False,rpe_max,True,0.9230769230769234,0.0,0.02777777777777779,0.0,0.950854700854701,-1.1102230246251565e-16,5.134615384615385,6.085470085470086,10,-10,0,0,1,1,-4,0,-11,-8,False,16,0.125,,False,illegal,,13,8-8-6-6-6,89,11,"{""EF1"": 1, ""EF2"": 4, ""EF3"": 4, ""EF4"": 3, ""EF5"": 3, ""SL5"": 3, ""Seuil3"": 6, ""Seuil4"": 2}",True,True,1
43,9,3,weighted_greedy,8-8-6-6-6,8,-8,13,6,7,EF5,EF,5,5,3,5,0,False,rpe_max,True,1.1538461538461537,0.0,0.055555555555555525,-0.75,0.45940170940170866,-6.106226635438361e-16,5.134615384615385,5.594017094017094,11,-9,0,0,2,2,-4,0,-10,-8,False,16,0.25,,False,illegal,,13,8-8-6-6-6,89,11,"{""EF1"": 1, ""EF2"": 4, ""EF3"": 4, ""EF4"": 3, ""EF5"": 3, ""SL5"": 3, ""Seuil3"": 6, ""Seuil4"": 2}",False,False,3
43,9,4,weighted_greedy,8-8-6-6-6,8,-8,13,9,4,EF4,EF,4,4,3,4,0,False,rpe_max,True,0.9230769230769234,0.0,0.020833333333333315,-1.5,-0.5560897435897436,-2.220446049250313e-16,5.826923076923077,5.270833333333333,13,-7,0,0,1,1,-4,0,-11,-8,False,16,0.125,,False,illegal,,13,8-8-6-6-6,89,11,"{""EF1"": 1, ""EF2"": 4, ""EF3"": 4, ""EF4"": 3, ""EF5"": 3, ""SL5"": 3, ""Seuil3"": 6, ""Seuil4"": 2}",False,False,8
43,9,4,weighted_greedy,8-8-6-6-6,8,-8,13,9,4,Seuil4,Seuil,4,4,3,4,1,False,rpe_max,True,0.9230769230769234,1.5,0.020833333333333315,-1.5,0.9439102564102564,-2.220446049250313e-16,5.826923076923077,6.770833333333333,13,-7,0,0,1,1,-4,0,-11,-8,False,16,0.125,,False,illegal,,13,8-8-6-6-6,89,11,"{""EF1"": 1, ""EF2"": 4, ""EF3"": 4, ""EF4"": 3, ""EF5"": 3, ""SL5"": 3, ""Seuil3"": 6, ""Seuil4"": 2}",True,True,1
43,9,4,weighted_greedy,8-8-6-6-6,8,-8,13,9,4,Spec4,Spec,4,4,3,4,1,False,rpe_max,True,0.9230769230769234,1.5,0.020833333333333315,-1.5,0.9439102564102564,-2.220446049250313e-16,5.826923076923077,6.770833333333333,13,-7,0,0,1,1,-4,0,-11,-8,False,16,0.125,,False,illegal,,13,8-8-6-6-6,89,11,"{""EF1"": 1, ""EF2"": 4, ""EF3"": 4, ""EF4"": 3, ""EF5"": 3, ""SL5"": 3, ""Seuil3"": 6, ""Seuil4"": 2}",True,True,2
43,10,2,long_run_sl,8-8-8-6-6-6,8,-8,14,5,9,SL6,SL,6,6,5,6,1,False,rpe_max,True,1.2857142857142858,1.5,0.025000000000000022,0.0,2.810714285714286,0.0,3.321428571428571,6.132142857142857,11,-13,0,0,1,1,-4,0,-11,-8,False,16,0.125,,False,not_highest_rpe_sl,,13,8-8-8-6-6-6,101,13,"{""EF1"": 1, ""EF2"": 4, ""EF3"": 6, ""EF4"": 3, ""EF5"": 3, ""SL5"": 3, ""Seuil3"": 8, ""Seuil4"": 2}",True,True,1
43,15,2,long_run_sl,8-8-8-8-6-6,8,-8,25,5,20,SL7,SL,7,7,6,7,1,False,rpe_max,True,0.8399999999999999,1.5,0.04166666666666666,0.0,2.381666666666666,-4.440892098500626e-16,2.8083333333333336,5.1899999999999995,12,-13,0,0,1,1,-4,0,-11,-8,False,16,0.125,,False,not_highest_rpe_sl,,15,8-8-8-8-6-6,194,22,"{""EF1"": 1, ""EF2"": 4, ""EF3"": 9, ""EF4"": 6, ""EF5"": 8, ""SL5"": 4, ""SL6"": 2, ""SL7"": 2, ""Seuil3"": 8, ""Seuil4"": 6}",True,True,2
43,15,2,long_run_sl,8-8-8-8-6-6,8,-8,25,5,20,SL8,SL,8,8,6,8,1,False,rpe_max,True,0.96,1.5,0.06249999999999997,0.0,2.5225,0.0,2.8083333333333336,5.3308333333333335,13,-12,0,0,2,2,-4,0,-10,-8,False,16,0.25,,False,not_highest_rpe_sl,,15,8-8-8-8-6-6,194,22,"{""EF1"": 1, ""EF2"": 4, ""EF3"": 9, ""EF4"": 6, ""EF5"": 8, ""SL5"": 4, ""SL6"": 2, ""SL7"": 2, ""Seuil3"": 8, ""Seuil4"": 6}",True,True,1
43,16,2,long_run_sl,8-8-8-8-6-6,8,-8,24,5,19,SL8,SL,8,8,7,8,1,False,rpe_max,True,1.0,1.5,0.053571428571428575,0.0,2.553571428571429,4.440892098500626e-16,2.8035714285714284,5.357142857142857,13,-12,0,0,1,1,-4,0,-11,-8,False,16,0.125,,False,not_highest_rpe_sl,,15,8-8-8-8-6-6,213,24,"{""EF1"": 1, ""EF2"": 4, ""EF3"": 9, ""EF4"": 7, ""EF5"": 9, ""SL5"": 4, ""SL6"": 3, ""SL7"": 2, ""Seuil3"": 8, ""Seuil4"": 7}",True,True,1
44,3,1,weighted_greedy,6-6-6-6,6,-4,7,0,7,EF4,EF,4,4,3,4,0,False,rpe_max,True,1.7142857142857142,0.0,0.3333333333333333,0.0,2.0476190476190474,0.0,2.0,4.0476190476190474,4,-10,0,0,1,1,-4,0,-7,-6,False,12,0.16666666666666666,,False,illegal,,9,6-6-6-6,16,2,"{""EF2"": 2, ""EF3"": 2, ""Seuil3"": 2}",True,True,1
44,3,2,weighted_greedy,6-6-6-6,6,-4,7,3,4,EF4,EF,4,4,3,4,0,False,rpe_max,True,1.7142857142857144,0.0,0.041666666666666685,-1.5,0.25595238095238093,-1.6653345369377348e-16,3.5357142857142856,3.7916666666666665,7,-7,0,0,1,1,-4,0,-7,-6,False,12,0.16666666666666666,,False,illegal,,9,6-6-6-6,16,2,"{""EF2"": 2, ""EF3"": 2, ""Seuil3"": 2}",False,False,7
44,3,2,weighted_greedy,6-6-6-6,6,-4,7,3,4,Seuil4,Seuil,4,4,3,4,1,False,rpe_max,True,1.7142857142857144,1.5,0.041666666666666685,-1.5,1.7559523809523814,2.220446049250313e-16,3.5357142857142856,5.291666666666667,7,-7,0,0,1,1,-4,0,-7,-6,False,12,0.16666666666666666,,False,illegal,,9,6-6-6-6,16,2,"{""EF2"": 2, ""EF3"": 2, ""Seuil3"": 2}",True,True,1
44,3,2,weighted_greedy,6-6-6-6,6,-4,7,3,4,Spec4,Spec,4,4,3,4,1,False,rpe_max,True,1.7142857142857144,1.5,0.041666666666666685,-1.5,1.7559523809523814,2.220446049250313e-16,3.5357142857142856,5.291666666666667,7,-7,0,0,1,1,-4,0,-7,-6,False,12,0.16666666666666666,,False,illegal,,9,6-6-6-6,16,2,"{""EF2"": 2, ""EF3"": 2, ""Seuil3"": 2}",True,True,2
44,8,2,long_run_sl,8-8-6-6-6,8,-5,15,5,10,SL6,SL,6,6,5,6,1,False,rpe_max,True,1.1999999999999997,1.5,0.025000000000000022,-0.75,1.9749999999999996,0.0,3.25,5.225,11,-9,0,0,1,1,-4,0,-8,-8,False,16,0.125,,False,not_highest_rpe_sl,,12,8-8-6-6-6,81,8,"{""EF1"": 1, ""EF2"": 3, ""EF3"": 5, ""EF4"": 3, ""EF5"": 3, ""SL5"": 2, ""SL6"": 1, ""Seuil3"": 4, ""Seuil4"": 1}",False,False,2
44,11,2,long_run_sl,8-8-8-6-6-6,8,-8,22,5,17,SL7,SL,7,7,6,7,1,False,rpe_max,True,0.9545454545454545,1.5,0.04166666666666666,0.0,2.4962121212121215,4.440892098500626e-16,2.890151515151515,5.386363636363637,12,-12,0,0,1,1,-4,0,-11,-8,False,16,0.125,,False,not_highest_rpe_sl,,14,8-8-8-6-6-6,119,12,"{""EF1"": 2, ""EF2"": 3, ""EF3"": 5, ""EF4"": 3, ""EF5"": 6, ""SL5"": 3, ""SL6"": 2, ""SL7"": 1, ""Seuil3"": 4, ""Seuil4"": 2}",True,True,1
44,15,2,long_run_sl,8-8-8-8-6-6,8,-8,21,5,16,SL6,SL,6,6,5,6,1,False,rpe_max,True,0.8571428571428574,1.5,0.025000000000000022,0.0,2.382142857142857,-4.440892098500626e-16,2.9642857142857144,5.3464285714285715,11,-14,0,0,1,1,-4,0,-11,-8,False,16,0.125,,False,not_highest_rpe_sl,,16,8-8-8-8-6-6,197,20,"{""EF1"": 2, ""EF2"": 6, ""EF3"": 6, ""EF4"": 4, ""EF5"": 10, ""SL5"": 3, ""SL6"": 3, ""SL7"": 2, ""SL8"": 2, ""Seuil3"": 4, ""Seuil4"": 6}",True,True,4
44,15,2,long_run_sl,8-8-8-8-6-6,8,-8,21,5,16,SL7,SL,7,7,5,7,1,False,rpe_max,True,1.0,1.5,0.04999999999999999,0.0,2.55,0.0,2.9642857142857144,5.514285714285714,12,-13,0,0,2,2,-4,0,-10,-8,False,16,0.25,,False,not_highest_rpe_sl,,16,8-8-8-8-6-6,197,20,"{""EF1"": 2, ""EF2"": 6, ""EF3"": 6, ""EF4"": 4, ""EF5"": 10, ""SL5"": 3, ""SL6"": 3, ""SL7"": 2, ""SL8"": 2, ""Seuil3"": 4, ""Seuil4"": 6}",True,True,3
44,15,2,long_run_sl,8-8-8-8-6-6,8,-8,21,5,16,SL8,SL,8,8,5,8,1,False,rpe_max,True,1.142857142857143,1.5,0.07500000000000001,0.0,2.7178571428571425,-4.440892098500626e-16,2.9642857142857144,5.682142857142857,13,-12,0,0,3,3,-4,0,-9,-8,False,16,0.375,,False,not_highest_rpe_sl,,16,8-8-8-8-6-6,197,20,"{""EF1"": 2, ""EF2"": 6, ""EF3"": 6, ""EF4"": 4, ""EF5"": 10, ""SL5"": 3, ""SL6"": 3, ""SL7"": 2, ""SL8"": 2, ""Seuil3"": 4, ""Seuil4"": 6}",True,True,2
44,15,2,long_run_sl,8-8-8-8-6-6,8,-8,21,5,16,SL9,SL,9,9,5,9,1,False,rpe_max,True,1.2857142857142858,1.5,0.09999999999999998,0.0,2.8857142857142852,-4.440892098500626e-16,2.9642857142857144,5.85,14,-11,0,0,4,4,-4,0,-8,-8,False,16,0.5,,False,not_highest_rpe_sl,,16,8-8-8-8-6-6,197,20,"{""EF1"": 2, ""EF2"": 6, ""EF3"": 6, ""EF4"": 4, ""EF5"": 10, ""SL5"": 3, ""SL6"": 3, ""SL7"": 2, ""SL8"": 2, ""Seuil3"": 4, ""Seuil4"": 6}",True,True,1
44,16,2,long_run_sl,8-8-8-8-6-6,8,-8,23,5,18,SL8,SL,8,8,7,8,1,False,rpe_max,True,1.0434782608695652,1.5,0.053571428571428575,0.0,2.597049689440994,0.0,2.830745341614907,5.427795031055901,13,-12,0,0,1,1,-4,0,-11,-8,False,16,0.125,,False,not_highest_rpe_sl,,16,8-8-8-8-6-6,218,22,"{""EF1"": 2, ""EF2"": 7, ""EF3"": 6, ""EF4"": 4, ""EF5"": 12, ""SL5"": 4, ""SL6"": 3, ""SL7"": 2, ""SL8"": 2, ""Seuil3"": 4, ""Seuil4"": 7}",True,True,2
44,16,2,long_run_sl,8-8-8-8-6-6,8,-8,23,5,18,SL9,SL,9,9,7,9,1,False,rpe_max,True,1.173913043478261,1.5,0.07142857142857142,0.0,2.7453416149068324,0.0,2.830745341614907,5.576086956521739,14,-11,0,0,2,2,-4,0,-10,-8,False,16,0.25,,False,not_highest_rpe_sl,,16,8-8-8-8-6-6,218,22,"{""EF1"": 2, ""EF2"": 7, ""EF3"": 6, ""EF4"": 4, ""EF5"": 12, ""SL5"": 4, ""SL6"": 3, ""SL7"": 2, ""SL8"": 2, ""Seuil3"": 4, ""Seuil4"": 7}",True,True,1
45,9,2,long_run_sl,8-8-6-6-6,8,-8,15,5,10,SL7,SL,7,7,6,7,1,False,rpe_max,True,1.4000000000000004,1.5,0.04166666666666666,-1.25,1.6916666666666673,2.220446049250313e-16,3.2083333333333335,4.9,12,-8,0,0,1,1,-4,0,-11,-8,False,16,0.125,,False,not_highest_rpe_sl,,13,8-8-6-6-6,90,8,"{""EF2"": 7, ""EF3"": 3, ""EF4"": 3, ""EF5"": 4, ""SL5"": 2, ""SL6"": 2, ""Seuil3"": 3, ""Seuil4"": 1}",False,False,3
45,11,2,long_run_sl,8-8-6-6-6-6,8,-8,20,5,15,SL6,SL,6,6,5,6,1,False,rpe_max,True,0.9000000000000001,1.5,0.025000000000000022,0.0,2.4250000000000007,4.440892098500626e-16,3.0,5.425,11,-12,0,0,1,1,-4,0,-11,-8,False,16,0.125,,False,not_highest_rpe_sl,,14,8-8-6-6-6-6,118,11,"{""EF1"": 1, ""EF2"": 7, ""EF3"": 3, ""EF4"": 3, ""EF5"": 6, ""SL5"": 2, ""SL6"": 3, ""SL7"": 1, ""Seuil3"": 3, ""Seuil4"": 2}",True,True,2
45,11,2,long_run_sl,8-8-6-6-6-6,8,-8,20,5,15,SL7,SL,7,7,5,7,1,False,rpe_max,True,1.0499999999999998,1.5,0.04999999999999999,0.0,2.5999999999999996,0.0,3.0,5.6,12,-11,0,0,2,2,-4,0,-10,-8,False,16,0.25,,False,not_highest_rpe_sl,,14,8-8-6-6-6-6,118,11,"{""EF1"": 1, ""EF2"": 7, ""EF3"": 3, ""EF4"": 3, ""EF5"": 6, ""SL5"": 2, ""SL6"": 3, ""SL7"": 1, ""Seuil3"": 3, ""Seuil4"": 2}",True,True,1
45,13,2,long_run_sl,8-8-8-6-6-6,8,-8,24,5,19,SL8,SL,8,8,7,8,1,False,rpe_max,True,1.0,1.5,0.053571428571428575,0.0,2.553571428571429,4.440892098500626e-16,2.8035714285714284,5.357142857142857,13,-11,0,0,1,1,-4,0,-11,-8,False,16,0.125,,False,not_highest_rpe_sl,,15,8-8-8-6-6-6,159,15,"{""EF1"": 1, ""EF2"": 9, ""EF3"": 4, ""EF4"": 4, ""EF5"": 8, ""SL5"": 3, ""SL6"": 3, ""SL7"": 2, ""Seuil3"": 3, ""Seuil4"": 4}",True,True,1
45,15,2,long_run_sl,8-8-8-8-6-6,8,-8,21,5,16,SL7,SL,7,7,6,7,1,False,rpe_max,True,1.0,1.5,0.04166666666666666,0.0,2.541666666666667,4.440892098500626e-16,2.9226190476190474,5.464285714285714,12,-13,0,0,1,1,-4,0,-11,-8,False,16,0.125,,False,not_highest_rpe_sl,,15,8-8-8-8-6-6,196,19,"{""EF1"": 1, ""EF2"": 11, ""EF3"": 4, ""EF4"": 4, ""EF5"": 10, ""SL5"": 3, ""SL6"": 3, ""SL7"": 3, ""SL8"": 1, ""Seuil3"": 3, ""Seuil4"": 6}",True,True,2
45,15,2,long_run_sl,8-8-8-8-6-6,8,-8,21,5,16,SL8,SL,8,8,6,8,1,False,rpe_max,True,1.142857142857143,1.5,0.06249999999999997,0.0,2.7053571428571432,4.440892098500626e-16,2.9226190476190474,5.627976190476191,13,-12,0,0,2,2,-4,0,-10,-8,False,16,0.25,,False,not_highest_rpe_sl,,15,8-8-8-8-6-6,196,19,"{""EF1"": 1, ""EF2"": 11, ""EF3"": 4, ""EF4"": 4, ""EF5"": 10, ""SL5"": 3, ""SL6"": 3, ""SL7"": 3, ""SL8"": 1, ""Seuil3"": 3, ""Seuil4"": 6}",True,True,1
45,16,2,long_run_sl,8-8-8-8-6-6,8,-8,15,5,10,SL8,SL,8,8,7,8,1,False,rpe_max,True,1.6,1.5,0.053571428571428575,0.0,3.1535714285714276,-8.881784197001252e-16,3.1785714285714284,6.332142857142857,13,-12,0,0,1,1,-4,0,-11,-8,False,16,0.125,,False,not_highest_rpe_sl,,15,8-8-8-8-6-6,217,21,"{""EF1"": 1, ""EF2"": 12, ""EF3"": 4, ""EF4"": 5, ""EF5"": 11, ""SL5"": 3, ""SL6"": 4, ""SL7"": 3, ""SL8"": 1, ""Seuil3"": 3, ""Seuil4"": 7}",True,True,1
46,11,2,long_run_sl,8-8-8-6-6-6,8,-8,22,5,17,SL7,SL,7,7,6,7,1,False,rpe_max,True,0.9545454545454545,1.5,0.04166666666666666,0.0,2.4962121212121215,4.440892098500626e-16,2.890151515151515,5.386363636363637,12,-12,0,0,1,1,-4,0,-11,-8,False,16,0.125,,False,not_highest_rpe_sl,,14,8-8-8-6-6-6,118,12,"{""EF1"": 1, ""EF2"": 5, ""EF3"": 4, ""EF4"": 4, ""EF5"": 5, ""SL5"": 2, ""SL6"": 2, ""SL7"": 1, ""Seuil3"": 4, ""Seuil4"": 2, ""Seuil5"": 1}",True,True,1
46,13,2,long_run_sl,8-8-8-8-6-6,8,-8,21,5,16,SL7,SL,7,7,6,7,1,False,rpe_max,True,1.0,1.5,0.04166666666666666,0.0,2.541666666666667,4.440892098500626e-16,2.9226190476190474,5.464285714285714,12,-13,0,0,1,1,-4,0,-11,-8,False,16,0.125,,False,not_highest_rpe_sl,,15,8-8-8-8-6-6,160,16,"{""EF1"": 1, ""EF2"": 7, ""EF3"": 5, ""EF4"": 5, ""EF5"": 7, ""SL5"": 2, ""SL6"": 3, ""SL7"": 2, ""Seuil3"": 4, ""Seuil4"": 4, ""Seuil5"": 1}",True,True,2
46,13,2,long_run_sl,8-8-8-8-6-6,8,-8,21,5,16,SL8,SL,8,8,6,8,1,False,rpe_max,True,1.142857142857143,1.5,0.06249999999999997,0.0,2.7053571428571432,4.440892098500626e-16,2.9226190476190474,5.627976190476191,13,-12,0,0,2,2,-4,0,-10,-8,False,16,0.25,,False,not_highest_rpe_sl,,15,8-8-8-8-6-6,160,16,"{""EF1"": 1, ""EF2"": 7, ""EF3"": 5, ""EF4"": 5, ""EF5"": 7, ""SL5"": 2, ""SL6"": 3, ""SL7"": 2, ""Seuil3"": 4, ""Seuil4"": 4, ""Seuil5"": 1}",True,True,1
46,14,2,long_run_sl,8-8-8-8-6-6,8,-8,23,5,18,SL7,SL,7,7,6,7,1,False,rpe_max,True,0.9130434782608694,1.5,0.04166666666666666,0.0,2.454710144927536,0.0,2.8605072463768115,5.315217391304348,12,-13,0,0,1,1,-4,0,-11,-8,False,16,0.125,,False,not_highest_rpe_sl,,15,8-8-8-8-6-6,181,18,"{""EF1"": 1, ""EF2"": 8, ""EF3"": 5, ""EF4"": 6, ""EF5"": 8, ""SL5"": 2, ""SL6"": 4, ""SL7"": 2, ""Seuil3"": 4, ""Seuil4"": 5, ""Seuil5"": 1}",True,True,2
46,14,2,long_run_sl,8-8-8-8-6-6,8,-8,23,5,18,SL8,SL,8,8,6,8,1,False,rpe_max,True,1.0434782608695652,1.5,0.06249999999999997,0.0,2.6059782608695654,4.440892098500626e-16,2.8605072463768115,5.466485507246377,13,-12,0,0,2,2,-4,0,-10,-8,False,16,0.25,,False,not_highest_rpe_sl,,15,8-8-8-8-6-6,181,18,"{""EF1"": 1, ""EF2"": 8, ""EF3"": 5, ""EF4"": 6, ""EF5"": 8, ""SL5"": 2, ""SL6"": 4, ""SL7"": 2, ""Seuil3"": 4, ""Seuil4"": 5, ""Seuil5"": 1}",True,True,1
46,15,2,long_run_sl,8-8-8-8-6-6,8,-8,21,5,16,SL6,SL,6,6,5,6,1,False,rpe_max,True,0.8571428571428574,1.5,0.025000000000000022,0.0,2.382142857142857,-4.440892098500626e-16,2.9642857142857144,5.3464285714285715,11,-14,0,0,1,1,-4,0,-11,-8,False,16,0.125,,False,not_highest_rpe_sl,,15,8-8-8-8-6-6,204,20,"{""EF1"": 1, ""EF2"": 8, ""EF3"": 5, ""EF4"": 8, ""EF5"": 9, ""SL5"": 2, ""SL6"": 5, ""SL7"": 2, ""Seuil3"": 4, ""Seuil4"": 6, ""Seuil5"": 1}",True,True,3
46,15,2,long_run_sl,8-8-8-8-6-6,8,-8,21,5,16,SL7,SL,7,7,5,7,1,False,rpe_max,True,1.0,1.5,0.04999999999999999,0.0,2.55,0.0,2.9642857142857144,5.514285714285714,12,-13,0,0,2,2,-4,0,-10,-8,False,16,0.25,,False,not_highest_rpe_sl,,15,8-8-8-8-6-6,204,20,"{""EF1"": 1, ""EF2"": 8, ""EF3"": 5, ""EF4"": 8, ""EF5"": 9, ""SL5"": 2, ""SL6"": 5, ""SL7"": 2, ""Seuil3"": 4, ""Seuil4"": 6, ""Seuil5"": 1}",True,True,2
46,15,2,long_run_sl,8-8-8-8-6-6,8,-8,21,5,16,SL8,SL,8,8,5,8,1,False,rpe_max,True,1.142857142857143,1.5,0.07500000000000001,0.0,2.7178571428571425,-4.440892098500626e-16,2.9642857142857144,5.682142857142857,13,-12,0,0,3,3,-4,0,-9,-8,False,16,0.375,,False,not_highest_rpe_sl,,15,8-8-8-8-6-6,204,20,"{""EF1"": 1, ""EF2"": 8, ""EF3"": 5, ""EF4"": 8, ""EF5"": 9, ""SL5"": 2, ""SL6"": 5, ""SL7"": 2, ""Seuil3"": 4, ""Seuil4"": 6, ""Seuil5"": 1}",True,True,1
46,16,2,long_run_sl,8-8-8-8-6-6,8,-8,23,5,18,SL8,SL,8,8,7,8,1,False,rpe_max,True,1.0434782608695652,1.5,0.053571428571428575,0.0,2.597049689440994,0.0,2.830745341614907,5.427795031055901,13,-12,0,0,1,1,-4,0,-11,-8,False,16,0.125,,False,not_highest_rpe_sl,,15,8-8-8-8-6-6,225,22,"{""EF1"": 1, ""EF2"": 9, ""EF3"": 5, ""EF4"": 8, ""EF5"": 11, ""SL5"": 3, ""SL6"": 5, ""SL7"": 2, ""Seuil3"": 4, ""Seuil4"": 7, ""Seuil5"": 1}",True,True,1
47,10,2,long_run_sl,8-8-6-6-6,8,-8,18,5,13,SL7,SL,7,7,6,7,1,False,rpe_max,True,1.1666666666666665,1.5,0.04166666666666666,-1.25,1.458333333333333,-2.220446049250313e-16,3.0416666666666665,4.5,12,-8,0,0,1,1,-4,0,-11,-8,False,16,0.125,,False,not_highest_rpe_sl,,14,8-8-6-6-6,93,11,"{""EF1"": 1, ""EF2"": 3, ""EF3"": 4, ""EF4"": 2, ""EF5"": 4, ""SL5"": 2, ""SL6"": 2, ""Seuil3"": 4, ""Seuil4"": 3}",False,False,3
47,13,2,long_run_sl,8-8-8-8-6-6,8,-8,24,5,19,SL7,SL,7,7,6,7,1,False,rpe_max,True,0.875,1.5,0.04166666666666666,0.0,2.4166666666666665,0.0,2.8333333333333335,5.25,12,-13,0,0,1,1,-4,0,-11,-8,False,16,0.125,,False,not_highest_rpe_sl,,15,8-8-8-8-6-6,144,16,"{""EF1"": 1, ""EF2"": 5, ""EF3"": 4, ""EF4"": 3, ""EF5"": 7, ""SL5"": 2, ""SL6"": 3, ""SL7"": 2, ""Seuil3"": 4, ""Seuil4"": 5}",True,True,2
47,13,2,long_run_sl,8-8-8-8-6-6,8,-8,24,5,19,SL8,SL,8,8,6,8,1,False,rpe_max,True,1.0,1.5,0.06249999999999997,0.0,2.5625000000000004,4.440892098500626e-16,2.8333333333333335,5.395833333333333,13,-12,0,0,2,2,-4,0,-10,-8,False,16,0.25,,False,not_highest_rpe_sl,,15,8-8-8-8-6-6,144,16,"{""EF1"": 1, ""EF2"": 5, ""EF3"": 4, ""EF4"": 3, ""EF5"": 7, ""SL5"": 2, ""SL6"": 3, ""SL7"": 2, ""Seuil3"": 4, ""Seuil4"": 5}",True,True,1
47,14,2,long_run_sl,8-8-8-8-6-6,8,-8,24,5,19,SL8,SL,8,8,7,8,1,False,rpe_max,True,1.0,1.5,0.053571428571428575,0.0,2.553571428571429,4.440892098500626e-16,2.8035714285714284,5.357142857142857,13,-12,0,0,1,1,-4,0,-11,-8,False,16,0.125,,False,not_highest_rpe_sl,,15,8-8-8-8-6-6,163,18,"{""EF1"": 1, ""EF2"": 5, ""EF3"": 4, ""EF4"": 4, ""EF5"": 8, ""SL5"": 2, ""SL6"": 4, ""SL7"": 2, ""Seuil3"": 4, ""Seuil4"": 6}",True,True,1
48,9,2,long_run_sl,8-8-6-6-6-6,8,-6,22,5,17,SL7,SL,7,7,6,7,1,False,rpe_max,True,0.9545454545454545,1.5,0.04166666666666666,0.0,2.4962121212121215,4.440892098500626e-16,2.890151515151515,5.386363636363637,12,-11,0,0,1,1,-4,0,-9,-8,False,16,0.125,,False,not_highest_rpe_sl,,14,8-8-6-6-6-6,100,8,"{""EF1"": 1, ""EF2"": 5, ""EF3"": 4, ""EF4"": 4, ""EF5"": 5, ""SL5"": 2, ""SL6"": 2, ""Seuil3"": 2, ""Seuil4"": 2}",True,True,1
48,13,2,long_run_sl,8-8-8-8-6-6,8,-8,22,5,17,SL7,SL,7,7,6,7,1,False,rpe_max,True,0.9545454545454545,1.5,0.04166666666666666,0.0,2.4962121212121215,4.440892098500626e-16,2.890151515151515,5.386363636363637,12,-13,0,0,1,1,-4,0,-11,-8,False,16,0.125,,False,not_highest_rpe_sl,,15,8-8-8-8-6-6,182,16,"{""EF1"": 3, ""EF2"": 7, ""EF3"": 4, ""EF4"": 7, ""EF5"": 9, ""SL5"": 2, ""SL6"": 3, ""SL7"": 2, ""SL8"": 1, ""Seuil3"": 2, ""Seuil4"": 6}",True,True,2
48,13,2,long_run_sl,8-8-8-8-6-6,8,-8,22,5,17,SL8,SL,8,8,6,8,1,False,rpe_max,True,1.0909090909090913,1.5,0.06249999999999997,0.0,2.6534090909090913,0.0,2.890151515151515,5.543560606060606,13,-12,0,0,2,2,-4,0,-10,-8,False,16,0.25,,False,not_highest_rpe_sl,,15,8-8-8-8-6-6,182,16,"{""EF1"": 3, ""EF2"": 7, ""EF3"": 4, ""EF4"": 7, ""EF5"": 9, ""SL5"": 2, ""SL6"": 3, ""SL7"": 2, ""SL8"": 1, ""Seuil3"": 2, ""Seuil4"": 6}",True,True,1
48,14,2,long_run_sl,8-8-8-8-6-6,8,-8,26,5,21,SL8,SL,8,8,7,8,1,False,rpe_max,True,0.923076923076923,1.5,0.053571428571428575,0.0,2.476648351648352,4.440892098500626e-16,2.7554945054945055,5.232142857142857,13,-12,0,0,1,1,-4,0,-11,-8,False,16,0.125,,False,not_highest_rpe_sl,,15,8-8-8-8-6-6,201,18,"{""EF1"": 3, ""EF2"": 7, ""EF3"": 4, ""EF4"": 8, ""EF5"": 10, ""SL5"": 2, ""SL6"": 4, ""SL7"": 2, ""SL8"": 1, ""Seuil3"": 2, ""Seuil4"": 7}",True,True,1
48,16,2,long_run_sl,8-8-8-8-6-6,8,-8,23,5,18,SL7,SL,7,7,6,7,1,False,rpe_max,True,0.9130434782608694,1.5,0.04166666666666666,0.0,2.454710144927536,0.0,2.8605072463768115,5.315217391304348,12,-13,0,0,1,1,-4,0,-11,-8,False,16,0.125,,False,not_highest_rpe_sl,,16,8-8-8-8-6-6,239,22,"{""EF1"": 3, ""EF2"": 8, ""EF3"": 5, ""EF4"": 8, ""EF5"": 12, ""SL5"": 2, ""SL6"": 4, ""SL7"": 3, ""SL8"": 2, ""Seuil3"": 2, ""Seuil4"": 9}",True,True,3
48,16,2,long_run_sl,8-8-8-8-6-6,8,-8,23,5,18,SL8,SL,8,8,6,8,1,False,rpe_max,True,1.0434782608695652,1.5,0.06249999999999997,0.0,2.6059782608695654,4.440892098500626e-16,2.8605072463768115,5.466485507246377,13,-12,0,0,2,2,-4,0,-10,-8,False,16,0.25,,False,not_highest_rpe_sl,,16,8-8-8-8-6-6,239,22,"{""EF1"": 3, ""EF2"": 8, ""EF3"": 5, ""EF4"": 8, ""EF5"": 12, ""SL5"": 2, ""SL6"": 4, ""SL7"": 3, ""SL8"": 2, ""Seuil3"": 2, ""Seuil4"": 9}",True,True,2
48,16,2,long_run_sl,8-8-8-8-6-6,8,-8,23,5,18,SL9,SL,9,9,6,9,1,False,rpe_max,True,1.173913043478261,1.5,0.08333333333333334,0.0,2.7572463768115947,4.440892098500626e-16,2.8605072463768115,5.617753623188406,14,-11,0,0,3,3,-4,0,-9,-8,False,16,0.375,,False,not_highest_rpe_sl,,16,8-8-8-8-6-6,239,22,"{""EF1"": 3, ""EF2"": 8, ""EF3"": 5, ""EF4"": 8, ""EF5"": 12, ""SL5"": 2, ""SL6"": 4, ""SL7"": 3, ""SL8"": 2, ""Seuil3"": 2, ""Seuil4"": 9}",True,True,1
49,10,2,long_run_sl,8-8-8-6-6-6,8,-8,23,5,18,SL7,SL,7,7,6,7,1,False,rpe_max,True,0.9130434782608694,1.5,0.04166666666666666,0.0,2.454710144927536,0.0,2.8605072463768115,5.315217391304348,12,-12,0,0,1,1,-4,0,-11,-8,False,16,0.125,,False,not_highest_rpe_sl,,13,8-8-8-6-6-6,110,13,"{""EF1"": 1, ""EF2"": 3, ""EF3"": 4, ""EF4"": 3, ""EF5"": 5, ""SL5"": 2, ""SL6"": 2, ""SL7"": 1, ""Seuil3"": 7, ""Seuil4"": 1}",True,True,1
49,13,1,long_run_ef,8-8-8-8-6-6,8,-8,14,0,14,EF5,EF,5,5,4,5,0,False,rpe_max,True,1.0714285714285714,0.0,0.3125,0.0,1.3839285714285712,-2.220446049250313e-16,2.0,3.383928571428571,5,-20,0,0,1,1,-4,0,-11,-8,False,16,0.125,,False,not_highest_rpe_ef,,15,8-8-8-8-6-6,169,19,"{""EF1"": 1, ""EF2"": 5, ""EF3"": 5, ""EF4"": 4, ""EF5"": 8, ""SL5"": 2, ""SL6"": 3, ""SL7"": 2, ""SL8"": 1, ""Seuil3"": 7, ""Seuil4"": 4}",True,True,1
49,13,2,weighted_greedy,8-8-8-8-6-6,8,-8,14,4,10,EF5,EF,5,5,4,5,0,False,rpe_max,True,1.0714285714285716,0.0,0.03125,0.0,1.1026785714285716,0.0,3.107142857142857,4.209821428571429,9,-16,0,0,1,1,-4,0,-11,-8,False,16,0.125,,False,illegal,,15,8-8-8-8-6-6,169,19,"{""EF1"": 1, ""EF2"": 5, ""EF3"": 5, ""EF4"": 4, ""EF5"": 8, ""SL5"": 2, ""SL6"": 3, ""SL7"": 2, ""SL8"": 1, ""Seuil3"": 7, ""Seuil4"": 4}",False,False,11
49,13,2,weighted_greedy,8-8-8-8-6-6,8,-8,14,4,10,Seuil5,Seuil,5,5,4,5,1,False,rpe_max,True,1.0714285714285716,1.5,0.03125,0.0,2.6026785714285716,0.0,3.107142857142857,5.709821428571429,9,-16,0,0,1,1,-4,0,-11,-8,False,16,0.125,,False,illegal,,15,8-8-8-8-6-6,169,19,"{""EF1"": 1, ""EF2"": 5, ""EF3"": 5, ""EF4"": 4, ""EF5"": 8, ""SL5"": 2, ""SL6"": 3, ""SL7"": 2, ""SL8"": 1, ""Seuil3"": 7, ""Seuil4"": 4}",True,True,4
49,13,2,weighted_greedy,8-8-8-8-6-6,8,-8,14,4,10,SL5,SL,5,5,4,5,1,False,rpe_max,True,1.0714285714285716,1.5,0.03125,0.0,2.6026785714285716,0.0,3.107142857142857,5.709821428571429,9,-16,0,0,1,1,-4,0,-11,-8,False,16,0.125,,False,illegal,,15,8-8-8-8-6-6,169,19,"{""EF1"": 1, ""EF2"": 5, ""EF3"": 5, ""EF4"": 4, ""EF5"": 8, ""SL5"": 2, ""SL6"": 3, ""SL7"": 2, ""SL8"": 1, ""Seuil3"": 7, ""Seuil4"": 4}",True,True,5
49,13,2,weighted_greedy,8-8-8-8-6-6,8,-8,14,4,10,SL6,SL,6,6,4,6,1,False,rpe_max,True,1.2857142857142856,1.5,0.0625,0.0,2.848214285714285,-4.440892098500626e-16,3.107142857142857,5.955357142857142,10,-15,0,0,2,2,-4,0,-10,-8,False,16,0.25,,False,illegal,,15,8-8-8-8-6-6,169,19,"{""EF1"": 1, ""EF2"": 5, ""EF3"": 5, ""EF4"": 4, ""EF5"": 8, ""SL5"": 2, ""SL6"": 3, ""SL7"": 2, ""SL8"": 1, ""Seuil3"": 7, ""Seuil4"": 4}",True,True,3
49,13,2,weighted_greedy,8-8-8-8-6-6,8,-8,14,4,10,SL7,SL,7,7,4,7,1,False,rpe_max,True,1.5,1.5,0.09375,0.0,3.0937500000000004,4.440892098500626e-16,3.107142857142857,6.200892857142858,11,-14,0,0,3,3,-4,0,-9,-8,False,16,0.375,,False,illegal,,15,8-8-8-8-6-6,169,19,"{""EF1"": 1, ""EF2"": 5, ""EF3"": 5, ""EF4"": 4, ""EF5"": 8, ""SL5"": 2, ""SL6"": 3, ""SL7"": 2, ""SL8"": 1, ""Seuil3"": 7, ""Seuil4"": 4}",True,True,2
49,13,2,weighted_greedy,8-8-8-8-6-6,8,-8,14,4,10,SL8,SL,8,8,4,8,1,False,rpe_max,True,1.714285714285714,1.5,0.125,0.0,3.339285714285714,0.0,3.107142857142857,6.446428571428571,12,-13,0,0,4,4,-4,0,-8,-8,False,16,0.5,,False,illegal,,15,8-8-8-8-6-6,169,19,"{""EF1"": 1, ""EF2"": 5, ""EF3"": 5, ""EF4"": 4, ""EF5"": 8, ""SL5"": 2, ""SL6"": 3, ""SL7"": 2, ""SL8"": 1, ""Seuil3"": 7, ""Seuil4"": 4}",True,True,1
49,13,3,weighted_greedy,8-8-8-8-6-6,8,-8,14,8,6,EF5,EF,5,5,4,5,0,False,rpe_max,True,1.0714285714285714,0.0,0.020833333333333315,0.0,1.0922619047619042,-4.440892098500626e-16,5.464285714285714,6.556547619047619,13,-12,0,0,1,1,-4,0,-11,-8,False,16,0.125,,False,illegal,,15,8-8-8-8-6-6,169,19,"{""EF1"": 1, ""EF2"": 5, ""EF3"": 5, ""EF4"": 4, ""EF5"": 8, ""SL5"": 2, ""SL6"": 3, ""SL7"": 2, ""SL8"": 1, ""Seuil3"": 7, ""Seuil4"": 4}",True,True,1
49,14,2,long_run_sl,8-8-8-8-6-6,8,-8,25,5,20,SL8,SL,8,8,7,8,1,False,rpe_max,True,0.96,1.5,0.053571428571428575,0.0,2.513571428571429,4.440892098500626e-16,2.7785714285714285,5.292142857142857,13,-12,0,0,1,1,-4,0,-11,-8,False,16,0.125,,False,not_highest_rpe_sl,,15,8-8-8-8-6-6,183,20,"{""EF1"": 1, ""EF2"": 6, ""EF3"": 5, ""EF4"": 6, ""EF5"": 8, ""SL5"": 2, ""SL6"": 3, ""SL7"": 2, ""SL8"": 1, ""Seuil3"": 7, ""Seuil4"": 5}",True,True,1
49,16,2,long_run_sl,8-8-8-8-6-6,8,-8,27,5,22,SL9,SL,9,9,8,9,1,False,rpe_max,True,0.9999999999999998,1.5,0.0625,0.0,2.5625,0.0,2.7118055555555554,5.274305555555555,14,-11,0,0,1,1,-4,0,-11,-8,False,16,0.125,,False,not_highest_rpe_sl,,16,8-8-8-8-6-6,221,24,"{""EF1"": 1, ""EF2"": 7, ""EF3"": 6, ""EF4"": 6, ""EF5"": 10, ""SL5"": 2, ""SL6"": 3, ""SL7"": 3, ""SL8"": 2, ""Seuil3"": 7, ""Seuil4"": 7}",True,True,1
50,12,2,long_run_sl,8-8-8-6-6-6,8,-8,22,5,17,SL8,SL,8,8,7,8,1,False,rpe_max,True,1.0909090909090913,1.5,0.053571428571428575,0.0,2.6444805194805197,0.0,2.8603896103896105,5.50487012987013,13,-11,0,0,1,1,-4,0,-11,-8,False,16,0.125,,False,not_highest_rpe_sl,,15,8-8-8-6-6-6,138,15,"{""EF1"": 2, ""EF2"": 5, ""EF3"": 4, ""EF4"": 4, ""EF5"": 6, ""SL5"": 2, ""SL6"": 2, ""SL7"": 2, ""Seuil3"": 5, ""Seuil4"": 3, ""Seuil5"": 1}",True,True,1
50,14,2,long_run_sl,8-8-8-8-6-6,8,-8,15,5,10,SL7,SL,7,7,6,7,1,False,rpe_max,True,1.4000000000000004,1.5,0.04166666666666666,0.0,2.9416666666666673,4.440892098500626e-16,3.2083333333333335,6.15,12,-13,0,0,1,1,-4,0,-11,-8,False,16,0.125,,False,not_highest_rpe_sl,,15,8-8-8-8-6-6,179,19,"{""EF1"": 2, ""EF2"": 7, ""EF3"": 4, ""EF4"": 5, ""EF5"": 8, ""SL5"": 2, ""SL6"": 2, ""SL7"": 3, ""SL8"": 1, ""Seuil3"": 5, ""Seuil4"": 5, ""Seuil5"": 1}",True,True,2
50,14,2,long_run_sl,8-8-8-8-6-6,8,-8,15,5,10,SL8,SL,8,8,6,8,1,False,rpe_max,True,1.6,1.5,0.06249999999999997,0.0,3.1624999999999996,-4.440892098500626e-16,3.2083333333333335,6.370833333333334,13,-12,0,0,2,2,-4,0,-10,-8,False,16,0.25,,False,not_highest_rpe_sl,,15,8-8-8-8-6-6,179,19,"{""EF1"": 2, ""EF2"": 7, ""EF3"": 4, ""EF4"": 5, ""EF5"": 8, ""SL5"": 2, ""SL6"": 2, ""SL7"": 3, ""SL8"": 1, ""Seuil3"": 5, ""Seuil4"": 5, ""Seuil5"": 1}",True,True,1
50,16,2,long_run_sl,8-8-8-8-6-6,8,-8,22,5,17,SL8,SL,8,8,7,8,1,False,rpe_max,True,1.0909090909090913,1.5,0.053571428571428575,0.0,2.6444805194805197,0.0,2.8603896103896105,5.50487012987013,13,-12,0,0,1,1,-4,0,-11,-8,False,16,0.125,,False,not_highest_rpe_sl,,16,8-8-8-8-6-6,213,22,"{""EF1"": 2, ""EF2"": 8, ""EF3"": 4, ""EF4"": 6, ""EF5"": 10, ""SL5"": 2, ""SL6"": 3, ""SL7"": 3, ""SL8"": 2, ""Seuil3"": 5, ""Seuil4"": 6, ""Seuil5"": 1}",True,True,2
50,16,2,long_run_sl,8-8-8-8-6-6,8,-8,22,5,17,SL9,SL,9,9,7,9,1,False,rpe_max,True,1.2272727272727275,1.5,0.07142857142857142,0.0,2.7987012987012987,-4.440892098500626e-16,2.8603896103896105,5.659090909090909,14,-11,0,0,2,2,-4,0,-10,-8,False,16,0.25,,False,not_highest_rpe_sl,,16,8-8-8-8-6-6,213,22,"{""EF1"": 2, ""EF2"": 8, ""EF3"": 4, ""EF4"": 6, ""EF5"": 10, ""SL5"": 2, ""SL6"": 3, ""SL7"": 3, ""SL8"": 2, ""Seuil3"": 5, ""Seuil4"": 6, ""Seuil5"": 1}",True,True,1
51,12,2,long_run_sl,8-8-8-6-6-6,8,-8,22,5,17,SL8,SL,8,8,7,8,1,False,rpe_max,True,1.0909090909090913,1.5,0.053571428571428575,0.0,2.6444805194805197,0.0,2.8603896103896105,5.50487012987013,13,-11,0,0,1,1,-4,0,-11,-8,False,16,0.125,,False,not_highest_rpe_sl,,15,8-8-8-6-6-6,153,14,"{""EF1"": 3, ""EF2"": 3, ""EF3"": 4, ""EF4"": 6, ""EF5"": 8, ""SL5"": 2, ""SL6"": 2, ""SL7"": 2, ""SL8"": 1, ""Seuil3"": 4, ""Seuil4"": 3}",True,True,1
51,14,2,long_run_sl,8-8-8-8-6-6,8,-8,25,5,20,SL9,SL,9,9,8,9,1,False,rpe_max,True,1.08,1.5,0.0625,0.0,2.6424999999999996,-4.440892098500626e-16,2.75625,5.39875,14,-11,0,0,1,1,-4,0,-11,-8,False,16,0.125,,False,not_highest_rpe_sl,,16,8-8-8-8-6-6,194,18,"{""EF1"": 3, ""EF2"": 5, ""EF3"": 4, ""EF4"": 7, ""EF5"": 10, ""SL5"": 2, ""SL6"": 2, ""SL7"": 3, ""SL8"": 2, ""Seuil3"": 4, ""Seuil4"": 5}",True,True,1
51,15,2,long_run_sl,8-8-8-8-6-6,8,-8,24,5,19,SL9,SL,9,9,8,9,1,False,rpe_max,True,1.125,1.5,0.0625,0.0,2.6875,0.0,2.78125,5.46875,14,-11,0,0,1,1,-4,0,-11,-8,False,16,0.125,,False,not_highest_rpe_sl,,16,8-8-8-8-6-6,213,20,"{""EF1"": 3, ""EF2"": 6, ""EF3"": 4, ""EF4"": 7, ""EF5"": 11, ""SL5"": 2, ""SL6"": 2, ""SL7"": 3, ""SL8"": 3, ""Seuil3"": 4, ""Seuil4"": 6}",True,True,1
51,16,2,long_run_sl,8-8-8-8-6-6,8,-8,27,5,22,SL8,SL,8,8,7,8,1,False,rpe_max,True,0.8888888888888888,1.5,0.053571428571428575,0.0,2.442460317460318,8.881784197001252e-16,2.734126984126984,5.176587301587301,13,-12,0,0,1,1,-4,0,-11,-8,False,16,0.125,,False,not_highest_rpe_sl,,16,8-8-8-8-6-6,232,22,"{""EF1"": 3, ""EF2"": 7, ""EF3"": 4, ""EF4"": 7, ""EF5"": 12, ""SL5"": 2, ""SL6"": 2, ""SL7"": 3, ""SL8"": 4, ""Seuil3"": 4, ""Seuil4"": 7}",True,True,2
51,16,2,long_run_sl,8-8-8-8-6-6,8,-8,27,5,22,SL9,SL,9,9,7,9,1,False,rpe_max,True,0.9999999999999998,1.5,0.07142857142857142,0.0,2.571428571428571,0.0,2.734126984126984,5.305555555555555,14,-11,0,0,2,2,-4,0,-10,-8,False,16,0.25,,False,not_highest_rpe_sl,,16,8-8-8-8-6-6,232,22,"{""EF1"": 3, ""EF2"": 7, ""EF3"": 4, ""EF4"": 7, ""EF5"": 12, ""SL5"": 2, ""SL6"": 2, ""SL7"": 3, ""SL8"": 4, ""Seuil3"": 4, ""Seuil4"": 7}",True,True,1
52,6,1,long_run_ef,8-6-6-6,8,-6,7,0,7,EF4,EF,4,4,3,4,0,False,rpe_max,True,1.7142857142857142,0.0,0.3333333333333333,0.0,2.0476190476190474,0.0,2.0,4.0476190476190474,4,-11,0,0,1,1,-4,0,-9,-8,False,16,0.125,,False,not_highest_rpe_ef,,11,8-6-6-6,47,4,"{""EF2"": 5, ""EF3"": 3, ""EF4"": 2, ""EF5"": 1, ""SL5"": 1, ""Seuil3"": 2, ""Seuil4"": 1}",True,True,2
52,6,1,long_run_ef,8-6-6-6,8,-6,7,0,7,EF5,EF,5,5,3,5,0,False,rpe_max,True,2.142857142857143,0.0,0.4166666666666667,0.0,2.5595238095238093,0.0,2.0,4.559523809523809,5,-10,0,0,2,2,-4,0,-8,-8,False,16,0.25,,False,not_highest_rpe_ef,,11,8-6-6-6,47,4,"{""EF2"": 5, ""EF3"": 3, ""EF4"": 2, ""EF5"": 1, ""SL5"": 1, ""Seuil3"": 2, ""Seuil4"": 1}",True,True,1
52,6,2,weighted_greedy,8-6-6-6,8,-6,7,3,4,EF4,EF,4,4,3,4,0,False,rpe_max,True,1.7142857142857144,0.0,0.041666666666666685,-1.25,0.5059523809523805,-6.661338147750939e-16,3.5357142857142856,4.041666666666667,7,-8,0,0,1,1,-4,0,-9,-8,False,16,0.125,,False,illegal,,11,8-6-6-6,47,4,"{""EF2"": 5, ""EF3"": 3, ""EF4"": 2, ""EF5"": 1, ""SL5"": 1, ""Seuil3"": 2, ""Seuil4"": 1}",False,False,8
52,6,2,weighted_greedy,8-6-6-6,8,-6,7,3,4,Seuil4,Seuil,4,4,3,4,1,False,rpe_max,True,1.7142857142857144,1.5,0.041666666666666685,-1.25,2.0059523809523814,4.440892098500626e-16,3.5357142857142856,5.541666666666667,7,-8,0,0,1,1,-4,0,-9,-8,False,16,0.125,,False,illegal,,11,8-6-6-6,47,4,"{""EF2"": 5, ""EF3"": 3, ""EF4"": 2, ""EF5"": 1, ""SL5"": 1, ""Seuil3"": 2, ""Seuil4"": 1}",False,False,4
52,6,2,weighted_greedy,8-6-6-6,8,-6,7,3,4,Spec4,Spec,4,4,3,4,1,False,rpe_max,True,1.7142857142857144,1.5,0.041666666666666685,-1.25,2.0059523809523814,4.440892098500626e-16,3.5357142857142856,5.541666666666667,7,-8,0,0,1,1,-4,0,-9,-8,False,16,0.125,,False,illegal,,11,8-6-6-6,47,4,"{""EF2"": 5, ""EF3"": 3, ""EF4"": 2, ""EF5"": 1, ""SL5"": 1, ""Seuil3"": 2, ""Seuil4"": 1}",False,False,5
52,10,2,long_run_sl,8-8-6-6-6,8,-8,18,5,13,SL7,SL,7,7,6,7,1,False,rpe_max,True,1.1666666666666665,1.5,0.04166666666666666,-1.25,1.458333333333333,-2.220446049250313e-16,3.0416666666666665,4.5,12,-8,0,0,1,1,-4,0,-11,-8,False,16,0.125,,False,not_highest_rpe_sl,,13,8-8-6-6-6,92,9,"{""EF2"": 5, ""EF3"": 4, ""EF4"": 3, ""EF5"": 4, ""SL5"": 2, ""SL6"": 2, ""Seuil3"": 4, ""Seuil4"": 1}",False,False,3
52,11,2,long_run_sl,8-8-6-6-6-6,8,-8,21,5,16,SL7,SL,7,7,6,7,1,False,rpe_max,True,1.0,1.5,0.04166666666666666,0.0,2.541666666666667,4.440892098500626e-16,2.9226190476190474,5.464285714285714,12,-11,0,0,1,1,-4,0,-11,-8,False,16,0.125,,False,not_highest_rpe_sl,,13,8-8-6-6-6-6,103,10,"{""EF2"": 5, ""EF3"": 4, ""EF4"": 3, ""EF5"": 5, ""SL5"": 2, ""SL6"": 3, ""Seuil3"": 4, ""Seuil4"": 1}",True,True,1
52,14,2,long_run_sl,8-8-8-8-6-6,8,-8,25,5,20,SL8,SL,8,8,7,8,1,False,rpe_max,True,0.96,1.5,0.053571428571428575,0.0,2.513571428571429,4.440892098500626e-16,2.7785714285714285,5.292142857142857,13,-12,0,0,1,1,-4,0,-11,-8,False,16,0.125,,False,not_highest_rpe_sl,,15,8-8-8-8-6-6,164,16,"{""EF2"": 8, ""EF3"": 4, ""EF4"": 5, ""EF5"": 8, ""SL5"": 2, ""SL6"": 4, ""SL7"": 2, ""Seuil3"": 4, ""Seuil4"": 4}",True,True,1
52,16,2,long_run_sl,8-8-8-8-6-6,8,-8,24,5,19,SL8,SL,8,8,7,8,1,False,rpe_max,True,1.0,1.5,0.053571428571428575,0.0,2.553571428571429,4.440892098500626e-16,2.8035714285714284,5.357142857142857,13,-12,0,0,1,1,-4,0,-11,-8,False,16,0.125,,False,not_highest_rpe_sl,,15,8-8-8-8-6-6,206,20,"{""EF2"": 9, ""EF3"": 5, ""EF4"": 6, ""EF5"": 10, ""SL5"": 2, ""SL6"": 4, ""SL7"": 3, ""SL8"": 1, ""Seuil3"": 4, ""Seuil4"": 6}",True,True,1
53,4,1,weighted_greedy,8-6-6-6,8,-3,8,0,8,EF4,EF,4,4,3,4,0,False,rpe_max,True,1.5,0.0,0.3333333333333333,0.0,1.833333333333333,-2.220446049250313e-16,2.0,3.8333333333333335,4,-11,0,0,1,1,-4,0,-6,-6,False,14,0.125,,False,illegal,,9,8-6-6-6,31,5,"{""EF1"": 1, ""EF2"": 4, ""EF3"": 2, ""Seuil3"": 4, ""Seuil4"": 1}",True,True,1
53,4,2,weighted_greedy,8-6-6-6,8,-3,8,3,5,EF4,EF,4,4,3,4,0,False,rpe_max,True,1.5,0.0,0.041666666666666685,-1.25,0.2916666666666665,-1.6653345369377348e-16,3.375,3.6666666666666665,7,-8,0,0,1,1,-4,0,-6,-6,False,14,0.125,,False,illegal,,9,8-6-6-6,31,5,"{""EF1"": 1, ""EF2"": 4, ""EF3"": 2, ""Seuil3"": 4, ""Seuil4"": 1}",False,False,9
53,4,2,weighted_greedy,8-6-6-6,8,-3,8,3,5,Seuil4,Seuil,4,4,3,4,1,False,rpe_max,True,1.5,1.5,0.041666666666666685,-1.25,1.791666666666667,2.220446049250313e-16,3.375,5.166666666666667,7,-8,0,0,1,1,-4,0,-6,-6,False,14,0.125,,False,illegal,,9,8-6-6-6,31,5,"{""EF1"": 1, ""EF2"": 4, ""EF3"": 2, ""Seuil3"": 4, ""Seuil4"": 1}",False,False,4
53,4,2,weighted_greedy,8-6-6-6,8,-3,8,3,5,Spec4,Spec,4,4,3,4,1,False,rpe_max,True,1.5,1.5,0.041666666666666685,-1.25,1.791666666666667,2.220446049250313e-16,3.375,5.166666666666667,7,-8,0,0,1,1,-4,0,-6,-6,False,14,0.125,,False,illegal,,9,8-6-6-6,31,5,"{""EF1"": 1, ""EF2"": 4, ""EF3"": 2, ""Seuil3"": 4, ""Seuil4"": 1}",False,False,5
53,6,2,weighted_greedy,8-6-6-6-6,8,-7,15,4,11,Seuil5,Seuil,5,5,4,5,1,False,rpe_max,True,0.9999999999999998,1.5,0.03125,0.0,2.53125,0.0,3.05,5.58125,9,-10,0,0,1,1,-4,0,-10,-8,False,16,0.125,,False,illegal,,10,8-6-6-6-6,50,7,"{""EF1"": 1, ""EF2"": 5, ""EF3"": 4, ""EF4"": 1, ""Seuil3"": 5, ""Seuil4"": 2}",True,True,1
53,6,4,weighted_greedy,8-6-6-6-6,8,-7,15,9,6,Seuil5,Seuil,5,5,4,5,1,False,rpe_max,True,1.0,1.5,0.03125,-1.75,0.78125,0.0,5.4875,6.26875,14,-5,0,0,1,1,-2,2,-8,-8,False,16,0.125,,False,illegal,,10,8-6-6-6-6,50,7,"{""EF1"": 1, ""EF2"": 5, ""EF3"": 4, ""EF4"": 1, ""Seuil3"": 5, ""Seuil4"": 2}",False,False,3
53,12,2,long_run_sl,8-8-8-6-6-6,8,-8,16,5,11,SL7,SL,7,7,6,7,1,False,rpe_max,True,1.3125,1.5,0.04166666666666666,0.0,2.854166666666667,4.440892098500626e-16,3.1458333333333335,6.0,12,-12,0,0,1,1,-4,0,-11,-8,False,16,0.125,,False,not_highest_rpe_sl,,14,8-8-8-6-6-6,129,15,"{""EF1"": 2, ""EF2"": 7, ""EF3"": 4, ""EF4"": 3, ""EF5"": 5, ""SL5"": 2, ""SL6"": 2, ""SL7"": 1, ""Seuil3"": 5, ""Seuil4"": 5}",True,True,1
53,14,2,long_run_sl,8-8-8-8-6-6,8,-8,25,5,20,SL8,SL,8,8,7,8,1,False,rpe_max,True,0.96,1.5,0.053571428571428575,0.0,2.513571428571429,4.440892098500626e-16,2.7785714285714285,5.292142857142857,13,-12,0,0,1,1,-4,0,-11,-8,False,16,0.125,,False,not_highest_rpe_sl,,15,8-8-8-8-6-6,164,18,"{""EF1"": 2, ""EF2"": 8, ""EF3"": 6, ""EF4"": 3, ""EF5"": 7, ""SL5"": 2, ""SL6"": 3, ""SL7"": 2, ""Seuil3"": 5, ""Seuil4"": 6}",True,True,1
54,6,2,long_run_sl,8-6-6-6-6,8,-2,18,5,13,SL6,SL,6,6,5,6,1,False,rpe_max,True,1.0,1.5,0.025000000000000022,-1.25,1.275,0.0,3.0833333333333335,4.358333333333333,11,-8,0,0,1,1,-4,0,-5,-5,False,13,0.125,,False,not_highest_rpe_sl,,12,8-6-6-6-6,60,7,"{""EF2"": 2, ""EF3"": 4, ""EF4"": 2, ""EF5"": 2, ""SL5"": 2, ""Seuil3"": 4, ""Seuil4"": 1}",False,False,2
54,8,2,long_run_sl,8-8-6-6-6,8,-8,17,5,12,SL6,SL,6,6,5,6,1,False,rpe_max,True,1.058823529411765,1.5,0.025000000000000022,-0.75,1.8338235294117653,4.440892098500626e-16,3.1323529411764706,4.966176470588236,11,-9,0,0,1,1,-4,0,-11,-8,False,16,0.125,,False,not_highest_rpe_sl,,12,8-8-6-6-6,81,9,"{""EF2"": 2, ""EF3"": 4, ""EF4"": 2, ""EF5"": 4, ""SL5"": 3, ""SL6"": 1, ""Seuil3"": 4, ""Seuil4"": 1}",False,False,2
54,10,2,long_run_sl,8-8-6-6-6-6,8,-8,22,5,17,SL7,SL,7,7,6,7,1,False,rpe_max,True,0.9545454545454545,1.5,0.04166666666666666,0.0,2.4962121212121215,4.440892098500626e-16,2.890151515151515,5.386363636363637,12,-11,0,0,1,1,-4,0,-11,-8,False,16,0.125,,False,not_highest_rpe_sl,,13,8-8-6-6-6-6,102,11,"{""EF2"": 2, ""EF3"": 4, ""EF4"": 2, ""EF5"": 6, ""SL5"": 4, ""SL6"": 2, ""Seuil3"": 4, ""Seuil4"": 1}",True,True,1
54,13,2,long_run_sl,8-8-8-8-6-6,8,-8,28,5,23,SL8,SL,8,8,7,8,1,False,rpe_max,True,0.8571428571428571,1.5,0.053571428571428575,0.0,2.4107142857142856,0.0,2.7142857142857144,5.125,13,-12,0,0,1,1,-4,0,-11,-8,False,16,0.125,,False,not_highest_rpe_sl,,15,8-8-8-8-6-6,167,17,"{""EF2"": 5, ""EF3"": 4, ""EF4"": 5, ""EF5"": 9, ""SL5"": 4, ""SL6"": 3, ""SL7"": 2, ""Seuil3"": 4, ""Seuil4"": 4}",True,True,1
54,16,2,long_run_sl,8-8-8-8-6-6,8,-8,23,5,18,SL9,SL,9,9,8,9,1,False,rpe_max,True,1.173913043478261,1.5,0.0625,0.0,2.7364130434782608,0.0,2.8084239130434785,5.544836956521739,14,-11,0,0,1,1,-4,0,-11,-8,False,16,0.125,,False,not_highest_rpe_sl,,16,8-8-8-8-6-6,224,23,"{""EF2"": 7, ""EF3"": 5, ""EF4"": 5, ""EF5"": 12, ""SL5"": 4, ""SL6"": 3, ""SL7"": 3, ""SL8"": 2, ""Seuil3"": 4, ""Seuil4"": 7}",True,True,1
55,11,2,long_run_sl,8-8-8-6-6-6,8,-8,26,5,21,SL8,SL,8,8,7,8,1,False,rpe_max,True,0.923076923076923,1.5,0.053571428571428575,0.0,2.476648351648352,4.440892098500626e-16,2.7554945054945055,5.232142857142857,13,-11,0,0,1,1,-4,0,-11,-8,False,16,0.125,,False,not_highest_rpe_sl,,15,8-8-8-6-6-6,121,12,"{""EF1"": 1, ""EF2"": 5, ""EF3"": 4, ""EF4"": 3, ""EF5"": 6, ""SL5"": 2, ""SL6"": 2, ""SL7"": 2, ""Seuil3"": 4, ""Seuil4"": 2}",True,True,1
55,14,2,long_run_sl,8-8-8-8-6-6,8,-8,24,5,19,SL9,SL,9,9,8,9,1,False,rpe_max,True,1.125,1.5,0.0625,0.0,2.6875,0.0,2.78125,5.46875,14,-11,0,0,1,1,-4,0,-11,-8,False,16,0.125,,False,not_highest_rpe_sl,,16,8-8-8-8-6-6,184,18,"{""EF1"": 2, ""EF2"": 7, ""EF3"": 4, ""EF4"": 5, ""EF5"": 9, ""SL5"": 2, ""SL6"": 2, ""SL7"": 3, ""SL8"": 2, ""Seuil3"": 4, ""Seuil4"": 5}",True,True,1
55,15,2,long_run_sl,8-8-8-8-6-6,8,-8,23,5,18,SL6,SL,6,6,5,6,1,False,rpe_max,True,0.7826086956521741,1.5,0.025000000000000022,0.0,2.307608695652174,0.0,2.9021739130434785,5.209782608695653,11,-14,0,0,1,1,-4,0,-11,-8,False,16,0.125,,False,not_highest_rpe_sl,,16,8-8-8-8-6-6,203,20,"{""EF1"": 2, ""EF2"": 8, ""EF3"": 4, ""EF4"": 5, ""EF5"": 10, ""SL5"": 2, ""SL6"": 2, ""SL7"": 3, ""SL8"": 3, ""Seuil3"": 4, ""Seuil4"": 6}",True,True,4
55,15,2,long_run_sl,8-8-8-8-6-6,8,-8,23,5,18,SL7,SL,7,7,5,7,1,False,rpe_max,True,0.9130434782608694,1.5,0.04999999999999999,0.0,2.463043478260869,-4.440892098500626e-16,2.9021739130434785,5.3652173913043475,12,-13,0,0,2,2,-4,0,-10,-8,False,16,0.25,,False,not_highest_rpe_sl,,16,8-8-8-8-6-6,203,20,"{""EF1"": 2, ""EF2"": 8, ""EF3"": 4, ""EF4"": 5, ""EF5"": 10, ""SL5"": 2, ""SL6"": 2, ""SL7"": 3, ""SL8"": 3, ""Seuil3"": 4, ""Seuil4"": 6}",True,True,3
55,15,2,long_run_sl,8-8-8-8-6-6,8,-8,23,5,18,SL8,SL,8,8,5,8,1,False,rpe_max,True,1.0434782608695652,1.5,0.07500000000000001,0.0,2.6184782608695656,4.440892098500626e-16,2.9021739130434785,5.520652173913043,13,-12,0,0,3,3,-4,0,-9,-8,False,16,0.375,,False,not_highest_rpe_sl,,16,8-8-8-8-6-6,203,20,"{""EF1"": 2, ""EF2"": 8, ""EF3"": 4, ""EF4"": 5, ""EF5"": 10, ""SL5"": 2, ""SL6"": 2, ""SL7"": 3, ""SL8"": 3, ""Seuil3"": 4, ""Seuil4"": 6}",True,True,2
55,15,2,long_run_sl,8-8-8-8-6-6,8,-8,23,5,18,SL9,SL,9,9,5,9,1,False,rpe_max,True,1.173913043478261,1.5,0.09999999999999998,0.0,2.7739130434782613,4.440892098500626e-16,2.9021739130434785,5.676086956521739,14,-11,0,0,4,4,-4,0,-8,-8,False,16,0.5,,False,not_highest_rpe_sl,,16,8-8-8-8-6-6,203,20,"{""EF1"": 2, ""EF2"": 8, ""EF3"": 4, ""EF4"": 5, ""EF5"": 10, ""SL5"": 2, ""SL6"": 2, ""SL7"": 3, ""SL8"": 3, ""Seuil3"": 4, ""Seuil4"": 6}",True,True,1
55,16,2,long_run_sl,8-8-8-8-6-6,8,-8,24,5,19,SL9,SL,9,9,8,9,1,False,rpe_max,True,1.125,1.5,0.0625,0.0,2.6875,0.0,2.78125,5.46875,14,-11,0,0,1,1,-4,0,-11,-8,False,16,0.125,,False,not_highest_rpe_sl,,16,8-8-8-8-6-6,226,22,"{""EF1"": 2, ""EF2"": 8, ""EF3"": 4, ""EF4"": 6, ""EF5"": 12, ""SL5"": 3, ""SL6"": 2, ""SL7"": 3, ""SL8"": 3, ""Seuil3"": 4, ""Seuil4"": 7}",True,True,1
56,8,2,long_run_sl,8-8-6-6-6,8,-8,14,5,9,SL6,SL,6,6,5,6,1,False,rpe_max,True,1.2857142857142858,1.5,0.025000000000000022,-0.75,2.060714285714286,0.0,3.321428571428571,5.382142857142857,11,-9,0,0,1,1,-4,0,-11,-8,False,16,0.125,,False,not_highest_rpe_sl,,13,8-8-6-6-6,79,8,"{""EF1"": 2, ""EF2"": 4, ""EF3"": 3, ""EF4"": 3, ""EF5"": 3, ""SL5"": 2, ""SL6"": 1, ""Seuil3"": 3, ""Seuil4"": 2}",False,False,2
56,10,2,long_run_sl,8-8-6-6-6-6,8,-8,21,5,16,SL7,SL,7,7,6,7,1,False,rpe_max,True,1.0,1.5,0.04166666666666666,0.0,2.541666666666667,4.440892098500626e-16,2.9226190476190474,5.464285714285714,12,-11,0,0,1,1,-4,0,-11,-8,False,16,0.125,,False,not_highest_rpe_sl,,14,8-8-6-6-6-6,100,10,"{""EF1"": 2, ""EF2"": 4, ""EF3"": 3, ""EF4"": 3, ""EF5"": 5, ""SL5"": 3, ""SL6"": 2, ""Seuil3"": 3, ""Seuil4"": 2}",True,True,1
56,12,2,long_run_sl,8-8-8-6-6-6,8,-8,14,5,9,SL7,SL,7,7,6,7,1,False,rpe_max,True,1.4999999999999998,1.5,0.04166666666666666,0.0,3.0416666666666665,0.0,3.2797619047619047,6.321428571428571,12,-12,0,0,1,1,-4,0,-11,-8,False,16,0.125,,False,not_highest_rpe_sl,,14,8-8-8-6-6-6,143,14,"{""EF1"": 2, ""EF2"": 6, ""EF3"": 3, ""EF4"": 5, ""EF5"": 7, ""SL5"": 3, ""SL6"": 3, ""SL7"": 1, ""Seuil3"": 3, ""Seuil4"": 4}",True,True,1
56,16,2,long_run_sl,8-8-8-8-6-6,8,-8,24,5,19,SL6,SL,6,6,5,6,1,False,rpe_max,True,0.75,1.5,0.025000000000000022,0.0,2.2750000000000004,4.440892098500626e-16,2.875,5.15,11,-14,0,0,1,1,-4,0,-11,-8,False,16,0.125,,False,not_highest_rpe_sl,,16,8-8-8-8-6-6,217,21,"{""EF1"": 2, ""EF2"": 9, ""EF3"": 4, ""EF4"": 6, ""EF5"": 11, ""SL5"": 3, ""SL6"": 4, ""SL7"": 2, ""SL8"": 2, ""Seuil3"": 3, ""Seuil4"": 7}",True,True,4
56,16,2,long_run_sl,8-8-8-8-6-6,8,-8,24,5,19,SL7,SL,7,7,5,7,1,False,rpe_max,True,0.875,1.5,0.04999999999999999,0.0,2.425,0.0,2.875,5.3,12,-13,0,0,2,2,-4,0,-10,-8,False,16,0.25,,False,not_highest_rpe_sl,,16,8-8-8-8-6-6,217,21,"{""EF1"": 2, ""EF2"": 9, ""EF3"": 4, ""EF4"": 6, ""EF5"": 11, ""SL5"": 3, ""SL6"": 4, ""SL7"": 2, ""SL8"": 2, ""Seuil3"": 3, ""Seuil4"": 7}",True,True,3
56,16,2,long_run_sl,8-8-8-8-6-6,8,-8,24,5,19,SL8,SL,8,8,5,8,1,False,rpe_max,True,1.0,1.5,0.07500000000000001,0.0,2.575,0.0,2.875,5.45,13,-12,0,0,3,3,-4,0,-9,-8,False,16,0.375,,False,not_highest_rpe_sl,,16,8-8-8-8-6-6,217,21,"{""EF1"": 2, ""EF2"": 9, ""EF3"": 4, ""EF4"": 6, ""EF5"": 11, ""SL5"": 3, ""SL6"": 4, ""SL7"": 2, ""SL8"": 2, ""Seuil3"": 3, ""Seuil4"": 7}",True,True,2
56,16,2,long_run_sl,8-8-8-8-6-6,8,-8,24,5,19,SL9,SL,9,9,5,9,1,False,rpe_max,True,1.125,1.5,0.09999999999999998,0.0,2.7249999999999996,-4.440892098500626e-16,2.875,5.6,14,-11,0,0,4,4,-4,0,-8,-8,False,16,0.5,,False,not_highest_rpe_sl,,16,8-8-8-8-6-6,217,21,"{""EF1"": 2, ""EF2"": 9, ""EF3"": 4, ""EF4"": 6, ""EF5"": 11, ""SL5"": 3, ""SL6"": 4, ""SL7"": 2, ""SL8"": 2, ""Seuil3"": 3, ""Seuil4"": 7}",True,True,1
57,8,2,long_run_sl,8-8-6-6-6,8,-4,15,5,10,SL6,SL,6,6,5,6,1,False,rpe_max,True,1.1999999999999997,1.5,0.025000000000000022,-0.75,1.9749999999999996,0.0,3.25,5.225,11,-9,0,0,1,1,-4,0,-7,-7,False,15,0.125,,False,not_highest_rpe_sl,,13,8-8-6-6-6,89,9,"{""EF2"": 3, ""EF3"": 3, ""EF4"": 4, ""EF5"": 4, ""SL5"": 2, ""SL6"": 2, ""Seuil3"": 4, ""Seuil4"": 1}",False,False,2
57,8,2,long_run_sl,8-8-6-6-6,8,-4,15,5,10,SL7,SL,7,7,5,7,1,False,rpe_max,True,1.4000000000000004,1.5,0.04999999999999999,-1.25,1.7000000000000002,-2.220446049250313e-16,3.25,4.95,12,-8,0,0,2,2,-4,0,-6,-6,False,14,0.25,,False,not_highest_rpe_sl,,13,8-8-6-6-6,89,9,"{""EF2"": 3, ""EF3"": 3, ""EF4"": 4, ""EF5"": 4, ""SL5"": 2, ""SL6"": 2, ""Seuil3"": 4, ""Seuil4"": 1}",False,False,3
57,10,2,long_run_sl,8-8-8-6-6-6,8,-8,27,5,22,SL7,SL,7,7,6,7,1,False,rpe_max,True,0.7777777777777777,1.5,0.04166666666666666,0.0,2.319444444444444,0.0,2.763888888888889,5.083333333333333,12,-12,0,0,1,1,-4,0,-11,-8,False,16,0.125,,False,not_highest_rpe_sl,,13,8-8-8-6-6-6,118,12,"{""EF2"": 3, ""EF3"": 3, ""EF4"": 5, ""EF5"": 6, ""SL5"": 3, ""SL6"": 2, ""SL7"": 1, ""Seuil3"": 5, ""Seuil4"": 1}",True,True,1
57,14,2,long_run_sl,8-8-8-8-6-6,8,-8,28,5,23,SL7,SL,7,7,6,7,1,False,rpe_max,True,0.7499999999999999,1.5,0.04166666666666666,0.0,2.2916666666666665,0.0,2.744047619047619,5.035714285714286,12,-13,0,0,1,1,-4,0,-11,-8,False,16,0.125,,False,not_highest_rpe_sl,,16,8-8-8-8-6-6,194,20,"{""EF2"": 7, ""EF3"": 4, ""EF4"": 5, ""EF5"": 10, ""SL5"": 3, ""SL6"": 3, ""SL7"": 2, ""SL8"": 2, ""Seuil3"": 5, ""Seuil4"": 5}",True,True,3
57,14,2,long_run_sl,8-8-8-8-6-6,8,-8,28,5,23,SL8,SL,8,8,6,8,1,False,rpe_max,True,0.8571428571428571,1.5,0.06249999999999997,0.0,2.419642857142857,0.0,2.744047619047619,5.163690476190476,13,-12,0,0,2,2,-4,0,-10,-8,False,16,0.25,,False,not_highest_rpe_sl,,16,8-8-8-8-6-6,194,20,"{""EF2"": 7, ""EF3"": 4, ""EF4"": 5, ""EF5"": 10, ""SL5"": 3, ""SL6"": 3, ""SL7"": 2, ""SL8"": 2, ""Seuil3"": 5, ""Seuil4"": 5}",True,True,2
57,14,2,long_run_sl,8-8-8-8-6-6,8,-8,28,5,23,SL9,SL,9,9,6,9,1,False,rpe_max,True,0.9642857142857143,1.5,0.08333333333333334,0.0,2.547619047619047,-4.440892098500626e-16,2.744047619047619,5.291666666666667,14,-11,0,0,3,3,-4,0,-9,-8,False,16,0.375,,False,not_highest_rpe_sl,,16,8-8-8-8-6-6,194,20,"{""EF2"": 7, ""EF3"": 4, ""EF4"": 5, ""EF5"": 10, ""SL5"": 3, ""SL6"": 3, ""SL7"": 2, ""SL8"": 2, ""Seuil3"": 5, ""Seuil4"": 5}",True,True,1
57,15,2,long_run_sl,8-8-8-8-6-6,8,-8,23,5,18,SL9,SL,9,9,8,9,1,False,rpe_max,True,1.173913043478261,1.5,0.0625,0.0,2.7364130434782608,0.0,2.8084239130434785,5.544836956521739,14,-11,0,0,1,1,-4,0,-11,-8,False,16,0.125,,False,not_highest_rpe_sl,,16,8-8-8-8-6-6,213,22,"{""EF2"": 7, ""EF3"": 4, ""EF4"": 6, ""EF5"": 11, ""SL5"": 3, ""SL6"": 4, ""SL7"": 2, ""SL8"": 2, ""Seuil3"": 5, ""Seuil4"": 6}",True,True,1
57,16,2,long_run_sl,8-8-8-8-6-6,8,-8,25,5,20,SL8,SL,8,8,7,8,1,False,rpe_max,True,0.96,1.5,0.053571428571428575,0.0,2.513571428571429,4.440892098500626e-16,2.7785714285714285,5.292142857142857,13,-12,0,0,1,1,-4,0,-11,-8,False,16,0.125,,False,not_highest_rpe_sl,,16,8-8-8-8-6-6,236,24,"{""EF2"": 8, ""EF3"": 4, ""EF4"": 7, ""EF5"": 12, ""SL5"": 3, ""SL6"": 4, ""SL7"": 2, ""SL8"": 3, ""Seuil3"": 5, ""Seuil4"": 7}",True,True,2
57,16,2,long_run_sl,8-8-8-8-6-6,8,-8,25,5,20,SL9,SL,9,9,7,9,1,False,rpe_max,True,1.08,1.5,0.07142857142857142,0.0,2.6514285714285712,-4.440892098500626e-16,2.7785714285714285,5.43,14,-11,0,0,2,2,-4,0,-10,-8,False,16,0.25,,False,not_highest_rpe_sl,,16,8-8-8-8-6-6,236,24,"{""EF2"": 8, ""EF3"": 4, ""EF4"": 7, ""EF5"": 12, ""SL5"": 3, ""SL6"": 4, ""SL7"": 2, ""SL8"": 3, ""Seuil3"": 5, ""Seuil4"": 7}",True,True,1
58,9,2,long_run_sl,8-8-6-6-6,8,-8,17,5,12,SL6,SL,6,6,5,6,1,False,rpe_max,True,1.058823529411765,1.5,0.025000000000000022,-0.75,1.8338235294117653,4.440892098500626e-16,3.1323529411764706,4.966176470588236,11,-9,0,0,1,1,-4,0,-11,-8,False,16,0.125,,False,not_highest_rpe_sl,,13,8-8-6-6-6,90,8,"{""EF1"": 2, ""EF2"": 4, ""EF3"": 3, ""EF4"": 4, ""EF5"": 4, ""SL5"": 2, ""SL6"": 2, ""Seuil3"": 3, ""Seuil4"": 1}",False,False,2
58,9,2,long_run_sl,8-8-6-6-6,8,-8,17,5,12,SL7,SL,7,7,5,7,1,False,rpe_max,True,1.2352941176470589,1.5,0.04999999999999999,-1.25,1.5352941176470591,2.220446049250313e-16,3.1323529411764706,4.66764705882353,12,-8,0,0,2,2,-4,0,-10,-8,False,16,0.25,,False,not_highest_rpe_sl,,13,8-8-6-6-6,90,8,"{""EF1"": 2, ""EF2"": 4, ""EF3"": 3, ""EF4"": 4, ""EF5"": 4, ""SL5"": 2, ""SL6"": 2, ""Seuil3"": 3, ""Seuil4"": 1}",False,False,3
58,10,1,long_run_ef,8-8-6-6-6-6,8,-8,15,0,15,EF5,EF,5,5,4,5,0,False,rpe_max,True,1.0,0.0,0.3125,0.0,1.3125,0.0,2.0,3.3125,5,-18,0,0,1,1,-4,0,-11,-8,False,16,0.125,,False,not_highest_rpe_ef,,13,8-8-6-6-6-6,100,9,"{""EF1"": 2, ""EF2"": 4, ""EF3"": 3, ""EF4"": 4, ""EF5"": 5, ""SL5"": 3, ""SL6"": 2, ""Seuil3"": 3, ""Seuil4"": 1}",True,True,1
